mag_x,mag_y,mag_z,azimuth,elevation
1.414180880795283,-12.695316716591105,-62.16857330374973,0.0,6.453032334659306
1.412269710876781,-12.69750091078368,-62.16557003673494,0.01785594753555131,6.43649788010726
1.411596988904181,-12.698269735895222,-62.16451290220657,0.0014396657657300693,6.40488515531994
1.4087807837222717,-12.692513583860913,-62.18163403530501,-0.006878291689915272,6.408692086223958
1.4089500707142442,-12.691836435893023,-62.17977187839331,-0.053347561928504206,6.375277868008083
1.410297549724172,-12.686446519853313,-62.16494960928411,-0.03736008841015348,6.3521585503424065
1.4103814070543212,-12.68310546875,-62.14749625884753,-0.07841482993282511,6.352468267128004
1.4103113880106533,-12.68310546875,-62.14672604936719,-0.05186198494155292,6.308086801417604
1.4088644222674847,-12.68310546875,-62.13080942619233,-0.017027105522117836,6.322199960977222
1.4552022498461814,-12.648792430384646,-62.12980280198079,-0.014589779698439997,6.337654323747041
1.441405250501643,-12.673820129013144,-62.126463177919405,-0.05039028714739402,6.332896362938054
1.4416561771944354,-12.675827542555483,-62.12688138907406,-0.04967441713246501,6.300538428549926
1.4457405363986455,-12.672717592194244,-62.11892660680068,-0.03961847120767459,6.3491524261654435
1.4471532745293199,-12.67872172924961,-62.11822023773534,-0.03234202720315693,6.292953013991917
1.44778479172868,-12.68140567734689,-62.11790447913566,-0.0723006205435297,6.366917939291919
1.4480518524542354,-12.71240234375,-62.11285255799085,-0.024070752385597416,6.36679547041298
1.425393509934036,-12.698698907078494,-62.103050336920845,-0.03322991451526036,6.361660684096754
1.4255661405602573,-12.672262387860606,-62.103128237139394,-0.4313314982089196,5.600509062269818
1.42643675800286,-12.671233476337529,-62.10415714866247,-0.46079848955970704,5.590608323625763
1.4357909965380933,-12.660178467159525,-62.115212157840475,-0.41332165137598054,5.578303913444213
1.42937467793343,-12.66619175515545,-62.1297852233472,-0.43370764853190735,5.574679205614343
1.389168756984166,-12.716689855972291,-62.14112188198417,-0.38370627256610135,5.576116511266117
1.3954408192545171,-12.727665964945405,-62.14739394425452,-0.37056671316433665,5.559039970106791
1.3974483923731322,-12.721780048514942,-62.159041691104456,-0.37094437175203154,5.574605307382374
1.3976051746830747,-12.720525790035403,-62.16076629651382,-0.3837545368325834,5.49938883596816
1.3984375762621695,-12.713866577402644,-62.169922713883864,-0.35121993672942153,5.523368602329753
1.3951786115328444,-12.703403390494978,-62.18278730818431,-0.29480567131413693,5.5243176714050435
1.4013671875,-12.699208524948006,-62.2314453125,-0.2650610659529917,5.494591007792185
1.4013671875,-12.699508623220561,-62.2314453125,-0.2746517678174456,5.4945162374468035
1.4013671875,-12.705489228117829,-62.2314453125,-0.23242419653210789,5.502809186757644
1.408224364042388,-12.70237664884321,-62.216016665279625,-0.27413545565650566,5.481198583608302
1.419058017488218,-12.702837047496073,-62.18437617378731,-0.27963214522803526,5.498813421124204
1.4201877431773344,-12.703213622725778,-62.180798709105105,-0.2711500095437174,5.486550304677697
1.4234888638706005,-12.70141030719296,-62.1722554820176,-0.27536512167625915,5.463238192831117
1.416206106363832,-12.689757895182131,-62.20138651204467,-0.2893066755280955,5.468197450624339
1.4123902645410669,-12.6890987376268,-62.21664987933573,-0.2808707348338686,5.449160449397424
1.4121920632942537,-12.691458759357662,-62.214618015538306,-0.30239569131860833,5.470100169564823
1.4124863826263667,-12.691066333581512,-62.21265588665756,-0.2899004493207826,5.478280409995894
1.4171978823509914,-12.684784333948679,-62.18124588849339,-0.31068063646334565,5.464007348200773
1.4243505572020712,-12.686641584321242,-62.16695803654793,-0.32497274118570374,5.486948565266246
1.422365047381339,-12.694302561222042,-62.15843146055169,-0.22589946088594104,5.423694648204346
1.3895213713245578,-12.699768221377813,-62.15023296376065,-0.3327477902297744,5.524384396024068
1.3887888548906377,-12.698512478919664,-62.15012831855581,-0.333906922244779,5.506202185494906
1.3773767489617852,-12.678948868755917,-62.148498017708825,-0.23222984441567007,5.430466338669207
1.3902968677684358,-12.683609418389386,-62.10188279803687,-0.3246063242344803,5.521379243469883
1.3844380647150272,-12.703651543797925,-62.10810913976295,-0.25372339735513094,5.57463907038242
1.3838152709755471,-12.705395366268469,-62.109230168494015,-0.2746878850955454,5.548472951586173
1.3769171530321291,-12.724249655321291,-62.12104245173194,-0.30103451524344393,5.569645380124413
1.3865197278071464,-12.712203321557146,-62.116982294985725,-0.2548463459430508,5.524780217704145
1.3888267688203468,-12.714510362570346,-62.12313440435426,-0.22029666881655885,5.502122443232789
1.3893786468060076,-12.715040391500407,-62.123892343166396,-0.2030743956954808,5.471589777486016
1.403426144991633,-12.72768313986747,-62.11546384425502,-0.24789191148914824,5.514303970469339
1.4108659240783916,-12.733656729133124,-62.11163191222634,-0.23074090569396333,5.563381772250812
1.400600010912408,-12.721679830439475,-62.12018683986466,-0.25383539466038485,5.53382651711522
1.3997141945597398,-12.72064637802803,-62.12092502015855,-0.26591426699468457,5.534276890020703
1.3766839861046585,-12.718570749574845,-62.11377963586118,-0.24459041647017443,5.541581033582372
1.3762972774816746,-12.719102473931448,-62.11440803737353,-0.26441296341592135,5.5485132716296794
1.3615485780414744,-12.739381935661722,-62.13837467396385,-0.2862952754096568,5.521753284233194
1.360899732055286,-12.740274098892732,-62.13942904869141,-0.27050490590903564,5.506852701699847
1.4016694127665876,-12.664059260219194,-62.16301173109202,-0.2533649569905094,5.5185202579409625
1.4140036787108567,-12.685241068846567,-62.15504985205114,-0.25683064720576,5.533713079125614
1.4148212462173635,-12.696278230184406,-62.15137079827186,-0.28766152793632216,5.544249119668504
1.422557811717968,-12.732028903903904,-62.17870702733984,-0.26814725179627885,5.497161263772164
1.4228823007034812,-12.733002370860444,-62.18032947226741,-0.2882794801320756,5.489392578734072
1.4388970423314027,-12.717706572948497,-62.1770610451495,-0.24547640317976516,5.498083903929465
1.4519209703147116,-12.698184564783483,-62.1755780586518,-0.2645704981563739,5.48584722523962
1.4498629235917595,-12.698342876069864,-62.177477794088375,-0.277576486902646,5.463882999165316
1.4274033524781857,-12.69451795382635,-62.20214018496728,-0.2964802050062616,5.484377427912281
1.43037426425792,-12.68411976259728,-62.20659655263688,-0.2505738936264521,5.485467033397457
1.435580482664266,-12.683597110766426,-62.20408139790144,-0.24486695821765636,5.52808081345845
1.4476610520848117,-12.68480516770848,-62.19683305624911,-0.2667677489789071,5.485709613290944
1.4586400100080281,-12.681094518739965,-62.17101150245183,-0.3066164163246725,5.497113430649417
1.4652311341870772,-12.67605153305954,-62.136888135996614,-0.2528903685417845,5.444252914479017
1.4653881918065161,-12.677150936395615,-62.13814459695213,-0.28584595081443354,5.475131132886365
1.468285360443361,-12.697431116853526,-62.16132194604689,-0.2960835608704713,5.484459171688012
1.4528948044007588,-12.726755826220561,-62.13918804630152,-0.3141082674216449,5.498509808900748
1.4523757303322262,-12.726291542216476,-62.13848206524162,-0.33027232667788553,5.491530763125284
1.4246291185737798,-12.660447095512202,-62.12144488785244,-0.3370179580232673,5.529295228072868
1.4242493043224047,-12.664245238025954,-62.12220451635519,-0.3284689961124485,5.566998600932457
1.4043841318715282,-12.725847112730321,-62.10301001145255,-0.31526337461664866,5.5385191385430925
1.4085275101929786,-12.69960571669447,-62.109915641988295,-0.32003331244371225,5.529317364101287
1.408652044734792,-12.69881699792965,-62.11012319955799,-0.2452950765191133,5.6129682073140685
1.4019888226039072,-12.695297455278125,-62.127465797905465,-0.28339372852562406,5.571014053261449
1.3926395643625828,-12.703703823468542,-62.11468142073676,-0.24747069762526053,5.610145866900637
1.3771877411265432,-12.709826871141976,-62.120109953703704,-0.2273896538475384,5.647655042432152
1.376393309542181,-12.710280832047324,-62.120961130401234,-0.19172743184438445,5.620130108546235
1.3626921778549383,-12.718110050154321,-62.13564091435185,-0.2354543068266679,5.63448154790446
1.378695314291559,-12.695100057753345,-62.14012049292627,-0.1729549086333435,5.6399548865502265
1.3694692961770778,-12.673563231760964,-62.144607849616776,-0.13388518455769827,5.649538191336603
1.3366851238525486,-12.701628164184534,-62.161705953173815,-0.11804257804622864,5.567769917651182
1.3288674425722948,-12.748025301515328,-62.18287288091238,-0.0683009885930943,5.674620520749905
1.367137396513526,-12.708015804213131,-62.18461242427334,-0.07896578666969845,5.650215770253185
1.3684742486298973,-12.706618186091472,-62.18467319027863,-0.07007552507521098,5.585759392373156
1.3592388017287493,-12.6938173899675,-62.177185561185,-0.035550308082733295,5.581854744276206
1.3932061478485658,-12.699616801826217,-62.16629869131504,-0.026938685301658438,5.652180132033952
1.3883631908526182,-12.697488251117539,-62.16011322098508,-0.06889978093549587,5.609379434970421
1.3818359375,-12.6953125,-62.15576171875,-0.08387570788070775,5.630486390789229
1.3818359375,-12.6953125,-62.15576171875,-0.10908038094657968,5.6322465100081365
1.3779435247684928,-12.693755534907398,-62.14953385837959,-0.07652548709383211,5.5736683180462405
1.3703293952685114,-12.690709883107404,-62.137351251179616,-0.08806767892733092,5.654715837578879
1.394213752661818,-12.67967381719483,-62.11779183394113,-0.11921575631292569,5.605463625042931
1.4215645968859532,-12.691934452446377,-62.12123713890106,-0.09672152388618827,5.662423811881162
1.429547583725584,-12.687214464609344,-62.12688174115234,-0.16742016974048113,5.633421590188256
1.4294848524655155,-12.686210764448248,-62.12663081611206,-0.15291537300025482,5.654257996740923
1.4292459153419126,-12.66942648863971,-62.11578356306249,-0.1991090231125554,5.6272551212412605
1.4344170392537219,-12.68666356834574,-62.086480527562244,-0.2077549465157773,5.639760520479593
1.4466500249219834,-12.699312207437586,-62.11116694478155,-0.1987084922960065,5.655093265083206
1.4544226463146013,-12.699976819604867,-62.1240234375,-0.1901980420128666,5.706247448321038
1.429129492597071,-12.69154576836569,-62.1240234375,-0.20177771214306972,5.628487831429653
1.4122631384684314,-12.690821729519348,-62.128921516696536,-0.20958360376900487,5.669579965627777
1.4124276139283556,-12.691589281665658,-62.12963424368954,-0.20463584423012549,5.646766134971861
1.4172563603925548,-12.714123431831922,-62.150558811701075,-0.18365379340694687,5.64002506484488
1.4007770267916853,-12.68436655358337,-62.159690608629624,-0.17132442011923388,5.660056355310845
1.4213213850907873,-12.673166827885181,-62.15803010913518,-0.15130825391085523,5.619116049540863
1.4307919156438416,-12.670035639063846,-62.1652525015477,-0.13133882915180095,5.667534552855333
1.4299352154661928,-12.669974446194013,-62.16592562311585,-0.16014666252299037,5.6293477493393524
1.4095953128433791,-12.682015630150687,-62.18442500068676,-0.16273873875294953,5.665484557479736
1.412338229539356,-12.706283542039357,-62.19071444543828,-0.15338229490863853,5.6281074452865685
1.4165684633000686,-12.710513775800068,-62.20199506880018,-0.14483354363345313,5.583100053242523
1.4160642257271026,-12.640618178063077,-62.209424055522895,-0.1232119611189546,5.628006471530861
1.4030663602416305,-12.69815125126035,-62.192206969905506,-0.08115217124343133,5.601829721158175
1.4026522849150547,-12.700037594414752,-62.19165486947007,-0.09829857235845907,5.604830141381981
1.39404296875,-12.72344955590069,-62.179046620064334,-0.041965888648832106,5.664215385001446
1.39404296875,-12.699143810747984,-62.142128489487895,-0.03614193914000907,5.624286380460716
1.399160469167223,-12.69775390625,-62.1337890625,-0.02649650683906657,5.637250205456511
1.4147449725240633,-12.702750948911214,-62.1337890625,-0.06158820484118621,5.654568806272818
1.417385543907545,-12.704304226195614,-62.1337890625,-0.07039631317628903,5.665741432471103
1.4180017966591851,-12.704666727814226,-62.1337890625,-0.061464105031134864,5.642842120262069
1.462041026246407,-12.698253491711661,-62.11478565849082,-0.08054563924554259,5.658269737241016
1.4535399176749921,-12.70093805231316,-62.12418162059606,-0.07989778396252234,5.655756034416478
1.4512407624106587,-12.701664101344003,-62.126722792204006,-0.10206565328205386,5.705196985574397
1.4498893780468265,-12.702090854301002,-62.12821642755351,-0.13773298329510908,5.673515176167224
1.4305466990496254,-12.707054722690074,-62.11198780618399,-0.1438703635080003,5.741804174037102
1.4180401812819008,-12.70894865935905,-62.07579074067285,-0.13827732926938552,5.69925845984337
1.4208361700365382,-12.70719983363953,-62.14348405974338,-0.1474791199530756,5.696584184613562
1.4204834325474962,-12.706925482259164,-62.14462065831918,-0.18113609981305956,5.703845552208965
1.4203552190915816,-12.70682576068234,-62.14503379056602,-0.14558102485163715,5.666471823226158
1.4104490742841342,-12.69912098138766,-62.17695359050112,-0.14770865722252324,5.728374188387994
1.385275046946927,-12.729081422138732,-62.152733374664344,-0.11971366225935753,5.699798927422713
1.3853719418078423,-12.729436703295422,-62.15228119864673,-0.10101103186352134,5.753212585853669
1.3733922505523113,-12.72710600030126,-62.16416859299685,-0.06759444989286578,5.723214671642685
1.3578153321746513,-12.712558740736279,-62.174425391198604,-0.08085379324892017,5.692064041746048
1.3576674496374816,-12.712041151856186,-62.17383386104993,-0.07987359265810312,5.667987750501514
1.3533558318141112,-12.723756998916555,-62.16471057443589,-0.04809768150087734,5.74835533042186
1.3533028901702329,-12.724445240286974,-62.164763516079766,-0.03243548860862688,5.71782356567541
1.36361810501097,-12.715238472026506,-62.15746985828748,-0.017152754342163234,5.663499011615113
1.3813862932802006,-12.688944327024496,-62.146075764231206,-0.0005210495242522484,5.637992351208172
1.4382576843269603,-12.7190951588942,-62.14698949788464,0.01049618649672368,5.667324453297712
1.4318306137772898,-12.724451051018924,-62.14270478418486,-0.004012136113601628,5.675323966168371
1.431580070808035,-12.724659836826637,-62.14253775553869,-0.0003395133488766078,5.639917743931625
1.455078125,-12.68669657930947,-62.12603427643649,-0.023649051496207107,5.6572231889012325
1.455078125,-12.684031979467562,-62.12514607648919,-0.030814863214658317,5.651818985991321
1.4529576853669366,-12.675204196743275,-62.11348611931183,-0.042019759451036975,5.678809915213807
1.4485335223661793,-12.694375569746557,-62.10168835130981,-0.06990677524886735,5.702999917482413
1.4678322841446714,-12.685274900996975,-62.085229731614405,-0.11522511053375695,5.666331192331445
1.4635500964890438,-12.68593369909784,-62.087535524967436,-0.13393244367848922,5.707913506520385
1.4624679990973606,-12.686100175619638,-62.08811819279373,-0.14145243742289892,5.676720346530258
1.4465508837979029,-12.69436603147867,-62.10474874143077,-0.10763947597659751,5.695510262159258
1.4405033569704284,-12.70494920342675,-62.12137944020632,-0.08129096752554688,5.731728548052259
1.4350303286718362,-12.710477483828164,-62.1283312297852,-0.04567011113347519,5.74983101922641
1.4227018950313237,-12.712853208132831,-62.14075595903509,-0.08836070147185637,5.683872528422091
1.420742386110859,-12.712363330902715,-62.1424705293405,-0.08516045334995681,5.703233282379563
1.4079891719876283,-12.698958195706698,-62.13830434420051,-0.03696894756288316,5.728344680341203
1.401267798209557,-12.699098845988054,-62.14753981206894,-0.01621298175594177,5.725109524464609
1.400088496104705,-12.687778343697415,-62.16452758594188,-0.016463800613422563,5.7214112696501545
1.3853255497665093,-12.698443894683964,-62.152617100700475,-0.024200720608490656,5.668906482975308
1.384880024065169,-12.700225997489323,-62.153953677804495,0.001955397735741826,5.681479895740178
1.3675072143225178,-12.699198409400763,-62.165271572291985,0.02897689552094107,5.665982531074438
1.3734508727862589,-12.70335897032538,-62.16051664552099,0.06197774616174456,5.6815912099064025
1.3752141996903955,-12.704593299158276,-62.159105983997684,0.041774638491204996,5.699234244380613
1.3778253484191472,-12.706421103268402,-62.157017065014685,0.06657930806862566,5.711636839873818
1.37939453125,-12.705015515212283,-62.15951774280658,0.08440257818571695,5.647753099045826
1.37939453125,-12.703530902914617,-62.161744661253074,0.05582277504250044,5.678235206622632
1.37939453125,-12.703325895753633,-62.16205217199455,0.04583472212215156,5.659592068630699
1.37939453125,-12.698899092771974,-62.16869237646704,0.08579250829870944,5.624074683273743
1.3853290040517883,-12.709622851853577,-62.165217492548436,0.03745081817261564,5.652493977791929
1.3955282555460355,-12.729455100558077,-62.15445282106799,0.06927639625668292,5.615920787019884
1.3864330900912374,-12.709748908739348,-62.15748454288625,0.016248939686505537,5.6456965245409965
1.404970275392847,-12.707512587546217,-62.16185481881933,0.0316122224604527,5.6165475723404
1.418118107416713,-12.705363051950028,-62.16246208671669,-0.023489716679463868,5.671125588983275
1.4170245856299555,-12.704706938877973,-62.162024678001984,-0.028026228227673755,5.644753831601924
1.4304975059220117,-12.690457446929665,-62.138769033003825,-0.07181052614733119,5.631372602446675
1.4493715866430408,-12.677075394314432,-62.091931848850514,-0.04483663724428766,5.682819422729666
1.4490264920217282,-12.676799318617382,-62.09096558391084,-0.056803057041406646,5.666484586489807
1.4455581477728305,-12.699934593248864,-62.104968411567356,-0.11370850297036839,5.607094386470616
1.443256762164441,-12.70263671875,-62.110017200503336,-0.100669271838143,5.593195910631741
1.4431205966454386,-12.70263671875,-62.11022144878184,-0.07363580329389663,5.639470658494515
1.411162651059621,-12.675808602012985,-62.1630362065673,-0.11557306620530028,5.608921663861026
1.4089504539305824,-12.676435957570826,-62.15806651279034,-0.11004808676011635,5.5743988551173675
1.3874218760247783,-12.683457031762389,-62.11431641701017,-0.044647327749387955,5.611022718853278
1.3895558487787922,-12.684524018139395,-62.136723130927315,-0.06745535169284267,5.573171192199494
1.3884060748194187,-12.689233976169902,-62.16115280593592,-0.05167301302991234,5.592783376615037
1.3846817564311353,-12.69353126661792,-62.164590638294335,-0.04136820099147087,5.559974837766093
1.36761931335034,-12.709758317389456,-62.189826809630105,0.00458280801815647,5.49237633319837
1.3801139287952022,-12.689766932677676,-62.19357519426356,0.08036992497653728,5.568441543968341
1.371085849672988,-12.73147428036571,-62.16404406590364,0.027266660324031022,5.4586544731850655
1.3657397224460992,-12.68673922943532,-62.14574067063142,0.07645770623705062,5.471764719003756
1.3661898825435437,-12.687279421552253,-62.1467310228458,0.10088616037882048,5.496993656966627
1.3725765289260343,-12.694943397211242,-62.16078164488727,0.06615730613565063,5.458396874506487
1.3743961588541667,-12.71240234375,-62.196261992872806,0.0876972403145686,5.511988767855873
1.3767138671875,-12.71240234375,-62.19577405427631,0.1301159026311609,5.4823064535027175
1.4015348307291666,-12.71240234375,-62.190548588267546,0.06235731091490493,5.473226520723477
1.417697515652335,-12.696424753954087,-62.17282454305759,0.08433276989127592,5.5426107462714445
1.4105732964863658,-12.68395737041364,-62.14967083076819,0.057706574222322615,5.545672392459571
1.4100663337524721,-12.683070185629326,-62.148023201883035,0.026320635031382267,5.444150654568956
1.4435295861287782,-12.69808315243939,-62.11524866634849,-0.027559248938899827,5.465075665728303
1.441302866466276,-12.698231952565823,-62.11293832621239,0.0032470694928576904,5.468639555324857
1.3998117114271822,-12.68584218505906,-62.12486609082087,-0.013451490154068324,5.490438213131093
1.4020790762190747,-12.686597973323025,-62.12577303673763,-0.03321495756320303,5.5157141321851855
1.422262867205699,-12.674033981772855,-62.12772550695523,-0.07839284840854077,5.458424963437979
1.4184590267596244,-12.673611332834403,-62.12547137928348,-0.05843874936765303,5.46498519722973
1.4170420153753218,-12.673453887125035,-62.12463166883352,-0.061491315339338826,5.518384807360422
1.4404296875,-12.699318474297364,-62.120705193047364,-0.10807610410135737,5.51193488143835
1.4404296875,-12.698784460053652,-62.12017117880365,-0.06718987963421341,5.554431615633549
1.4355437449919872,-12.696778282752405,-62.120119378505606,-0.10838819530633259,5.479800256378808
1.4344200721153846,-12.697115384615385,-62.12090594951923,-0.14781207615698122,5.522797972337021
1.3811140128346742,-12.7099609375,-62.10853393522488,-0.12325510378843774,5.522799956718779
1.3828111383987451,-12.7099609375,-62.10918667582644,-0.09011089353170121,5.50560269438832
1.4007631149432866,-12.7099609375,-62.11609128218973,-0.10017814090109312,5.499723675318546
1.40869140625,-12.712712822325017,-62.13473463900843,-0.10663225533230047,5.517161846728596
1.40869140625,-12.714413958565242,-62.144374411036374,-0.053571788224914485,5.515656894367029
1.40869140625,-12.717090543718777,-62.159541726906404,-0.04445193512134438,5.533068796187006
1.3998271279889152,-12.690692321466745,-62.16241738690222,-0.04639908442580065,5.474079194925062
1.3886274694076113,-12.691139936623184,-62.164831916520534,0.030153361489169583,5.540098211229061
1.373793484620353,-12.709781378967588,-62.16581404761106,0.007414207629537373,5.460818643452183
1.3717418793467968,-12.717695219390796,-62.135491972456,-0.0048702913659894875,5.47290879590933
1.3737604677704403,-12.720631348007004,-62.134574432263435,0.008709544401455105,5.4818132362808365
1.3916015625,-12.750603793658595,-62.12646484375,0.01906922121887078,5.47403144288035
1.3971388808099114,-12.736639789260355,-62.130617832482436,-0.03729946013056917,5.479094749101681
1.4100877758375356,-12.684844209149857,-62.14032950375315,0.007141471058346838,5.452574874037145
1.4165754390744978,-12.696991942223494,-62.151998534399,0.004861822059353926,5.4980132612536785
1.417119923367345,-12.698625395102034,-62.15308750298469,0.0230187323805211,5.472806260727324
1.4159406293633825,-12.704011567736059,-62.165602339386616,-0.03900571059000413,5.483558597940888
1.4131593892155327,-12.698886886372426,-62.15676682382408,-0.06239117323593746,5.42263239524642
1.431935410923501,-12.697720142717666,-62.149140701276416,-0.07225605544185498,5.455649637926866
1.4331899336664369,-12.696883794222375,-62.15144065963847,-0.06817234189411181,5.412502767022286
1.4367348828695121,-12.692936484260976,-62.16051375022805,-0.026076207329055023,5.463011160372715
1.4368463067593487,-12.692713636481303,-62.1609594457874,-0.039142866224253225,5.444438914472707
1.43602267525797,-12.725810595356542,-62.15373370779782,-0.06241454643132727,5.476297661302533
1.4358861456260514,-12.728268128731075,-62.152914530006306,-0.06960616934537711,5.448765379563777
1.4157701341754652,-12.727088832327803,-62.15087890625,-0.02107015300940418,5.474769763245335
1.3889859615120745,-12.716936766774149,-62.15174987993963,-0.031768235999578565,5.560240404286389
1.38671875,-12.71240234375,-62.1630859375,-0.027898966598542074,5.445014014143421
1.3812286006228307,-12.720245414288813,-62.149752717584015,0.0017580604793181465,5.467604036453365
1.3806052125832249,-12.721135968631108,-62.14823877520212,-0.004896491938268355,5.48083660898191
1.3722701779896291,-12.733043160907673,-62.12799654833196,0.01610031971189585,5.518119726177151
1.3536179323067583,-12.718342205546259,-62.131434938291996,0.019477473884208507,5.452495492550042
1.35384552200752,-12.71129437128784,-62.14250066359848,0.0056372459117710605,5.454092970261006
1.39404296875,-12.7392578125,-62.14599609375,0.027139650037895535,5.433812520921297
1.39404296875,-12.7392578125,-62.14599609375,0.040784881073335555,5.469758981717353
1.3823086157777256,-12.692320400610901,-62.162424187911185,0.03417535799859195,5.458112323134161
1.391372720305518,-12.70092014858607,-62.154502832975034,0.06544231480589247,5.446283494478795
1.4052770401154786,-12.716214900377027,-62.14198894514607,0.028923838618212017,5.466183851563156
1.4148028450887062,-12.704455888616941,-62.11117832343953,0.02129897508831391,5.496233580334133
1.4551834274124313,-12.690716083233173,-62.11544833340488,-0.02029094474191595,5.453434267969803
1.4569817128323685,-12.69016877897493,-62.115839265017904,-0.06691702392366494,5.461878637893268
1.475801139434546,-12.712190126686671,-62.13488436463303,-0.03602762351276567,5.48304154049864
1.4706296336894134,-12.710821969168526,-62.14269365583147,-0.0847829450061397,5.442979856814807
1.4718574546168914,-12.70867328254544,-62.14484234245456,-0.12000694568251902,5.42243589878176
1.4777387303612801,-12.6909288571532,-62.15995658213872,-0.15780403151674705,5.4220442897668715
1.468131778665019,-12.686128347039658,-62.1630859375,-0.18216626482158915,5.4421761496828545
1.4403746346282498,-12.699081680923484,-62.1630859375,-0.13367353009637384,5.454027277130747
1.4314908991372497,-12.695647145021075,-62.15983724644362,-0.12915202491451794,5.459158030010515
1.4304381874012118,-12.694910246805849,-62.159310890575604,-0.14612780788093005,5.472318335121232
1.416841992304993,-12.684194726601664,-62.15305742195333,-0.09197776703075533,5.417203711417515
1.4006682719865706,-12.708099295262857,-62.153787322408284,-0.08937228468114711,5.455740179968263
1.399037235883506,-12.706287032926118,-62.15614326344605,-0.06617467049521508,5.413439026269495
1.3989166014623569,-12.701816796808238,-62.16444788417578,-0.04268833175805753,5.43836751214711
1.4028015293192404,-12.704406748712827,-62.162073761596574,-0.021084373794622024,5.469610152720426
1.4253205915655442,-12.719419456877029,-62.14831211244606,-0.02425933878518549,5.413570221146446
1.3760887337414593,-12.743412596635352,-62.14814936958049,0.035691954489223576,5.482468347357828
1.375552761939264,-12.741447366693968,-62.14797071231309,0.07280439758437751,5.485637854327766
1.3748250981812835,-12.73877926624804,-62.147728157727094,0.04933152344150926,5.44205598728855
1.3715764527679772,-12.72686756639925,-62.14664527592266,0.05445119061411674,5.489604849680908
1.4073999685246208,-12.712532074447692,-62.15498920381538,0.020790405197189443,5.4237904754694215
1.3892670402098561,-12.685867526879568,-62.16743433020072,-0.003989032249180013,5.39348840872784
1.3908510752121637,-12.690619631886491,-62.15951415518918,0.011055781985831459,5.461902398220544
1.3909906130496006,-12.691038245398802,-62.158816466001994,-0.0435768637661198,5.452051206078206
1.4065990556458163,-12.689713726771933,-62.14865764304935,-0.014503537951938483,5.452209167420131
1.4374353614131896,-12.683190533340278,-62.13408678856597,-0.0007610065336507432,5.467384202131005
1.418987634759114,-12.686028645133213,-62.14402017984125,-0.050796262987958585,5.406682282349789
1.4122857366289412,-12.70207166671753,-62.15691464287894,-0.012411526728428157,5.420594214017079
1.4292744478275472,-12.726355973913774,-62.14737932137365,-0.04564636814242817,5.431942597701339
1.431516932584108,-12.715387389044377,-62.13882649051987,-0.03713381990985454,5.423028173794863
1.4310016100266918,-12.713583760093421,-62.139470643716635,-0.06920106388768943,5.397161111490909
1.4267167431037286,-12.693441513792543,-62.14677567133644,-0.03817464641589652,5.4485422942711965
1.4154066427761065,-12.70057125819014,-62.14986211009204,-0.0210912081265775,5.438846474854077
1.4128907445059147,-12.704045593896593,-62.149023477335305,-0.07647668902961868,5.416544984749307
1.38916015625,-12.73681640625,-62.14111328125,-0.04638132818861607,5.391092771783476
1.3821629965602273,-12.722822086870455,-62.13674005644389,-0.038181489083541464,5.434161502513614
1.3813100526066735,-12.721116198963347,-62.13620696647292,-0.018685932519886705,5.471469652936979
1.3706444790989618,-12.699785051947924,-62.1295409830306,-0.00845910094494684,5.427229221743118
1.38644291551033,-12.688333074362088,-62.122202658851755,-0.012178564373243717,5.397842340866637
1.381152674992291,-12.694945875009637,-62.134105700017344,-0.009246302587285982,5.396059851930565
1.3805901653561516,-12.69564901205481,-62.13537134669866,0.03667679058277429,5.4520502302903715
1.3984868387591765,-12.704364927994494,-62.13148478350734,-0.028019099512988532,5.390051451065519
1.3977885211601393,-12.704783918553916,-62.13092612942811,-0.020356811212295156,5.373969114075014
1.3914427924696136,-12.708591355768231,-62.12584954647569,0.011071581714091394,5.392613831824421
1.4105553024004434,-12.701837906114095,-62.13747365604614,-0.03227115917128742,5.3620646805551075
1.434867561569988,-12.691418366470005,-62.121844346580005,-0.007269272506135849,5.365446219184188
1.4401604441083657,-12.693409580533269,-62.13205956671926,-0.06511174982837531,5.350437862993926
1.4315183598599042,-12.707029691379233,-62.15185468943962,-0.06829929338697127,5.3374248519052205
1.4318099951232488,-12.70936277348599,-62.153021230492996,-0.06393704271580702,5.325814702731504
1.431895892445469,-12.710049952063752,-62.15336481978188,-0.07247526809612737,5.296537883846188
1.4344878787794821,-12.730785842735857,-62.16373276511793,-0.11531676821364556,5.30673820900421
1.4346409699747296,-12.732010572297837,-62.16434512989892,-0.10832363323650895,5.348199105073509
1.410136743464163,-12.686482923925569,-62.16210487349173,-0.09715132031320195,5.267376118726353
1.420298069319691,-12.692577565247973,-62.1840046216404,-0.09201893492607383,5.26456041605732
1.4209222610923737,-12.69330578898277,-62.184888893318366,-0.0790578164006206,5.25527155649871
1.4258423171844936,-12.717052417679728,-62.205780013282755,-0.05953760242833539,5.268918587682045
1.396699400354992,-12.747024865392179,-62.2167463145193,-0.051117643602438534,5.270182063303195
1.4039492115041443,-12.714918558874505,-62.20328237952802,-0.05143166563027535,5.269846728598151
1.4047629944792082,-12.711314662842078,-62.201771068288615,-0.024424577057473584,5.284208996646866
1.410336685565815,-12.686631173744248,-62.1914199276992,-0.022532654068228908,5.250934784824241
1.4149662530956726,-12.679269889696299,-62.184709515934564,-0.041033716327575576,5.240952251815403
1.3986864776133994,-12.68415382234098,-62.18308153838634,0.008541510106056194,5.3048953100467715
1.3964254868090453,-12.686738134029522,-62.16474830205716,0.0008666232184282308,5.249026003367594
1.39892578125,-12.68798828125,-62.14599609375,-0.04018635092815259,5.282818114008812
1.3959173335352333,-12.70528685560991,-62.15050876532215,-0.01972685395156759,5.243098959475173
1.395519522267165,-12.707574270401302,-62.15110548222425,-0.015062864434938206,5.282818294110746
1.389276390036877,-12.74379192363937,-62.16059287178916,-0.029925695246092232,5.293876756048266
1.4142911462800172,-12.682258304968911,-62.149826128323326,-0.04392221002859742,5.286041180281404
1.4402392326865352,-12.715414193155016,-62.14117676618782,-0.014104907213649653,5.349076387853234
1.450339870551029,-12.728320563759649,-62.13780988689966,-0.02608733637079297,5.384257255904796
1.4173592157766064,-12.68528676041422,-62.13978402975596,-0.037778750027300134,5.373548494638141
1.41841688125881,-12.68436130311729,-62.13753649060628,-0.03750816481658603,5.352035844712946
1.4265966029210337,-12.676594276664483,-62.121035360960576,-0.060266624510276756,5.34733889572891
1.4148012133415804,-12.68249197145421,-62.15248973317245,-0.05557164300788031,5.352646824390556
1.4333156201237305,-12.688369842449662,-62.15707781217492,-0.04828193298997974,5.410687070242819
1.4486336327762186,-12.692246421860487,-62.15617294135908,-0.052279697119089974,5.398871838418874
1.3994440309303366,-12.677461778949358,-62.13963345328483,-0.07512685191248636,5.363043622778572
1.3948732984348167,-12.676482336271746,-62.14191881953259,-0.047556526800832444,5.3897777010571195
1.3933777935535354,-12.676161870940044,-62.14266657197323,-0.0783552738453892,5.40775392646294
1.394326631565729,-12.693494198927239,-62.14082961843427,-0.056290282163757865,5.326924207848708
1.4020506061080182,-12.707983383842334,-62.14099113796168,-0.00483998635337457,5.4455457451178795
1.4037757546284189,-12.708127146219034,-62.14170994984517,-0.02991845975088836,5.42193857356811
1.4064216788931647,-12.700281151946582,-62.12322237609738,-0.0718694669861435,5.4023782186212905
1.4041422358775746,-12.699141430438788,-62.11996602893225,-0.07442989563523383,5.407552024115411
1.414471257183268,-12.675718822737549,-62.10205078125,-0.08223839340379868,5.437164766726359
1.4188068863117782,-12.683021087185418,-62.09587283805337,-0.04664926034658379,5.460120339919993
1.3894353707696394,-12.718900918941081,-62.08189805335721,-0.03212011572283302,5.478824395191065
1.3911083118217629,-12.713882095784712,-62.04843923231474,-0.057009157573332914,5.482417821526956
1.3911808574910078,-12.713664458776977,-62.04698831892984,-0.05576769768948964,5.49816488380268
1.4030496629664582,-12.715524552968125,-62.068755574525206,-0.07862723816108996,5.464979811414583
1.4178582397779105,-12.7197265625,-62.11037298578682,-0.07549240175751493,5.448178938207819
1.4271210528840688,-12.700048728181146,-62.10928338480072,-0.07519134738210198,5.452430999905917
1.4272160833430438,-12.68379506458139,-62.115171230718,-0.07160321377064349,5.474004651351664
1.4009177377075364,-12.689054733708494,-62.14541432819883,-0.030060353833604836,5.4209792421790945
1.385874923246137,-12.693930278430226,-62.15915463071705,-0.03228807090704322,5.400295524626252
1.3853298217820011,-12.694163893343427,-62.15954398890571,-0.04308803774526382,5.370892892234543
1.372308467957205,-12.70704322033559,-62.16939789128566,-0.03853284762206499,5.367750506703974
1.3674625456443363,-12.716735064961327,-62.177734375,-0.025143158673074595,5.386647083604374
1.3767405800058596,-12.69786017874707,-62.17699046752051,-0.0005891380694293957,5.349329044648843
1.3659408799572708,-12.70282221216117,-62.17465466277624,-0.022879303897397563,5.35740150679258
1.3639270213500634,-12.703685294421401,-62.17925776816414,-0.006754564425250464,5.340807273667163
1.3661352225712367,-12.714081151144844,-62.201675517218455,0.03791021396173733,5.325013626578721
1.3899704388209753,-12.728101866585869,-62.20588173185076,0.006672141895208483,5.310760842224588
1.3796982272531237,-12.716266522519582,-62.20255494393417,0.011855496739514138,5.349088879619354
1.3603155994922171,-12.695944633281131,-62.197265625,0.023816666238488438,5.339556714522618
1.3641270587160133,-12.696492680258062,-62.195443253783985,0.04921232211533777,5.319581086653491
1.3661259295302455,-12.705820744057812,-62.19344438296975,0.05116986095205789,5.29070338515553
1.3685233395247127,-12.717008657365326,-62.191046972975286,0.050689168759674885,5.296741313531035
1.3790016942978747,-12.710451983690156,-62.188769807744016,0.06421687773352858,5.320933870954891
1.4117277371597536,-12.694690149735363,-62.167387538142684,0.039583524935366654,5.33219118402319
1.4122831056586196,-12.69512210301226,-62.16633850875594,-0.0009827375345707878,5.326918746678907
1.4250257273270415,-12.705033030976589,-62.142269112271144,0.012471034733877673,5.334057575136251
1.4255716023472942,-12.705457600436784,-62.141238015010664,-0.0153564350178641,5.368813720152063
1.4448256261902923,-12.702410925114526,-62.12984471108066,-0.028566443005047404,5.360610437684422
1.4572947423128573,-12.708418686998572,-62.12491216922905,-0.06434542931707199,5.369248873470738
1.4581337480210133,-12.69819137757718,-62.13471038765652,-0.10247562904798713,5.385817886467408
1.4771049411724475,-12.692213564766265,-62.130734977187096,-0.18132612949162308,5.378026502520246
1.500160067262576,-12.717981058631702,-62.11446077053524,-0.1206381395036118,5.347779700005354
1.4921065627743635,-12.695618672492317,-62.105916562637184,-0.16933107924799629,5.415766539905208
1.4915406881035997,-12.694345454483098,-62.1056336253018,-0.18766913864931212,5.4659696240883076
1.4811533766136977,-12.679603351986987,-62.099289389776025,-0.15064073355057417,5.438425577448142
1.4661841153736723,-12.692153120257966,-62.090705466378985,-0.20603078307735245,5.40066717099531
1.4624988780010297,-12.714264544493822,-62.10176117849691,-0.17529374754575144,5.41115987790564
1.4474133111705654,-12.698492078095162,-62.12249037113105,-0.16037420590663487,5.394757117962068
1.4325284531715492,-12.692187403022592,-62.13686082190293,-0.14324233588975233,5.420264333239687
1.4314527418127456,-12.69455396801196,-62.136215395087646,-0.11259384332529976,5.461963152612092
1.4246348083793878,-12.709553421565348,-62.13212463502763,-0.09980399046931154,5.358973418824727
1.3791719031832455,-12.682182173888537,-62.161567826111465,-0.11712800601709716,5.386658390509006
1.3715609748324593,-12.686595427684296,-62.16578201258377,-0.07315230455388644,5.3982180811105955
1.3703676592775713,-12.687908074794672,-62.16637867036121,-0.03565401341724339,5.3690017315197744
1.356894397513294,-12.702728662735376,-62.17311530124335,0.02347948695528146,5.413446436304608
1.344097283604397,-12.7117404206978,-62.176699931899265,0.06168992852272481,5.410536748787123
1.3338486546525559,-12.682507987220447,-62.173692404652556,0.0983644212989816,5.405341177488856
1.3505028370120087,-12.710771299024017,-62.183617731430466,0.05675043247319422,5.3403009305601765
1.3518340471025547,-12.729215109551987,-62.188078796950855,0.09478546523745024,5.406548857254099
1.349728442183943,-12.72757741683751,-62.187376928644646,0.12756613830666197,5.418920475325805
1.3332060298330772,-12.702780856743875,-62.17451819944142,0.15974557344920015,5.401010384210837
1.3838193248567539,-12.693408024332083,-62.16139623406492,0.15326817296470097,5.396957532642692
1.3857569711745226,-12.693255805280192,-62.16025981971981,0.1311947876255175,5.355109412876781
1.364593907984952,-12.701263186459029,-62.14813184166806,0.12185980873904612,5.394183339587746
1.3712282293716398,-12.697282593627016,-62.14017065600403,0.1301586779528492,5.440671493964389
1.3848264860792607,-12.70562726732926,-62.10012878309759,0.11883111794695367,5.4250139681113465
1.3891567688058852,-12.709957550055885,-62.0849727935544,0.034688079284705964,5.4609978307168285
1.4278620525907852,-12.71117037176065,-62.101893017149095,0.008837867690616008,5.446986556449502
1.4620811791673636,-12.704359833713198,-62.10967884848612,-0.0024924257369178804,5.413458083468037
1.438601805530174,-12.677296024394392,-62.07579614590948,-0.005504274326511904,5.396019069403327
1.431950996106441,-12.700573857377456,-62.095748574180675,-0.013838504421073594,5.470254793318111
1.4515953251554816,-12.70317528294041,-62.11102642735754,-0.00023593413055778,5.47386881924626
1.4658431245049004,-12.690745871243,-62.1202032362535,-0.030178490045486228,5.4589931847531945
1.4666289512983126,-12.689623261538125,-62.120764541105935,-0.11009899121272326,5.437306126167856
1.4722643323880575,-12.682391620893453,-62.12959156723259,-0.07439441916265821,5.40324955672924
1.4574516982358992,-12.708725192719513,-62.14934174610214,-0.09362553958008846,5.434356435983216
1.4795052776693904,-12.688349785106041,-62.11029184980949,-0.09257696833019224,5.482894969594398
1.4489626655311065,-12.691536976956879,-62.13071790915339,-0.09011181718419436,5.4655017786744144
1.4455177649985929,-12.692357191369382,-62.1335066381559,-0.08031762091242456,5.429842477262872
1.4816650722902136,-12.698661438175186,-62.15025256385037,-0.08538475791355893,5.447788946739167
1.4511060162012646,-12.710755359259748,-62.18650903088778,-0.0865180078100849,5.40960267103294
1.4162970083374344,-12.714585127609293,-62.200551181262306,-0.07849189009760948,5.312506610702392
1.4101317842492942,-12.706878597499118,-62.182055508997884,-0.04784510228836325,5.307348934799272
1.407711481784517,-12.70622137020973,-62.17708109202301,-0.0392467646540382,5.3396440993847705
1.4069736188338013,-12.707082210318898,-62.176589183389204,0.0020304753003870246,5.368735744428498
1.3974843827856043,-12.718152985708462,-62.17026302602373,0.030644029003667583,5.3451095247741165
1.353859765056956,-12.713282812121303,-62.18867395782841,-0.06035410648320294,5.335096860732381
1.355673068366002,-12.714491680994001,-62.190285782992,0.048080900061890475,5.366409288212712
1.374104355520005,-12.726371842533341,-62.20621652354001,0.06998504050802978,5.334388322190244
1.368871459267655,-12.717650348779426,-62.19575073103531,0.06338230796349364,5.318986776318345
1.3684649566642024,-12.716972844440336,-62.1949377258284,0.041636907418649116,5.312938012983085
1.3778515716097248,-12.734394547951162,-62.15683590713425,0.035674702296830674,5.345070308920731
1.376140719540704,-12.716070737933169,-62.15209751443894,0.09413935921361372,5.42681417068296
1.370240871076542,-12.712389437637665,-62.134420386495044,0.09544922298567826,5.405493853653164
1.3701551376160321,-12.713075305321743,-62.13330585150842,0.08694754294970153,5.387477414100047
1.3871235990340403,-12.703678172973524,-62.104110514081505,0.10241490222597349,5.428785416614848
1.388673054473291,-12.702473040965218,-62.10213065435357,0.13321763538107234,5.405048779334674
1.4081420065003414,-12.690019193431384,-62.071794012431724,0.08715846714655129,5.43492582545318
1.3852008961084676,-12.705901252063507,-62.08750276904496,0.08640094027660439,5.42271882905817
1.3819939247912216,-12.681848967184163,-62.10834808260706,0.06508103758145012,5.406307862556998
1.434323158668506,-12.722979762029004,-62.102359723539365,0.05382631110765601,5.4431586902595415
1.4200171632241905,-12.713442431732794,-62.12024221784476,-0.014709031589987376,5.446814379332465
1.413123482288412,-12.703040524226074,-62.12935698646159,0.03589212749523085,5.455797711025804
1.4186643235888465,-12.690573631300095,-62.12381614516115,0.024897870281535006,5.39480819245681
1.4293258014709678,-12.68807508419129,-62.13675128639774,0.007386149609317272,5.430579220242957
1.4431789794972294,-12.69223103759917,-62.161687006845014,-0.051654544195955054,5.390324551706394
1.4296132493916074,-12.670535052710225,-62.16935147488942,-0.03444217580610598,5.422201147257614
1.4404023917499567,-12.698412300022715,-62.19172441872728,-0.01385500610052759,5.369620660051833
1.4412743346259518,-12.69865010262526,-62.19148661612474,-0.04591226032960094,5.359067881490044
1.4565853912469713,-12.702825845340083,-62.18731087340992,-0.07423738429777416,5.360349773366483
1.4703902503451367,-12.69620372444778,-62.18283999361194,-0.08507955524027011,5.348797992540002
1.4336437078687208,-12.687283157935251,-62.16628551776799,-0.10532738277900933,5.328669401857406
1.4253880771198364,-12.684580116842787,-62.16064453125,-0.07438644590003207,5.373733219727728
1.437120128553044,-12.680313916321621,-62.16064453125,-0.13972349995920297,5.329498956783108
1.4141585738570601,-12.664621988932291,-62.14402149341725,-0.12844928862494953,5.323565813672301
1.411073284384645,-12.663160536024305,-62.14223527319638,-0.10503099495046797,5.325453604606851
1.4045199790019762,-12.675765038290514,-62.14297260993083,-0.09023290831864017,5.359629472691158
1.4145556146996103,-12.698408170216407,-62.1533203125,-0.05555659540974034,5.308928890102999
1.419706940751369,-12.701842387584247,-62.1533203125,-0.06218469282154615,5.386302109335101
1.4180917442736753,-12.68154075124318,-62.14606915114526,-0.01509037612265729,5.421615642810345
1.4171554278034788,-12.68378791077165,-62.14625641443931,0.0029465603226412895,5.4127498926147455
1.4090573378504005,-12.703223326659039,-62.14787603242992,-0.015970747462063173,5.471111430447617
1.3557603251920967,-12.713635776490463,-62.15007359057697,-0.039248830219221986,5.372173139942228
1.3561526653402853,-12.713488648934893,-62.14997550553993,-0.0023703136834711813,5.4502365516776266
1.3566731056188255,-12.71329348383044,-62.149845395470294,0.03725193458440401,5.479248250841659
1.356948065312843,-12.713190373945183,-62.14977665554679,-0.0017029023241121877,5.454528640146128
1.3646072739434687,-12.7103181707087,-62.14786185338913,0.03525175241630052,5.469011557766017
1.3738481813856496,-12.706630596807175,-62.14155142153588,0.07978950578844035,5.490508031025776
1.3818359375,-12.696908845206444,-62.13112848715593,0.04088617719585841,5.386777832733871
1.3874116229332356,-12.688267269908957,-62.15972376648179,0.05268213623128304,5.4519905982301164
1.4061935891063206,-12.713879041963164,-62.16484612089263,0.017194088803890395,5.426228948360988
1.4158454696033858,-12.705021406534462,-62.13952265198307,0.019063595339233075,5.485854957014645
1.4156518345012763,-12.704956861500426,-62.140490827493615,0.03443136217147469,5.372091243152205
1.4109770541244508,-12.703398601374817,-62.16386472937774,0.012526696455410047,5.4723996398492245
1.4118329768648508,-12.666508656679214,-62.151731189138616,-0.004042836633558977,5.374144142858717
1.417225819695169,-12.662551419158744,-62.14743571726841,-0.032886412356688766,5.382519888649946
1.4224869356690866,-12.68570032944398,-62.160062395605806,0.0004044942703274046,5.411570026345921
1.4285557761038725,-12.709906153863555,-62.16796875,-0.021641928702194946,5.351568890374461
1.4577297185430464,-12.696985914217715,-62.16571327866308,-0.07239397728842789,5.344496222204305
1.4598769798024676,-12.695326492949588,-62.165562326123975,-0.0603614377820918,5.371751495264223
1.4426667421680188,-12.698194865888663,-62.17273325847166,-0.1173659614908189,5.348351845361223
1.428668135211104,-12.70518513072224,-62.177235393177774,-0.06408501513971032,5.398135724580201
1.4228088300353925,-12.719833393661519,-62.17577056688385,-0.08137188691542008,5.431964633280282
1.399273936799268,-12.712079056454252,-62.155562772721844,-0.10354890511366932,5.416265569186247
1.399897715491706,-12.711499833382701,-62.15520632775474,-0.11450854423053158,5.413671442629967
1.4193992617444473,-12.693391254719442,-62.14406258703889,-0.12993111102026944,5.395169807396574
1.4409215496283698,-12.684013811447873,-62.137905343223935,-0.09976409217314597,5.353604028388619
1.4647742687520835,-12.694236405358035,-62.14301664017902,-0.12539621999087558,5.3698212931151685
1.4010031539593786,-12.69388154198892,-62.15188935448892,-0.0839420342791044,5.386120151760987
1.3840351083472686,-12.689253893185619,-62.14726170568562,-0.09705830208152122,5.371039159970542
1.3833176366347646,-12.68905821908221,-62.147066031582206,-0.09248158466137113,5.3945142866971425
1.383912522392608,-12.69363577017826,-62.144866595964345,-0.06992744493210523,5.410180092404297
1.3905696447500557,-12.694557358499777,-62.14402451700002,-0.0807883966588605,5.407430888851864
1.398920538966641,-12.705004733032975,-62.109453634250386,-0.03781775754899286,5.398697466720145
1.3960305289763772,-12.70673255487064,-62.112270252273625,-0.0114599634520971,5.48178547820446
1.3842093710498884,-12.713487502257207,-62.12409141020011,0.03928508660227692,5.470862870084363
1.3693149186192837,-12.727364768880717,-62.12924729239016,0.04840816847833196,5.475593497713423
1.3655822378244453,-12.715084371267109,-62.13249144756489,0.030101327367304975,5.403208735891919
1.3928778788700735,-12.698752714048029,-62.14003133241102,0.0769830685171371,5.480206096055359
1.4156472796728259,-12.705584972644022,-62.150187885942394,0.055082395698562436,5.448430501427147
1.3877255481336375,-12.682316863028031,-62.15949512978879,0.03948518568036263,5.45851117879935
1.3851318452579788,-12.680155443964983,-62.16035969741401,0.06150936249282779,5.43113434087667
1.3867796551756921,-12.677707190494752,-62.153259407324306,0.04346596609187259,5.377184532863183
1.4016057764702896,-12.678638810049517,-62.15987324779203,0.05219838019864653,5.352265355520328
1.40625,-12.68450261825226,-62.17197654137161,0.0827882819836816,5.4234175938134195
1.4077669985515768,-12.688912688948424,-62.169153931706305,0.0719529357627664,5.395444319801403
1.4098139316985288,-12.68686575580147,-62.17734166429412,0.04713772105689884,5.332179432964758
1.409894394244891,-12.68678529325511,-62.17766351447956,0.03355128475280367,5.3758929660909685
1.4137043716680853,-12.693261552504255,-62.18776030583617,0.002141148444195551,5.313018166999936
1.4229102387915722,-12.684682431468962,-62.187211852156324,-0.003700915986073028,5.355895991784065
1.4365870614267422,-12.683625561963371,-62.17101103889524,-0.01102390062388281,5.348559233962509
1.449696433954182,-12.692175762410363,-62.15531582668327,0.01988177419084991,5.378288280317292
1.4457719614284201,-12.70683033910737,-62.16963533250106,-0.0052846940279209775,5.397334446054028
1.4459051086591783,-12.706630618261233,-62.16870330188575,-0.022389716896924483,5.3194560391469885
1.4486656715808344,-12.702489773878748,-62.14937936143416,-0.039969261120091915,5.335393151558554
1.4381029767104374,-12.699331574229317,-62.14817299597751,-0.04500867268927777,5.321278561534256
1.418353401726562,-12.695416129523439,-62.16131934564219,-0.05599986781551536,5.385272009199837
1.4366236524290392,-12.68674701731129,-62.14595497212258,-0.014517316486077902,5.369532566467705
1.4590387469295851,-12.689949173668513,-62.152359284837026,-0.04510463957711863,5.392024811435732
1.4322189550037352,-12.705521381873133,-62.132191940377616,-0.06709301766863973,5.343886843906828
1.4309859734373027,-12.706137872656349,-62.13132885328111,-0.04488109039941435,5.311425918865078
1.41357421875,-12.71484375,-62.119140625,-0.021806040717507358,5.4130297692740434
1.4124840730614376,-12.695221127605876,-62.131132227574184,-0.07060039691243958,5.323575826886164
1.411270749619771,-12.672829557176794,-62.14475465967206,-0.010520562764156693,5.426566534923313
1.4127859938163965,-12.69404297592955,-62.131117461902434,-0.010970704799191822,5.401625272613142
1.4128199171939329,-12.69451790321506,-62.13081215150461,0.0070263733894648794,5.420734568114496
1.4099203868051837,-12.721520368751673,-62.140465681251676,0.02357998303199338,5.404919394710331
1.4031978857034835,-12.718810500430225,-62.14874285402326,-0.007625270698312647,5.3537472661595364
1.3953139623055513,-12.718422041990747,-62.144257238185176,-0.020286240655153165,5.385295374624175
1.3858087868046396,-12.734264001158934,-62.12683108310017,0.01498253300860597,5.384391520245832
1.3656635525128378,-12.712884388945078,-62.14130767222022,0.012899678446473217,5.345337247473823
1.3646544959106284,-12.711587030456522,-62.14224465335084,0.04465445239748078,5.383191494971933
1.3572972560763243,-12.700070693576324,-62.14856211892368,0.07055015360325001,5.4445780567663835
1.358810642863367,-12.716737988519519,-62.14894297065615,0.09339161115399008,5.448854851304042
1.382349540131738,-12.719665075500586,-62.15451027212529,0.09590990788693432,5.413442864505183
1.4111328125,-12.72216796875,-62.15576171875,0.07233097514694009,5.340031703760559
1.40546426847443,-12.715869586499366,-62.15828107165025,0.093408949585438,5.355587950587277
1.4049692502905669,-12.715319566295074,-62.15850107973197,0.09373286894620492,5.400240287129482
1.393275544109928,-12.702326559427698,-62.16369828247892,0.07197265390297503,5.41155752732204
1.3968360818076766,-12.692956452776452,-62.172243778612966,0.06981669876921615,5.308964387253448
1.4086071692329958,-12.685599523135627,-62.18254348011012,0.07851842682788401,5.406908003926523
1.4283477812575192,-12.687183486600699,-62.171617348223954,0.05327425531666563,5.2865485370427425
1.428772501353465,-12.686819440804173,-62.17216341691874,0.027248232606865486,5.29997757317201
1.4289123123947305,-12.686699602768803,-62.1723431739718,0.015254231354290937,5.339519108430296
1.4286591668554598,-12.69644437443362,-62.15846706679033,0.028358635576822167,5.291899473082416
1.41437798899767,-12.695955516198136,-62.14143478934907,0.03576050671199482,5.350051439708685
1.3887784508751286,-12.69567258857001,-62.15059803142006,0.01669328881573051,5.333536005898451
1.4379800223378438,-12.699608714287027,-62.174214785722164,-0.010731309420719981,5.310982502090669
1.439814937169069,-12.699755507473526,-62.175095544841156,-0.017731613949422353,5.341239127657918
1.446160958998966,-12.699771083000517,-62.17306785050569,-0.003094357905681022,5.370652257866209
1.4489163383567931,-12.698393393321604,-62.15791326403764,-0.014584215837103898,5.362508715125355
1.4563204768670528,-12.699795627705685,-62.16108751352842,-0.036441983344090545,5.306130746866871
1.445966555324863,-12.713031952416818,-62.160518609516636,-0.04378980660318632,5.3281778280694
1.434418547681003,-12.714454429129026,-62.15557036125568,-0.03884134463012856,5.323295731989568
1.4291361858470804,-12.666913172623724,-62.143244850309856,-0.06091185497281515,5.3639662932301535
1.416381058419586,-12.660171605978801,-62.154435078809215,-0.026570776226463977,5.335899499352335
1.4133044230020595,-12.684197896260297,-62.164623609750684,-0.005859402702171224,5.424376948921198
1.4140613227094636,-12.687982394797318,-62.164875909653155,0.011232577320498649,5.360062098426807
1.4145196537214404,-12.694761963692882,-62.16029144427504,-0.010949412012138282,5.38072522742951
1.4112989266609,-12.6883205095718,-62.14901889956315,0.04025878147980677,5.406143302411433
1.4042916868870046,-12.701886138479516,-62.14677261458546,-0.04000593146093934,5.370046339241052
1.4048168835563957,-12.703724326822385,-62.14230844289564,-0.0214380651981827,5.362040168974642
1.407647996909481,-12.713633223558183,-62.118243979394414,0.009079594541518077,5.317432199484976
1.4066681066653686,-12.689970611857477,-62.11544489875389,0.033485484943938104,5.387962085878212
1.3986600017773303,-12.658231976796893,-62.12702678281739,0.032257877971503035,5.378372923454083
1.3750580435739437,-12.693707636443662,-62.14220593089789,-0.006569033746615105,5.363181668260827
1.3767093970070423,-12.703615757042254,-62.14550863776408,0.03484299352960818,5.3702574893957955
1.3768175982981221,-12.704264964788733,-62.14572504034624,0.029841591985629634,5.351979316221435
1.404643701861946,-12.712989718389128,-62.15588558548641,0.02993160365885217,5.373693202944312
1.4111328125,-12.71484375,-62.158203125,0.024621465887221916,5.385843572231392
1.417833761489472,-12.707025976178949,-62.16155359949474,0.017659121784575404,5.38206818751636
1.4250347762000455,-12.69903357562135,-62.16542070463572,0.006746325422284372,5.352822568646343
1.4051809080552116,-12.722460129764508,-62.162275822531974,0.040215481246974605,5.387815029989318
1.3910954416142034,-12.704040673649343,-62.15902533027636,0.01560897621317281,5.388763376216159
1.3906648851554475,-12.7034776382802,-62.158925971093566,-0.0004969244967725217,5.349338064398671
1.377186377916491,-12.685851898044643,-62.15581554634611,0.0011134448234315641,5.349256281003137
1.400006612141927,-12.715123494466146,-62.16688791910807,-0.000949869759594435,5.316837554689597
1.409086697343467,-12.696963324063066,-62.15780783390653,0.03249200300867017,5.38006409164734
1.4063407749250374,-12.688101749906297,-62.192269343843705,0.02912939332379949,5.317514697345881
1.407011704108883,-12.688940411386104,-62.191430682363894,0.005529425702562207,5.364344800487582
1.4129300096045727,-12.696338293255716,-62.184032800494286,0.015701976838897735,5.398339336137775
1.4012404673765173,-12.7001953125,-62.17426571820061,0.05097157408611963,5.3402710301890295
1.3784628365540512,-12.69900088286855,-62.182354452564496,0.011685443918409533,5.330371435165408
1.3782765548090663,-12.706774213622712,-62.18279714225305,0.02694124925741903,5.303561228145788
1.3795759504505398,-12.707640477383693,-62.18164212390508,0.03072738250428131,5.325798914032982
1.4050087515381868,-12.724595678108791,-62.15903518960494,0.04751746864350537,5.382601151230743
1.4025264677641673,-12.7233518181585,-62.14589781717267,0.032974240482644745,5.32653133989442
1.401856043772527,-12.722949563763516,-62.14482513878605,0.0315742516891504,5.375868668535025
1.3940773470677805,-12.71731953456778,-62.14345155254666,0.04959761151023656,5.386251937109773
1.3942130374679154,-12.68612736141684,-62.16022427748717,0.03875597747952497,5.304444135271337
1.4036597489966631,-12.670323021885523,-62.171491996321095,0.05931328782283174,5.248446064407678
1.40425336653364,-12.67586345223064,-62.17366859395668,0.02118336234849494,5.292993397219605
1.40869140625,-12.717204961611444,-62.18994140625,0.04374089266445935,5.378904853294423
1.40869140625,-12.704676862643856,-62.18994140625,0.007135947629535622,5.340686129163511
1.4062157994389182,-12.694040496033377,-62.17508776538351,-0.01499519589231113,5.323474655520477
1.4112526489962438,-12.696943235840463,-62.157853010532655,-0.030305372834874333,5.3069256463022265
1.4250938525152892,-12.706467125990827,-62.152852576829254,-0.029759365144556682,5.302619309038323
1.4266985530964256,-12.705504305642144,-62.152424656674285,-0.004008296463823058,5.372665019003939
1.4495079150152892,-12.691818688490827,-62.14634216016259,-0.04887180599592966,5.328698610325144
1.4313698718898105,-12.667166904250593,-62.14151246852784,-0.073698827873514,5.331422556182887
1.426592715430083,-12.670877407620747,-62.139490350389835,-0.01188038327812535,5.3607522166176205
1.4276334440973735,-12.680243965626362,-62.13740889305525,-0.049622654975024716,5.349178743322894
1.4211473651960784,-12.686961933210783,-62.13906058517157,-0.0010199876940930608,5.391749668432054
1.419991766237745,-12.687193053002451,-62.1395228247549,-0.007877253919517102,5.382957498570866
1.445057696398185,-12.661020643523115,-62.10169904149532,-0.08481943690561877,5.301682787885729
1.440500534254212,-12.6768514037723,-62.103209493465066,-0.03342921452396297,5.393258412588782
1.4198825056132893,-12.699191447168229,-62.12116042221848,-0.033532634479925605,5.358340310598497
1.4021782993285123,-12.694501388171487,-62.13774373708678,-0.008008392993474445,5.399223070505227
1.4116488962824494,-12.691223796606943,-62.14166933189899,0.00126505143941813,5.432118287650981
1.4117332449600852,-12.692151632060938,-62.143356305451704,-0.02042496523077375,5.381551060079345
1.4126872215331812,-12.702645374364991,-62.16243583691362,-0.05620554141627565,5.362822598802157
1.4236188774358478,-12.68034320146151,-62.146888964611065,0.026595501053080284,5.36267750808195
1.4256409944841817,-12.68155647169051,-62.14864146605296,0.011585033299155612,5.375610337822714
1.3943346481780536,-12.684360580160073,-62.15338912907014,0.031665215747722186,5.411347288465588
1.3899591601341021,-12.684522635272812,-62.15371323929562,0.03764090818228283,5.401167589439168
1.3751793876503724,-12.696440852050316,-62.1626942496002,0.06754160544009835,5.421073141014738
1.3771381068598434,-12.698098229842945,-62.163748944559146,0.06004633036378948,5.360670084454227
1.3878892450949971,-12.707195346811151,-62.16953801899346,0.08437465419996215,5.383821897069858
1.391777233198612,-12.692010723787508,-62.190977446911106,0.10487513076895993,5.382106988166519
1.366160911662271,-12.711887864509174,-62.143426067689795,0.08825906994817956,5.377136682333669
1.393769509052595,-12.699384798921107,-62.142197254526295,0.10576261852914115,5.403047938462131
1.3984589163851706,-12.692350687922245,-62.14454195819258,0.03553572909757463,5.345649693490664
1.4075869825867113,-12.678658588619934,-62.149105991293354,0.08056675452368722,5.427844694212102
1.4236258699990032,-12.698468971872508,-62.14032670906524,0.044059448163110915,5.350048588307942
1.4284125417388671,-12.710435651222168,-62.12716336178062,0.07372275876834067,5.423484072589082
1.433781832405749,-12.719945631023968,-62.11367807222364,0.019447288213683578,5.371974164319854
1.4435109737504266,-12.687978452320028,-62.10533880821392,0.052459334882243525,5.394767311503788
1.452710367809929,-12.67205175774383,-62.10564550774383,0.0036253202335529977,5.418229611165371
1.4533494322052334,-12.67358551229256,-62.10717926229256,-0.019904996632746474,5.395680637238433
1.4597911498070635,-12.689045634536953,-62.12263938453695,-0.06463565872650179,5.449455101884468
1.4486486916860333,-12.719841526616314,-62.11652026166279,-0.06045198574017263,5.3549416418328315
1.4589452382694525,-12.69373070999928,-62.11527351173055,-0.028210771811686186,5.400403797168394
1.4534021384230038,-12.711745784500238,-62.120816611577,-0.05690139748055856,5.366831675461881
1.4529309070018495,-12.71327728661899,-62.12128784299815,-0.06677282805497953,5.405853868373691
1.4341374501807764,-12.67399438179233,-62.12694304883077,-0.0811003016607117,5.396135480702591
1.4080050839743883,-12.655756725369795,-62.13244504071745,-0.07446688497111609,5.359413092156585
1.3967759439377296,-12.679953605016026,-62.13364327803114,-0.04351172872429743,5.434805890493455
1.406613064379544,-12.705078125,-62.13299336881288,-0.06145423581902776,5.38721455613068
1.393972776303288,-12.705078125,-62.15125156270081,-0.06342179318302499,5.402579578863544
1.3916709481369796,-12.705078125,-62.154576425607694,-0.06604884434739233,5.3759554499314985
1.38126745120713,-12.69718541995713,-62.15425677247857,-0.02884717021071026,5.338159120866697
1.37939453125,-12.690830185953827,-62.15242384969076,0.001992637294819133,5.410847012002371
1.37939453125,-12.68598512560442,-62.15145483762088,0.0070053409359616126,5.383176401922147
1.3699343810653313,-12.691214168908287,-62.14817600619724,-0.02038048219479549,5.3441540203740425
1.3688762380982646,-12.707141835676092,-62.14693488669261,0.06067090541543507,5.378845717159712
1.3777833184518928,-12.719866236181275,-62.148207326743126,0.08545813638673394,5.369697353389807
1.376953125,-12.69287109375,-62.1826171875,0.06793360017229588,5.420037998256516
1.376953125,-12.705789647931915,-62.17292827186356,0.05840001170102482,5.404822564052315
1.376953125,-12.708732498061345,-62.17072113426649,0.054592784754206036,5.361248289446066
1.3879963803895539,-12.702147892316843,-62.157714298566844,0.08433402761808395,5.386268320936166
1.40459454500383,-12.6867353108893,-62.142301717139304,0.07709512776418137,5.365188095394871
1.4031981634426203,-12.685953828538253,-62.13623046875,0.09956370312079343,5.402126853945435
1.396484375,-12.689653135582088,-62.14011322833956,0.08142340268190651,5.353452895212769
1.396484375,-12.689533139758785,-62.14071320745608,0.07137492725948391,5.4150624711996835
1.396484375,-12.688119943333902,-62.14777918958049,0.04340489655504598,5.369173312081434
1.4203047573105743,-12.706793846232033,-62.14216897833932,-0.007314701525558576,5.3748966496206085
1.441768735272666,-12.715239327942662,-62.132923393317995,0.03806571853452567,5.461086731478801
1.4410306153220378,-12.70896530836232,-62.13070903346611,0.010574829317988588,5.432814817688696
1.4353041285270407,-12.688473774195918,-62.13142392456752,0.029577614878675718,5.43924247134687
1.4272279251453488,-12.69775390625,-62.14568859011628,-0.061734084118839405,5.407795761797868
1.4204281888212842,-12.695390874779786,-62.13126928147022,-0.039906034595730944,5.425321328585605
1.432076423348961,-12.69287109375,-62.13428484130729,-0.05859180553891008,5.436414617225043
1.4253170696592385,-12.69287109375,-62.13525046326296,-0.06840307901443055,5.396593221526324
1.4250039163977513,-12.69287109375,-62.13529519944318,-0.05140684695494713,5.377114503920695
1.4142430144722833,-12.69287109375,-62.13623046875,-0.06334617820570543,5.37989038445266
1.4049184751354622,-12.692598698573388,-62.13704765427983,-0.0395782056688887,5.449792851337993
1.4451505595350547,-12.689068567642737,-62.142193567642735,-0.047340877089197875,5.3695237834405365
1.4091607309971113,-12.68252496245402,-62.13564996245402,-0.03311949751484633,5.443712063554927
1.3885375997425653,-12.709231561645446,-62.14287872131901,-0.028257974842631484,5.4485197263534895
1.3878549573523757,-12.711108828218467,-62.14347603341042,0.01327800711494831,5.410163222114718
1.4228622587684876,-12.673898161713408,-62.12820009189253,-0.0027339056153437014,5.37356851513717
1.4354405160315822,-12.656486353263151,-62.12171202554473,-0.0096796653916158,5.379657356098017
1.434317906341809,-12.658981041462647,-62.123084104054456,0.01566200437643772,5.394236562190151
1.4256966819827224,-12.678139317816173,-62.133621156048896,0.023181718891592595,5.433562478546653
1.4151696032762662,-12.701532826052741,-62.14648758557901,0.04219520520520348,5.402097071830314
1.3912137319691449,-12.706858293253159,-62.14161553484573,0.036411629254914146,5.370881343227123
1.3908076198644448,-12.703609396415558,-62.139584974322226,0.02963694671485939,5.38035723038082
1.3900169829432178,-12.671722995735804,-62.121202020589514,0.06156502754386395,5.41774093644653
1.4142626725983902,-12.677784418149598,-62.13635557662399,0.0532077753829725,5.417096661188646
1.4404296875,-12.6708984375,-62.12890625,0.07702332837070003,5.386148315317028
1.4404296875,-12.6708984375,-62.12890625,0.01982712445895629,5.362444703348814
1.4404296875,-12.6708984375,-62.12890625,0.027295503874199767,5.400799010572128
1.4240557035369068,-12.68341971935413,-62.13661165421792,0.05283765914444416,5.4014022156717605
1.3990206056403778,-12.702564205980888,-62.14839287675747,0.05842726770273998,5.424454195301927
1.4165985724199746,-12.67631337787804,-62.153506158383,-0.0031044973747071936,5.37728599909956
1.4009567901526383,-12.701340229505778,-62.15507033660974,0.024549484641255503,5.380474107751548
1.4047269910854232,-12.709197137049372,-62.1482829031152,-0.00425296581768464,5.406947553152711
1.412513680589265,-12.706699038816565,-62.14515553026626,0.0118849037775135,5.407528038332225
1.4111989763643311,-12.707057594514273,-62.14658975305709,0.03216864541752784,5.386052905043115
1.3942609262360055,-12.71167706273109,-62.16506762592436,0.02834606160779174,5.382235891989128
1.4135986319015614,-12.712359620734768,-62.14116210755312,0.019517452863951235,5.287593253023155
1.4198374674394145,-12.701441658543525,-62.15363977862883,0.0016409477935326322,5.329654611569126
1.4192469956008218,-12.704180337656553,-62.16269095532459,0.044329779636129274,5.370230987001513
1.4184153906539674,-12.705982148374737,-62.16310675779802,0.006649678363075395,5.329252370118752
1.4091060017496293,-12.726152491000803,-62.16776145225018,0.020569773413967596,5.31464637781237
1.4229573921116265,-12.677119830734307,-62.17433683965407,0.021741752278856552,5.354688317569878
1.41951764058182,-12.68915896108863,-62.16573746082955,0.027663640048444904,5.358686504438445
1.4131073927916271,-12.688591382983303,-62.16094608211665,0.048911047020723686,5.364429509422197
1.4114784026342975,-12.684267336002065,-62.158203125,0.019754624120636777,5.390529441831906
1.413371319731405,-12.684687984245867,-62.158203125,0.017232012922164586,5.344994287937795
1.4244296749145928,-12.68466942258152,-62.15441014366459,0.009336755314933498,5.379699693597524
1.4133464234377557,-12.677701924159027,-62.14046226622606,0.032707235659827916,5.365549413883409
1.4404170215578007,-12.717196494654605,-62.15103089755639,0.06079653248210093,5.3932403640124935
1.4387721011513157,-12.70568205180921,-62.17076994243421,0.013188975645377354,5.313167303242651
1.439001574173,-12.705261777115,-62.165989680328,-0.008161601907900717,5.350126623850064
1.439194687473088,-12.70622734361544,-62.16328609412677,0.026366190869339334,5.341107575718617
1.4051111852375326,-12.708225419235454,-62.174696265247924,-0.002392805126191888,5.340514846104879
1.4071185316639947,-12.71056732339966,-62.17503082298567,0.024007453999033146,5.335418011836557
1.4074473211648806,-12.710950911150695,-62.175085621235816,-0.018233931637610112,5.366166487827119
1.3962233954909273,-12.68885165676064,-62.14897161270307,0.044986902271745066,5.375727915349948
1.3916851695130663,-12.677993322518667,-62.1267777844944,0.017160003651611078,5.349129225707003
1.4028769000075603,-12.693981508939371,-62.12198132856819,0.03478982007263198,5.408269504961637
1.4018495487863214,-12.696024879986792,-62.12300679122358,0.0550484010756378,5.3699567281560014
1.376922632832015,-12.705169601503956,-62.14147918726582,0.053496704713126064,5.341424921474286
1.37502873467484,-12.71033428005064,-62.167825076625796,0.07782710756052325,5.4045112042734775
1.378511460554371,-12.696403376532515,-62.150411447228144,0.07809424521252595,5.354275182508893
1.3818520630366578,-12.7197077493739,-62.15819640602639,0.09323098290306575,5.397684587711388
1.400143796785557,-12.698367393333516,-62.15057485029769,0.10195544558152392,5.409806810156666
1.4038601954673051,-12.694031594871477,-62.14902635084696,0.08689569952849752,5.369116597411307
1.3962013669510442,-12.689619087422443,-62.15006830617244,0.09508718391087712,5.423061419665341
1.3950431832079901,-12.690337955054002,-62.148887319782006,0.11587734289835794,5.374014222468465
1.4133618727689041,-12.686027675157316,-62.141344329962806,0.116729814586364,5.350969973627743
1.4191798013254033,-12.689706917424596,-62.142831917424594,0.08291502161873154,5.356562729659007
1.4173832287272212,-12.691503490022779,-62.144628490022775,0.05419876285341729,5.3313258141905315
1.3977478829295338,-12.70703243504948,-62.16331620487332,0.07685309192117984,5.374068315243149
1.4116250144765288,-12.67819310000386,-62.14997321842186,0.03079965967194198,5.3203981278830055
1.4377006607731109,-12.71358147712065,-62.157423403078035,0.06456999181358469,5.391148863654788
1.4136010485600825,-12.678392578380523,-62.15580643510014,0.024570255830610677,5.352614852674842
1.4147403572810824,-12.685608200280189,-62.15770528296847,-0.012755881407258585,5.3496648670098335
1.4156942634696443,-12.70812949057054,-62.156693039600896,0.024013874777452315,5.383279453347825
1.40625,-12.67822265625,-62.13623046875,-0.02437543869338299,5.345465812301
1.40625,-12.67822265625,-62.13623046875,0.020984724336059912,5.3708990929333424
1.4103021668772886,-12.68146438975183,-62.138661768876375,-0.0005950760532300592,5.410499229200423
1.410712346202281,-12.691508592635326,-62.1456668743312,0.0016105201381861889,5.416865781523639
1.3933501211731365,-12.69940051310312,-62.15040202661187,0.04800966604393864,5.365777829573595
1.392676304602676,-12.69970679336242,-62.15058579476745,0.025836315652924213,5.34719433857075
1.4102913875655454,-12.69604201804099,-62.17787532023357,0.004254718588001083,5.425314092493112
1.4109540237522382,-12.695894765555058,-62.17883246139212,0.019592649730896028,5.3672395734236815
1.407730588321678,-12.689468869571678,-62.168008111429195,0.016330571435688057,5.426706127054456
1.3927563011036315,-12.680927920585475,-62.1543757448419,0.059036240595318645,5.386624364813093
1.3926676893623924,-12.68128236755043,-62.15579353270172,0.046678586463031024,5.35998787954844
1.3878148008376796,-12.68696691062337,-62.17237821729221,0.03207642871048222,5.382544844584282
1.3749831438982367,-12.69177878197566,-62.17077426017478,0.02024120054005607,5.380938383206174
1.3739903720533755,-12.692151071417484,-62.17065016369417,0.008348431430476921,5.344427590437223
1.4353387931737915,-12.695052765497373,-62.15513845401839,0.07862771989266548,5.369140661962597
1.3937781525927204,-12.694627865993382,-62.164267890201984,0.09109334924703205,5.361617058965934
1.409328606628446,-12.708764642389497,-62.16002685728315,0.05100136068415395,5.349001053056531
1.411854771328786,-12.711061155753441,-62.159337903273965,0.058923753109382915,5.361802639013367
1.3927672160826536,-12.705544386433061,-62.16006299771339,0.0631544058073672,5.317538391385396
1.3588623883179716,-12.691982455327189,-62.162775383934566,0.06817034991983917,5.363888373913977
1.3569346771414643,-12.696385057549755,-62.18515675558268,0.16708859428065637,5.352051546628896
1.3406885785555995,-12.728863270867029,-62.169236500962285,0.09260134082170168,5.412283205907575
1.3694489184274619,-12.706265860967708,-62.15896495100805,0.11697645085365593,5.357028031691947
1.3994981192538507,-12.68367780675385,-62.14851926257198,0.060257373399551284,5.320056725033703
1.4005461981301004,-12.684725885630101,-62.14866898812573,0.07189793554587709,5.312268331883374
1.4185193019008107,-12.70269898940081,-62.151236574378686,0.0896744817194417,5.3457338314563145
1.43310546875,-12.70769457076486,-62.16184527737568,0.09944210658319719,5.394097605902223
1.421170538218011,-12.690197529772005,-62.17796653272799,0.07531850651940886,5.316551279261715
1.4128399815461266,-12.69328102033979,-62.17700013779613,0.0722139408837279,5.364699144263559
1.412237883397458,-12.694284517254237,-62.17639803964746,0.04289277871801289,5.3321185344284014
1.4513144770947515,-12.663371141689503,-62.17210545277017,0.056412308699378855,5.3941759704489955
1.4515353522078394,-12.66381289191568,-62.171958202694775,0.033851274947508614,5.340507512416722
1.4546093575860781,-12.669960902672155,-62.169908865775945,0.058708244399753085,5.347442041023069
1.4550355002134945,-12.679507296554759,-62.16858975775913,0.059912139867392966,5.386218425397329
1.4334474537873314,-12.703780745724952,-62.167013355762286,0.034413007663673056,5.373204095221261
1.4208984375,-12.7001953125,-62.15087890625,0.018402341423595203,5.321929962846876
1.4208984375,-12.7001953125,-62.15087890625,-0.001996411514298302,5.296588949663848
1.4362201039304945,-12.70689854156334,-62.15183651040191,0.005513466377607301,5.289998994500782
1.4590711405785035,-12.716895870096845,-62.15326470019241,0.014480121418984027,5.346250721333602
1.4542604441968285,-12.668830963173043,-62.14476957254524,0.0027347010890110823,5.381580986089563
1.435520926747044,-12.678258983804138,-62.12639737829232,4.7275874450747324e-05,5.375846599321808
1.434423802176747,-12.679794958202555,-62.123544854409545,-0.016535964560929983,5.398342169619368
1.4217750203904547,-12.695468982335955,-62.09754324454718,0.0019659807583707334,5.359484264113437
1.4087460459050756,-12.696771879784492,-62.12099539862086,0.02479840762639185,5.332054035098843
1.4014185894189262,-12.684458929349061,-62.150304979788324,0.01664638662597895,5.349172989189515
1.3996172590459686,-12.673851957002071,-62.168113890389975,0.01704624044837999,5.354770990852513
1.393444420773432,-12.687961301625013,-62.163704720195305,0.007975463491817436,5.334608326474233
1.3945880833798192,-12.685088742947089,-62.15793056768509,0.01835632491913941,5.320983604060703
1.3988893093594386,-12.673412787531122,-62.155779954695284,0.021906536655166065,5.350275359813375
1.3899194346989587,-12.691352536852083,-62.16026489202552,0.049092473972450534,5.298991735147915
1.3921403432094221,-12.691381000270288,-62.1740553725674,0.051487055305074136,5.399591886613683
1.3922195391990082,-12.681920349595371,-62.185048426901325,0.07137516509509112,5.301142846370395
1.3873495138695102,-12.659193564724381,-62.19154179400732,0.11027700312341437,5.360978623834012
1.38671875,-12.65625,-62.1923828125,0.09954412172962179,5.406992921184363
1.3778394685065989,-12.669864898289882,-62.19179086040044,0.10892909410603124,5.339307568182365
1.360705139771996,-12.716091903235911,-62.18763543157131,0.0735824053210763,5.298165399152442
1.3927101501117582,-12.727224080745394,-62.18067782062788,0.11780107515582472,5.3072404909246815
1.3926128120040349,-12.720394434676491,-62.177734375,0.1197163074552492,5.3343738583034375
1.37451171875,-12.705078125,-62.17568601065263,0.11714124379216173,5.283997916124689
1.37451171875,-12.705078125,-62.167514203042494,0.08693377648869216,5.329488968840242
1.37451171875,-12.705078125,-62.16720126532332,0.13514000087702982,5.337170277115709
1.4019320737007015,-12.699305418694589,-62.16408416717365,0.06805712169173717,5.333051864570893
1.4119583813112173,-12.698292518729595,-62.15861590940561,0.11770743625363878,5.352813756737506
1.4146745758701034,-12.699142240516236,-62.15576171875,0.12671257206798714,5.345275217168448
1.4153842084425514,-12.699053536444682,-62.15576171875,0.10759738858416767,5.30934803281343
1.4266458397317772,-12.697105463951168,-62.156950529631196,0.09070314393922274,5.385076346389201
1.432752557380089,-12.701945382679867,-62.17424389242006,0.07961125693657323,5.3802806554666205
1.4312423220650652,-12.704210735652403,-62.17323706887671,0.047702288723002084,5.36048001059148
1.4540470422331502,-12.709329575860572,-62.17497728793029,0.042909775587304466,5.335142775369827
1.456221071137088,-12.70983109148871,-62.173864662625796,-0.02562858758348341,5.328893136720672
1.446128979752005,-12.7088218823502,-62.162763362102204,-0.035624375861829094,5.304001061174912
1.445412284996594,-12.708750212874659,-62.161974997871255,-0.03173012807810949,5.389540530258458
1.4354042891432317,-12.707749413289323,-62.150966202432556,-0.030303026859698434,5.385354126717763
1.4472764911558087,-12.694765611084772,-62.16260852240581,-0.019931310815607617,5.333578823689922
1.4595459063308276,-12.702771063187035,-62.166772437257514,-0.06945397935925257,5.334033130706163
1.4503222592644105,-12.728958163010882,-62.15438836147823,-0.022357505774522224,5.380461005352809
1.4480311219401325,-12.729319921535769,-62.15366484442846,-0.024369369043270694,5.397645703469627
1.4222008565311097,-12.733398384495088,-62.14550791850982,0.02449814937267547,5.37200307448871
1.4082752669150984,-12.679831783830197,-62.138311165424504,0.003984771221610117,5.329427702962584
1.4044207951296184,-12.68370780443832,-62.152705644697555,0.03377138843876537,5.34465808102839
1.395838700739194,-12.720896880130159,-62.17273053160855,0.04289334070111295,5.308532206402995
1.380792573730646,-12.723998063649148,-62.174987313074574,0.04900779525365806,5.388104079418696
1.357510323188203,-12.691129004059816,-62.15855278327991,0.05008938856292389,5.329254323043646
1.3552511290654863,-12.687939553533628,-62.15695805801681,0.08703268826836563,5.339679007866155
1.3512194737021253,-12.686273149760627,-62.142102137978746,0.08292515316655624,5.331778996419265
1.364066326394804,-12.694966959912692,-62.138337647732115,0.12502106405442248,5.3894000992109286
1.377904181639891,-12.691792507809565,-62.15833065430054,0.08197885824033335,5.313291899635309
1.384183045947622,-12.685819304965714,-62.165977905879046,0.12062930126317895,5.352661627543923
1.3948158048748018,-12.68262947728756,-62.17023100944992,0.11421686597408609,5.356894560464702
1.395407464926037,-12.682451979272189,-62.17046767347041,0.11720309466804224,5.396589021825508
1.3919633369728275,-12.69678494911801,-62.159417490318326,0.11917874390469763,5.392188050095026
1.4058029002938832,-12.7217021501603,-62.15430810633015,0.14476212147825152,5.377819539566515
1.4134510995166574,-12.7197265625,-62.16745357510741,0.10226587387988673,5.378177583018718
1.4266009558454535,-12.7197265625,-62.16453138481212,0.07884486376779876,5.316390148934656
1.434759751638882,-12.713109430944472,-62.17466591772217,0.025128776355231253,5.364781402118711
1.435473407458142,-12.710254807667432,-62.179661508456995,0.04651665725086218,5.364678861488953
1.4383483263301036,-12.700555357580104,-62.19537538832946,0.053439234264047286,5.39583142451078
1.4440390198684763,-12.706246051118477,-62.165499247253,0.030610436086192294,5.376780861057688
1.4311408837415247,-12.689136149654468,-62.17529296875,-0.020562953994655686,5.2913430197797435
1.4295142416496436,-12.688248890331623,-62.17529296875,-0.02042814082165023,5.278744034514644
1.4290548226432112,-12.687998298146297,-62.17529296875,-0.02818460631968378,5.308894943598671
1.428271382508258,-12.687570967163595,-62.17529296875,-0.0036168009735177975,5.33549919620373
1.4277241883257996,-12.687272497609527,-62.17529296875,-0.014741300687887815,5.357043678029692
1.4125605597781206,-12.679001427492611,-62.17529296875,-0.04463968527407758,5.3152437596234625
1.4157386510377536,-12.681037335356406,-62.17350180931865,-0.04034635668213582,5.369030988656615
1.4452508956733408,-12.703206271794922,-62.16147886810889,-0.04503133378099733,5.328404965558252
1.4094875752108476,-12.696394210754447,-62.173399974929715,-0.025370372171224176,5.393267956427177
1.4058214481623696,-12.695695900840452,-62.17462201727921,-0.04186731852585979,5.320815320030887
1.3923325330693832,-12.718669103560206,-62.17300755015712,0.00957743768198327,5.331185628111894
1.3935625976695445,-12.718259082026819,-62.17874785162454,0.018786199414648763,5.349762545200521
1.389952533815141,-12.716352036080734,-62.18118537046881,0.013242130799753227,5.364651093348534
1.3882013266589037,-12.716101863629843,-62.17818330105812,0.07404362687084642,5.376477536266791
1.392138545843704,-12.718722363137214,-62.168626813410306,0.07144225776943358,5.346137778765465
1.425889997004056,-12.728994543925147,-62.18330135739307,0.07303512901853537,5.370370664861577
1.3831063661971257,-12.706684459881949,-62.17001983039904,0.0886901542162093,5.381651818829965
1.3709675417108051,-12.716258938029661,-62.17222052105402,0.06576985215909303,5.377253136607618
1.3764990892546862,-12.72801592858177,-62.16789264887848,0.08159166401274831,5.383415735641577
1.3770837309788333,-12.727821048007055,-62.166593445047035,0.11224259415952531,5.406317414833609
1.402312055613813,-12.71286524602821,-62.144410787869646,0.07151067266453026,5.342414240533092
1.4027023208502682,-12.712426197637198,-62.145142535188,0.047015041040012306,5.300288501047413
1.4069735754339903,-12.697307531049246,-62.16428972312825,0.052110853182512074,5.379010225334986
1.3805142570944393,-12.6940191748308,-62.16038586621616,0.0421788622495427,5.279108985751241
1.3993364221909468,-12.728241293188084,-62.16723028988762,0.06810906090147739,5.350799846754177
1.3998772116268383,-12.729224546707888,-62.167426940591575,0.05766873569675113,5.3642175963216285
1.4215200493345572,-12.708421921609684,-62.16964815515288,0.02860649497739587,5.351504104426942
1.4232097688268444,-12.70414330082699,-62.16508566076917,0.0427463965512942,5.2997970021485346
1.4066084868972848,-12.714009820331396,-62.16034642710853,0.03397308465314097,5.377370778072915
1.4134249176448621,-12.721623352897241,-62.12197734599762,0.06124004093905455,5.3524196651672264
1.413399703947975,-12.721119078959502,-62.12245640623848,0.02924126978409447,5.3741492712240175
1.4067762322687594,-12.700178099294947,-62.162913395611255,0.01567284921935652,5.3159266408663175
1.4017213929932473,-12.740723766202697,-62.16068811321622,0.034634158832716366,5.299124851688627
1.4024867706696698,-12.739788304598182,-62.1613684489286,0.03818322443522959,5.361351132678988
1.402764422072441,-12.739448952883683,-62.1616152501755,0.04674775942886811,5.38024400393352
1.4188611435617862,-12.712919526382398,-62.17686124902648,0.033884706401863696,5.370077173679653
1.4069497176791277,-12.68739504234813,-62.171756352219624,0.02757781553847849,5.347321916869243
1.4067388897001558,-12.686943268107477,-62.1716659973715,0.03071111373084534,5.299228432930387
1.3976891627225057,-12.696982545239985,-62.172449966592495,0.07886818516283256,5.35467126331808
1.4024511756021798,-12.686770011145097,-62.15942626114509,0.051697425585203405,5.3579798933681095
1.4054232624935636,-12.679876131262873,-62.15501259378218,0.052635921229608584,5.3064184280276825
1.40380859375,-12.677135886069749,-62.156453067855274,0.03390575375141225,5.297923502953791
1.40380859375,-12.676625469089101,-62.155885937876775,0.05805313122084499,5.329592646300506
1.4070451097774639,-12.675373483020842,-62.14320299743845,0.03736412207729245,5.289102807725547
1.4141290756632054,-12.706542932918104,-62.15312054967849,0.027123653449791618,5.294717781998089
1.4000362091053427,-12.699751653035115,-62.13370084228428,0.08119058378900945,5.314660862858029
1.3986732067723766,-12.699297318924126,-62.1326104404179,0.008865994317403647,5.315327927786554
1.4121689041274128,-12.70455113201653,-62.13570347576653,-0.009048957987175754,5.3190140735322915
1.4258681576317027,-12.694150179327375,-62.13213248912277,0.050138249741678464,5.356937535036882
1.4215147412231819,-12.679700152592993,-62.1312449389628,0.0005062193098552825,5.312217563778213
1.4197787510448594,-12.678976823352025,-62.13153427065919,0.054634300411279924,5.351003196755434
1.3973532105575523,-12.680965663272097,-62.13506003242035,0.031133719115729264,5.383429808006556
1.3960080927910579,-12.6867432018789,-62.1349853893789,0.03344260645876318,5.364587394573669
1.397274022284611,-12.68651303288007,-62.13475522038007,0.008918404489620002,5.401385284795596
1.4146676237009148,-12.683350559895288,-62.13159274739529,0.009344414234647047,5.351693938047116
1.3997996915574948,-12.708380439199532,-62.133352107346255,-0.0026811715627133026,5.296517723389259
1.3855696072976598,-12.70926981946577,-62.14046714947617,-0.02238840375729012,5.324537072301597
1.3944646972428552,-12.699217026003847,-62.15060062724835,0.019894209873626778,5.374015842491505
1.3995769938603215,-12.695730953524148,-62.13520786726373,0.008363609460360522,5.287396238726264
1.3901126156946657,-12.699787115595143,-62.10951884081409,0.03350221898543282,5.369712223371991
1.3896980497600877,-12.699964786709963,-62.108393590420235,0.0551110387928162,5.390108094956123
1.3934256808452825,-12.712697115017924,-62.15468840125896,-0.025237051441521885,5.335975590810451
1.3927285086234842,-12.711651356685227,-62.15416552209261,-0.007207836071287943,5.349030627432506
1.375469729751039,-12.720777330995844,-62.16032006118516,0.0022575713240939876,5.3190625209046285
1.4014680927843963,-12.700593338507092,-62.153445045322876,0.005680126622678472,5.322587429155189
1.4030194874150466,-12.699888159129523,-62.15365659913614,0.03683007599524046,5.375025357075254
1.413301223431097,-12.689433888537398,-62.14373150050589,0.08824203653587404,5.353828019014159
1.4016904506226355,-12.682399421040879,-62.12264110281368,0.05729103120225432,5.331323573960437
1.3848019129478175,-12.685445954570962,-62.14349413524258,0.0554721241872187,5.390958176166249
1.4159529024107698,-12.722094177468552,-62.16548306898113,0.06534200002808177,5.377769192797305
1.4155264117595352,-12.721556452199419,-62.165343888784825,0.036663354017960614,5.389048528358678
1.4049795498401032,-12.708372874800128,-62.16138881556504,0.017488204910421246,5.341817546842832
1.3956456264602803,-12.689366420852803,-62.14310565128505,0.07541592121144447,5.351321218471395
1.400079605010224,-12.682825986444637,-62.13667960432369,0.03627341073568857,5.335553531681295
1.409337012850872,-12.697373341622798,-62.171064262017524,0.06912668297252367,5.3694447339144435
1.4155431359237178,-12.673733371957693,-62.14465694932212,0.0016633798631744412,5.364125952231507
1.4157406178536427,-12.672548480378145,-62.14317583484768,-0.017254024278997804,5.354923619594898
1.4488008067383302,-12.713255222493517,-62.145684842024636,0.021542341321548975,5.344493891202687
1.4495675777160868,-12.674157141571987,-62.12491026820764,0.02488446641882547,5.3821615860994525
1.4492301361201856,-12.673096610842011,-62.12519950386127,0.019720435068578013,5.311665918388952
1.4451618986845165,-12.678825061511935,-62.117392817270805,-0.004857161649425734,5.35903975987283
1.4453786043438002,-12.680465749468599,-62.1085391631354,-0.014451986137927975,5.3227042076351045
1.4398911962311511,-12.67304115881967,-62.11208565188443,0.01077512439745476,5.348750068945336
1.4391876756443904,-12.673520831947007,-62.112437412177805,-0.03442946704599592,5.307173938527539
1.3959014751471206,-12.703802518455758,-62.13417766240192,0.00029208788835433097,5.362752580156214
1.3956639024077868,-12.704277663934427,-62.13433604422814,0.01782542533314313,5.366475814474379
1.3975295528711862,-12.706633196913945,-62.14780212585948,-0.014923159583915435,5.308143543672413
1.4086255089944346,-12.671623307311219,-62.12435292377783,-0.016137201147344626,5.3111706417228275
1.408554387617079,-12.672405642462131,-62.124708530664606,0.036708378458428115,5.383630639163245
1.407013180037681,-12.689358925835508,-62.13241456856159,0.01142640191382327,5.353455122815828
1.4055705022756613,-12.695715413076984,-62.14574343689074,0.04409055669682971,5.351605523374134
1.4041336343123179,-12.691404809186952,-62.16585958837755,0.053428152997710754,5.371651027485377
1.3992745037040677,-12.708566047683728,-62.154540841089236,0.015191954831323073,5.336315299833991
1.39404296875,-12.727078855802189,-62.1400917994665,0.020958592130995157,5.315238678787674
1.3945659430343813,-12.705513936903651,-62.17433418256197,-0.006274070798724551,5.327198172298055
1.4100625225662013,-12.714268700354356,-62.1484375,0.05349147528636422,5.3627509895663215
1.4104818383968105,-12.713346205527017,-62.1484375,0.052698566443595496,5.299179463687321
1.4171984925777465,-12.698569566328958,-62.1484375,0.058394943339962424,5.3713572412639845
1.4208984375,-12.686186440087024,-62.15763120272811,0.004906138482965616,5.367066051740228
1.4208984375,-12.68565092690087,-62.15879148129812,0.06449752354177463,5.389596901405339
1.4208984375,-12.676529769957046,-62.17855398800973,0.03602426480996712,5.367255887835242
1.4184601665337306,-12.734127410562897,-62.138671875,0.05459212880026598,5.404223843124191
1.4352016018791636,-12.71571183168292,-62.138671875,0.05735268659566373,5.342208689103349
1.4347941476217543,-12.715596477378245,-62.138671875,0.042636317455773565,5.3729550017842485
1.4342671478289728,-12.692889895591572,-62.136348516842055,0.024332633646807267,5.353682602166265
1.4343726613599799,-12.690674111440421,-62.13613748978004,0.0187700847446024,5.386523235410419
1.4199573285919171,-12.716681650826269,-62.16886554191819,0.010606541533363156,5.317383976947894
1.4188519123533694,-12.72027425360155,-62.17135272845492,0.031418979840040606,5.392408953444498
1.4326109802122329,-12.727121422469681,-62.172992844939365,-0.0015635730492249422,5.3805277240969005
1.4417259720360602,-12.70625913732813,-62.16373407976803,-0.042516638030903664,5.327946228952333
1.433523367117117,-12.686382671734235,-62.13280480187218,0.023822084273305677,5.364994960398165
1.4223422697455226,-12.716473988479029,-62.15594812498351,0.01672017360249356,5.359586548876523
1.4213973533544737,-12.717324413230974,-62.1577434661265,-0.007111631487020986,5.336982765824001
1.4128707248505,-12.708540068102167,-62.16272724975083,-0.004232235940008877,5.357439869589849
1.4100451251211288,-12.698552000726773,-62.1368096545542,-0.022701054582427105,5.333756458633888
1.4102089927953072,-12.699535206771843,-62.1345155071157,-0.002179751187640022,5.361710978429001
1.4231335379039673,-12.71271495025707,-62.1303098315438,0.01672898373325893,5.3846789017586625
1.4302877604752293,-12.713251576273949,-62.14354502465256,-0.03133125659249458,5.321260844560812
1.3956719271793763,-12.673170085089279,-62.1544763404302,0.027381988056447426,5.348744376672812
1.3986250775856848,-12.683072057231742,-62.16064453125,-0.018672634874207006,5.333072207576444
1.3980343146345524,-12.683006416903838,-62.16064453125,-0.0004037071573037565,5.319233398296826
1.38369988627074,-12.681413702641194,-62.16064453125,0.030997528992472212,5.332614895382931
1.3900647949936962,-12.690966088923618,-62.16064453125,0.03171601638494792,5.349174694193473
1.3921705912481614,-12.692620643123556,-62.16064453125,0.036162456881712046,5.333340625554532
1.4056125606902474,-12.705311430526098,-62.15990849767537,0.04317790246933839,5.325942739376529
1.374120563760913,-12.688959543859132,-62.15732633870635,0.018810399202891404,5.318083729694202
1.3726198881400424,-12.673952787650425,-62.16332904118983,0.043540765233629486,5.371643644345462
1.3949482423839783,-12.67989599619199,-62.13121044892403,0.018473773847887287,5.3334986194961225
1.419248652637453,-12.712335801662359,-62.13939695429981,0.022223416178107414,5.373810111384107
1.4207767992615516,-12.716749948000826,-62.14592311080693,-0.007400118426204472,5.325977932317584
1.4140707281928093,-12.68724323529836,-62.14189946816568,0.020264492177474835,5.327990253051916
1.400629344102485,-12.685073051143373,-62.138671875,-0.018465176436805564,5.358723710367785
1.3914743842068744,-12.70263671875,-62.14188260567891,0.008431907907677783,5.340347120944679
1.3863816927750499,-12.70263671875,-62.148248469968685,0.006481159898484634,5.370162234315571
1.3849096059625756,-12.70263671875,-62.15008857848428,-0.006229013605292266,5.418223728353931
1.4188458974206768,-12.699179863382932,-62.14742205088293,-0.01941377822851109,5.338583244345779
1.4322358054606605,-12.69862356953934,-62.13469047098859,0.006538373015601451,5.397924449509724
1.4312265538104791,-12.699632821189521,-62.12157019953623,0.012630849663835875,5.392524873024184
1.4204745124569642,-12.703591829181011,-62.127843879224045,-0.002073445595883072,5.338472049310683
1.4032244177316444,-12.709341860756119,-62.150844005524476,-0.0022412417962129894,5.330669769508517
1.4202438048163883,-12.717828661517343,-62.13943763509988,-0.020119161282607934,5.360232398006851
1.420993955315585,-12.716006867447865,-62.139759128170965,-0.0024376520860016626,5.385741096281819
1.4305675741392947,-12.69275665030457,-62.14386210766684,0.009326234807446099,5.382006980517186
1.4147600744376023,-12.694175482865559,-62.16262553419992,-0.018736893259813314,5.286347436597999
1.3979467894900497,-12.70117430425995,-62.1401464357898,-0.00876416034192573,5.36552207312472
1.3984747486525704,-12.700646345097429,-62.138034599139715,0.01319936481786499,5.383632088428118
1.3993302530317164,-12.699790840718284,-62.13461258162314,-0.006337885860716597,5.381789245030927
1.410777619785481,-12.678933041679038,-62.12293593164294,0.01230178914049418,5.37959357856669
1.4186289808775308,-12.676847059229754,-62.15772138758198,-0.026415009359354258,5.341963173998306
1.4185195109223516,-12.677722818871187,-62.15958237682002,0.00029237843958185294,5.340397749974318
1.4080470719393907,-12.69775390625,-62.154993226997476,0.011090332145485604,5.3425879797597675
1.400147554697775,-12.69775390625,-62.16552591665297,-0.009270264616787927,5.296395261157727
1.4231034856478748,-12.702553298243368,-62.119321369431034,-0.012654915150974944,5.32254600139693
1.4207370222107438,-12.701718075853792,-62.121131017941785,0.008526491374936995,5.3489482713934695
1.3832252619539551,-12.688478631057277,-62.149816481667564,-0.0036582376479401546,5.325105257388198
1.4017946379833581,-12.677101717349986,-62.1272913511333,-0.01260800807256146,5.330739777183013
1.4201698776186404,-12.68864447224152,-62.12774947852648,-0.025838372533627307,5.348172204450556
1.4376730590663744,-12.711982047505167,-62.14087686461228,-0.02132624426715779,5.336735967972485
1.446361259240037,-12.71910072614203,-62.14613706804402,-0.034513075793242365,5.289945205042447
1.447649719533656,-12.720131494376925,-62.14691014422019,0.010022300993725253,5.311301911831319
1.4251604198155114,-12.695660435319365,-62.15432806298458,0.01158017102186193,5.38239006090097
1.4128719463695205,-12.690764276608562,-62.14984204476096,-0.03731598155529525,5.332951414239443
1.4161008398778359,-12.706069567328669,-62.1392156114705,0.005389160962266715,5.308052196738958
1.3870024055352297,-12.689122903390919,-62.150534582313675,-0.05477315999141297,5.334945253750147
1.4244319578800688,-12.70751953125,-62.13451560441073,-0.0330569397987972,5.322821449898112
1.4215416642620806,-12.70751953125,-62.13607191635888,-0.03788840777066582,5.34304230993531
1.4210214846755733,-12.70751953125,-62.13635201305931,-0.06526475525372177,5.347620396247675
1.4052158401503347,-12.70751953125,-62.144862744726744,-0.0661038781079526,5.356280183635238
1.3823690787806115,-12.69818041927449,-62.14737673925919,-0.02188209764638316,5.331953257154091
1.3697079254040907,-12.688051496573273,-62.14357839324623,-0.04451104339129586,5.340873964481922
1.3880222270798068,-12.690043044401262,-62.123393699086115,-0.02117925107489782,5.316974210774131
1.3896733304602709,-12.689939850439982,-62.12452883266019,0.018501794568834384,5.3645737065174295
1.4196285075736832,-12.688067651870394,-62.14512301692566,-0.0014279786420843266,5.384995914626646
1.408445975573589,-12.696882896911722,-62.1620064019411,-0.01331636787395496,5.270346585341233
1.4076530111365966,-12.697449300081002,-62.163025927645805,0.017889005567013783,5.409867030543286
1.410034033728577,-12.662842672628537,-62.194945656573836,0.0023353119798770194,5.398786265060206
1.3912987042748044,-12.703829611202346,-62.17408153584922,0.039335399503954704,5.373851766594269
1.3911861637528002,-12.705180097466396,-62.173631373761204,0.0073264641368808725,5.357710913965789
1.4055825832172046,-12.706500789745913,-62.157316130266395,-0.003625750063449118,5.271918433111183
1.406801533058187,-12.704794259968539,-62.15670665534591,-0.013823219330788561,5.354109316526619
1.4165734618419712,-12.690813635362042,-62.152570501727006,-0.007538645319129955,5.349603908153636
1.423069446264492,-12.678923792714372,-62.1450921591715,-0.00841901627215691,5.378485524736659
1.425266350556549,-12.67983916950273,-62.145824460602185,0.012533053464181876,5.351890748244824
1.4271362485353971,-12.680618293660583,-62.14644775992846,-0.02368752528417417,5.364283138414663
1.4236283347939378,-12.671259051304922,-62.141329649532956,-0.021793282291369565,5.38360241306178
1.410678470288965,-12.660346119656305,-62.13420274085158,-0.017478200350794282,5.395844212759808
1.3997626786764428,-12.666583714863462,-62.135762139653366,-0.049029837357835504,5.345131263811075
1.3985868691101848,-12.697891948792588,-62.13202548052963,-0.025722265375890174,5.379860854648865
1.3988542822920442,-12.70163573333862,-62.13149065416591,-0.03962364647782124,5.390536713715795
1.4122291941544909,-12.710970996554137,-62.1427984338169,-0.009019284958398543,5.381813908362337
1.4139160393214,-12.71081764699351,-62.14402523030193,-0.052125658141633835,5.376606360497322
1.4151828948682108,-12.70435303514377,-62.148839669029556,-0.015345419617190714,5.421930945037902
1.387077862919329,-12.685030825678913,-62.141813411042335,-0.02270508984328501,5.351511193128328
1.3760406060401738,-12.710561261116087,-62.15346838781474,-0.0041468683138958795,5.391215450816812
1.3752907572857693,-12.713060756964103,-62.15459316094635,0.03046123363523634,5.380289549897347
1.3684847705253136,-12.720492236503135,-62.16651834467406,0.01230542609543761,5.392377567749451
1.3650976250210385,-12.72005878112377,-62.164140531313116,0.028869685904496123,5.406140519154065
1.3814506144660705,-12.711959650534624,-62.17700637143006,0.01808838017680614,5.335925490821499
1.3998854839415746,-12.70069389696626,-62.19236876265965,0.03337061987444656,5.364317095144359
1.4020805866306254,-12.699352445322951,-62.19419801490052,0.03813186755130005,5.376176942126665
1.404220176707418,-12.69307688522871,-62.188528957393544,0.038635674101684,5.34524079598356
1.4022020412173388,-12.69798186840262,-62.195304800510684,0.050491572060565204,5.373352482173505
1.4043157419304262,-12.680015412341378,-62.20270275300649,0.0897690918362315,5.3496692138606985
1.4084445648595258,-12.668694870088894,-62.20179167924166,0.06519623364332006,5.339428930126763
1.4174481453028973,-12.68970322445676,-62.17027914768986,0.058710875070644875,5.357554185327782
1.417462111203382,-12.695176661527537,-62.15562588027753,0.06595979122725737,5.3697560358429826
1.416055067921448,-12.694121379066086,-62.15457059781608,0.053034818694300156,5.3586411940263785
1.4391461953708202,-12.697466549813376,-62.14599609375,0.037585721066278666,5.311377435354986
1.4379671851432279,-12.70123938254167,-62.14599609375,0.01950210650545614,5.29575571278599
1.4318659593489504,-12.718900364967485,-62.14329182583986,0.01999387568908162,5.348609242066439
1.439400829700934,-12.683109730795564,-62.1263383675479,0.009084298897960252,5.312503556831965
1.4399058821002269,-12.680710731898921,-62.12520199964949,-0.04249991393784569,5.338310700814766
1.4086885704830998,-12.701009744753756,-62.15372894651033,-0.06745769017429382,5.3204975827725685
1.411997910455707,-12.700274335870954,-62.151706572082624,-0.07491293212065386,5.365647448753204
1.4337919133909904,-12.695431224107558,-62.13838801473328,-0.05005616463566298,5.409413393488606
1.4453125,-12.693472569991114,-62.133753561214455,-0.06355759573045816,5.335022691564051
1.4453125,-12.694580896370242,-62.13818686673097,-0.08324479320019407,5.334807029908842
1.4453125,-12.6953125,-62.14111328125,-0.09997252125629075,5.352035867630701
1.4453125,-12.6953125,-62.14111328125,-0.07845501865352844,5.34119215577641
1.4416667609198797,-12.706249717240361,-62.12653032492952,-0.0421798637551376,5.356433940330464
1.449358946899355,-12.707344748183065,-62.10968886862887,-0.07858310113842037,5.438118879763408
1.3950373049693576,-12.732297458964497,-62.14264082905009,-0.08122866522742811,5.351728727814373
1.3951047097370832,-12.731825625590417,-62.14473037684958,-0.041112031272518834,5.357789618140968
1.3951275179528473,-12.731665968080069,-62.14543743153827,-0.011022900892811549,5.3749683345329915
1.3958285185483443,-12.715609404233444,-62.182253148386756,-0.032776550194270726,5.321997360717519
1.3952471246425797,-12.709795465175798,-62.17760199714064,-0.044077547424734576,5.303789181645816
1.4116178529452434,-12.70499062327157,-62.17520546702157,0.033066957633764105,5.343718388049138
1.4125873938076998,-12.717838464938126,-62.18905154700084,0.013569174240515736,5.310814808723433
1.3779403660350558,-12.720713803535055,-62.19482421875,0.053112947661574594,5.38116789680976
1.3603804573595626,-12.703153894859563,-62.19482421875,0.07093361910784779,5.334300517855185
1.3573632477487136,-12.700136685248713,-62.19482421875,0.05461567651649091,5.333273004517918
1.3964101349221771,-12.702151288615209,-62.16166963676348,0.05606622967552255,5.379504300658613
1.3847339158189478,-12.736490283343608,-62.15839879874383,0.05779951821297402,5.307418248341148
1.3945812387880616,-12.729456481222813,-62.16261908001631,0.06290414406612399,5.306676123540338
1.4219829020997183,-12.695335660054425,-62.15087890625,0.06243833770858487,5.294491778426449
1.4197868538621945,-12.697348704272155,-62.15087890625,0.08483238988486619,5.340719439767031
1.41784472839268,-12.681458306777781,-62.15026660339268,0.04125221669508505,5.31788882273384
1.4205787840083324,-12.684073490410144,-62.153000659008335,0.05150888182340907,5.358617800544528
1.4500199202529582,-12.71223457725283,-62.182441795252956,0.06470909585901552,5.389075008729841
1.4498456313829116,-12.705059040291145,-62.1766726085095,0.027398587357183146,5.36476643498544
1.449799869124044,-12.70409803285492,-62.175894650108745,0.013016353735295638,5.411725167714091
1.4480763967872678,-12.667905113782624,-62.14659562038355,-0.02446965648378807,5.359544494936577
1.448263168334961,-12.661981582641602,-62.14128303527832,-0.03669298091980977,5.397738557482433
1.4539886474609376,-12.671524047851562,-62.143191528320315,-0.045906392378228134,5.438615141870925
1.4574487534928398,-12.67689578648926,-62.13881343051432,-0.06063244216079511,5.412913114005703
1.4554839414980616,-12.681037145500161,-62.13640064350113,-0.08680821903091385,5.364358188314375
1.4329877881120887,-12.690851220790297,-62.16249753431045,-0.11005168512539854,5.376076852679218
1.4343652119596404,-12.695442633615468,-62.1693846535482,-0.07017230403977237,5.383638724641761
1.439255298144862,-12.71258759882945,-62.17989789863083,-0.11420285779631456,5.325707518897847
1.39892578125,-12.72308822440116,-62.20838566307186,-0.09211252116396906,5.356910715710513
1.39892578125,-12.732121408707027,-62.207301680955155,-0.09221205357228257,5.356771923591196
1.3990947309417041,-12.734093417180492,-62.20658071748879,-0.08101201979201278,5.305563246190592
1.4028460447029147,-12.727841227578475,-62.19657721412556,-0.05851301446467971,5.384849989927241
1.402141597589262,-12.698887021755818,-62.199825207232216,-0.03795299305534172,5.330980455936145
1.4002043655414655,-12.68790937348497,-62.205636903375606,-0.015709115520380124,5.324203202722768
1.3961521048310317,-12.712606983856892,-62.20165003224655,-0.009179900671767882,5.3693011196795775
1.3947867730852823,-12.710103875656351,-62.19960203462792,0.016327870072515793,5.354184369360471
1.3944402278836168,-12.709468542786631,-62.199082216825424,0.015923958533278437,5.349329521285563
1.393670503094226,-12.708057380672749,-62.19792762964134,0.030730037625730233,5.357048090491328
1.3841962600858928,-12.696153329971368,-62.185187717578735,0.005416002590209246,5.336712806126883
1.3692992337975014,-12.701119005400832,-62.17153211014771,0.010039443867796649,5.407653027755495
1.364226421203412,-12.700825283622867,-62.16829964572884,0.053463540487271644,5.348024492717261
1.3736273241829566,-12.732780703554521,-62.177628486274436,0.035638766508668596,5.383013835354777
1.3831028419572722,-12.729399784835456,-62.18816425311682,0.0377378934693553,5.396844497373687
1.3845882583759819,-12.726428951998036,-62.18989723893865,0.025039238012027454,5.402509051697392
1.4069901364635304,-12.69052819834853,-62.19963249556382,-0.005107176268595026,5.383194669297349
1.4079866524857447,-12.690112983339272,-62.19788859252495,-0.009217901630577785,5.389202940425004
1.4262754477013542,-12.682492651999436,-62.16588320089763,0.017728974432998257,5.395079122434115
1.4326616309126434,-12.681463089865057,-62.15680482711115,0.013927237047781205,5.411820276690713
1.449227535325755,-12.688089451630303,-62.145208694021974,0.0020893706167299797,5.37388781231451
1.4355261170489746,-12.677565599297694,-62.14792574870487,-0.03706162532007795,5.359286939273993
1.4360376597214803,-12.678716570310831,-62.145495921010465,-0.04311761186826857,5.338677856147248
1.4362204131395535,-12.679127765501496,-62.14462784227462,-0.03533865636136113,5.374980377195971
1.4093144001574844,-12.690261296678145,-62.15485251257874,-0.05870973447548522,5.335602242932626
1.405206637260659,-12.695396000299176,-62.15279863113033,-0.0592212826547609,5.330235544098512
1.4056951211582853,-12.704523246158285,-62.15087890625,-0.03454311158600376,5.338164276453163
1.4230459773275435,-12.721874102327543,-62.15087890625,-0.08004026767544303,5.4071999987229535
1.4239265401607801,-12.71913670396097,-62.15087890625,-0.07273549940347834,5.3737615598797515
1.4302279320420694,-12.686579512574308,-62.15087890625,-0.057998989417896496,5.381675833875676
1.4384912287699374,-12.648621901959734,-62.151884801289874,-0.06464937635577428,5.321206496469868
1.44501071692694,-12.69027427235255,-62.17543933667561,-0.07059814562741451,5.319118270262947
1.4360077458551184,-12.697776748245735,-62.191944783640615,-0.026077107007679956,5.384438646172797
1.4348694082794442,-12.69872536289213,-62.19403173586269,-0.05419465882486918,5.3239127506821475
1.43310546875,-12.7001953125,-62.197265625,-0.05705262345924211,5.366913667730829
1.4069908727282239,-12.722538405114111,-62.17717872045383,-0.06169899861339445,5.329898104878808
1.411415091431518,-12.724750514465759,-62.17386055642636,0.013086981689824029,5.3624778565002
1.4166285467931818,-12.728123394388067,-62.17316830431932,-0.03873369009158978,5.414250099645641
1.4223068345142627,-12.73806039789996,-62.19872059906418,-0.0017818204246822233,5.367822160619333
1.4130480872486015,-12.724131369247802,-62.177975003746006,-0.020049625141666638,5.39513861984139
1.4105912894301633,-12.720270686961685,-62.17095558140761,-0.030720468311258742,5.36558981814221
1.4154052116714455,-12.697753659185782,-62.16522238414994,-0.016942873559671057,5.338519969498279
1.4131854220252151,-12.68887450060086,-62.17299164791175,-0.00886774504365917,5.339180308694757
1.4100467646049686,-12.68826639776522,-62.17981376528499,-0.015312879690014825,5.332284580262967
1.405092632734155,-12.722945320860914,-62.17816238799472,-0.018996591816289765,5.381518848981656
1.4204263272260034,-12.736088027119001,-62.163193858208494,0.025633907978075854,5.35611352603069
1.4085897012851143,-12.698466035841298,-62.153269460017555,-0.02637250293436466,5.302020447693127
1.4027344462010896,-12.683496283619572,-62.14907227749185,-0.041240951581357876,5.375793334522954
1.4040344594286698,-12.686962985559786,-62.149288946363114,-0.022775187824606746,5.390422238252341
1.4133944359987647,-12.711922923080039,-62.150848942458126,-0.05363000680996777,5.3641650168440815
1.372975886338201,-12.684516290336548,-62.14337461362183,-0.030855255770362078,5.380404445854774
1.3659082468423578,-12.683304694994405,-62.13933596248135,-0.062159006909354275,5.346910944987188
1.3653840543143805,-12.683020407341417,-62.13871440570429,-0.032796975811535845,5.366345935695585
1.4078809611841858,-12.66847113072358,-62.13623248296051,-0.07534231267227653,5.377283934449265
1.406320863587996,-12.661918720819584,-62.135296424402796,-0.06548039574687436,5.325987341428678
1.4085735703795226,-12.655571578643697,-62.13547081895748,-0.09840383365717287,5.396261685953015
1.4227630279876373,-12.674111683088546,-62.15537579908073,-0.0642221467797981,5.365758613164385
1.4211007701608287,-12.673088755195126,-62.15588726302744,-0.0739465213969197,5.315162295931591
1.4204412327581273,-12.672682886024232,-62.15609019761288,-0.06821614177516722,5.377343756641034
1.411345040210063,-12.666227852710064,-62.154487827433435,-0.023435542199791826,5.421263651904778
1.4053551118030458,-12.662475144795431,-62.1453995016187,-0.051322667925632004,5.353956468719285
1.3910923269782771,-12.681577762184832,-62.142341295010674,-0.06562391511070587,5.353205357024036
1.3896597884514865,-12.67728014660446,-62.15953175733216,-0.049901088245078995,5.38468214016782
1.3988726094712363,-12.70897470176678,-62.12838894905034,-0.046149840460429914,5.332627894447264
1.3724257227420325,-12.724406283433124,-62.17519142296656,-0.021795355442108644,5.341070477070937
1.3728760801245354,-12.724148936357409,-62.175062749428704,-0.03573898450386537,5.3482933354621816
1.3831002191629285,-12.718306571192612,-62.17214156684631,0.0022659918208915997,5.416671496955911
1.3816535237687142,-12.702332695864524,-62.156647996700976,0.02934330156980991,5.409864210291278
1.385641455563929,-12.694404593504975,-62.14116974389702,-0.005117306175165481,5.356964034682825
1.3975684099189594,-12.700412119483792,-62.149578064347246,-0.015614291982103623,5.34818721299018
1.3964099562397712,-12.700163418745616,-62.15086827499854,-0.012433406443207673,5.354865522535119
1.3961951906901175,-12.700071376367193,-62.15083759420573,-0.01023753338616018,5.359630403592189
1.4151678547666002,-12.67085767571992,-62.14559258952334,0.01545509156829894,5.423346208193419
1.4177631460854332,-12.67397202530252,-62.14533306039146,-0.02918097411020426,5.4035288641116574
1.4236530363263,-12.68103989359156,-62.14474407136737,-0.010885487900125668,5.381576216193242
1.4252853773359118,-12.682998702803093,-62.14458083726641,-0.04523929580224717,5.363693547557394
1.4272000591158,-12.68529632093896,-62.14438936908842,-0.03324223682115246,5.387629215290307
1.4283163335519262,-12.686635850262311,-62.14427774164481,-0.053293172953559065,5.386422733936952
1.435546875,-12.6953125,-62.1435546875,-0.06732821569539738,5.373573865620494
1.4324842856331517,-12.711692420187887,-62.120116769897905,-0.07379834834328847,5.396315956031745
1.427783391045943,-12.706319969231078,-62.12750388996352,-0.06911636204088722,5.383732447198723
1.4223422532444898,-12.700101526029417,-62.1360542493658,-0.06349832357636842,5.386956082479844
1.4175381326393344,-12.694611102480668,-62.14360358174533,-0.0492281999723474,5.3655360216242345
1.4170883838826749,-12.694097103901628,-62.14431032979151,-0.07421093241191556,5.360552824388885
1.4140698098003366,-12.6714671265537,-62.12264631135404,-0.0682371525242047,5.360361191884055
1.4038472745471087,-12.684079949948227,-62.144490487901116,-0.06042208028003415,5.377884184812974
1.403316738944125,-12.685065230353768,-62.146006303909644,-0.06079905263750618,5.358839653300698
1.4085619426001403,-12.688091852169888,-62.16552734375,-0.05406974783976182,5.3839764345175976
1.4378340918330657,-12.688807440208166,-62.15988212563898,-0.05015318149165182,5.351058622187217
1.4638381338355535,-12.705059966459721,-62.15121411163815,-0.05166540740270875,5.33094381583354
1.4467353240991445,-12.708066467917064,-62.15164382881911,-0.05015579654670432,5.350267142189688
1.4176079985764387,-12.714461860222302,-62.1724696727223,-0.026700199910266065,5.425502535966247
1.4208984375,-12.701452980216075,-62.17468877795268,-0.04003287094734276,5.351058739638958
1.4208984375,-12.69955459292136,-62.174372380070224,-0.04798222634353522,5.360029041162061
1.4208984375,-12.67701213522565,-62.170615303787606,-0.038895882404787585,5.345438560051838
1.3997524514370423,-12.69268566648508,-62.16032003353639,-0.03618651883817847,5.3646782187083835
1.4036578154364592,-12.694523484837745,-62.16353621565356,-0.007606807327476872,5.410308595727106
1.4147124820500114,-12.70488615709545,-62.17660965582728,-0.04529498772492957,5.40209695395832
1.4032753014687722,-12.709045131852264,-62.17453016844887,-0.0461463045593149,5.378877057750749
1.402308597114386,-12.709396660708405,-62.1743544040208,-0.005718834611840862,5.403490404096655
1.3963012111650221,-12.709176283157111,-62.16833507766996,-0.004037395978556901,5.328684187049836
1.4088426278402917,-12.691259973621012,-62.14325224431942,-0.017132638795445132,5.36326594210318
1.4117160537355795,-12.680366692805102,-62.12975236646782,-0.021810573975173497,5.360296496139955
1.382826044614695,-12.713701318713813,-62.180865459527844,-0.020172691673209897,5.39354362999007
1.383185715222532,-12.713044046369957,-62.18081748386996,-0.02225885085356083,5.419358977806194
1.3940132999444061,-12.698607266740792,-62.166380704240794,-0.030842704904316065,5.38911089711639
1.4130165689525291,-12.688616200067509,-62.1464143310981,-0.03296369288413814,5.405874873597632
1.4206019520774806,-12.686219033329078,-62.147261222924115,-0.037148385567491005,5.3924517974698345
1.4151276682279748,-12.676588310747997,-62.160281448888014,-0.07971865316547166,5.372601299260021
1.4364571787399885,-12.678527357158181,-62.147677647221826,-0.016845911892872323,5.428647126725222
1.4564064287757437,-12.68034092534325,-62.13588945401888,-0.06744704875710283,5.397662819132113
1.4364758555684454,-12.682941197795824,-62.09137316922854,-0.05350344814613095,5.364092261869304
1.437990625187515,-12.685061875262521,-62.09864406340007,-0.07465340067980719,5.39246693642621
1.4383910478463278,-12.685622466984858,-62.100566092162374,-0.07428285320759187,5.376491993355728
1.4170914907304069,-12.6953125,-62.12397305927579,-0.09111309069120921,5.365349368511795
1.3918829249289857,-12.712556701633575,-62.1260564767756,-0.04577145236781632,5.414357453097231
1.39248431174903,-12.71636548482719,-62.128662486329134,-0.05236806307659947,5.419939536849179
1.398562251742517,-12.710741625115306,-62.14147681075748,-0.09617799855607245,5.370201458779087
1.3984512060221905,-12.708742802149427,-62.14158785647781,-0.052359780043005344,5.389690673426381
1.3972640523433997,-12.687374035931196,-62.1427750101566,-0.05310750078368187,5.439144457933748
1.397960963661841,-12.68810573036841,-62.14576957049276,-0.06049063937454946,5.373108218152527
1.4016283970638665,-12.722262954045952,-62.15087890625,-0.022626023764061642,5.424765296568193
1.4036577944446753,-12.723000916729882,-62.15087890625,-0.06298185676106982,5.402820662991965
1.41845703125,-12.7239990234375,-62.16064453125,-0.005212355183346062,5.45995754106687
1.3920806734193458,-12.702568232700093,-62.18702088908066,-0.027311644934258084,5.377974240753322
1.426143147062057,-12.686746952204707,-62.17817409099162,0.017396591205965706,5.4415084197724415
1.4386696806957149,-12.691167595135713,-62.156045910282856,-0.018039910512371193,5.381288360873093
1.4371779421542554,-12.694896941489361,-62.15007895611702,-0.029632851185681375,5.409805562058482
1.4298378206076199,-12.70471505298418,-62.13887207072148,-0.04335739602099409,5.371145881516198
1.4153795588185254,-12.703108579452058,-62.16136270017118,-0.043551779523880896,5.358636627162721
1.421244463582677,-12.74308332308071,-62.20841535433071,-0.06395828466115461,5.396772078921895
1.404001103044484,-12.723665403985821,-62.21317086111772,-0.03525464577201376,5.422583066896996
1.3854771427593588,-12.702511294056153,-62.209872589253116,-0.0401144983929953,5.377116230177608
1.3924150573722789,-12.729495874032654,-62.215574789425254,-0.06208855443868799,5.420801791219713
1.3925981551607525,-12.72729870057097,-62.21639872947338,-0.06232457061842922,5.413208726770438
1.3959408162409295,-12.687186767608846,-62.23144070433418,-0.04339919112207724,5.3906350645628125
1.410672038875214,-12.683938138778895,-62.22952128371147,-0.10286737685294156,5.415051906037707
1.4279209832657291,-12.685273224391562,-62.2236685842736,-0.1330403964642386,5.429358989819451
1.4469291835804705,-12.656218111888307,-62.20918741053856,-0.17608133862958653,5.454134721006356
1.5129744048588563,-12.686825726712362,-62.189592619028225,-0.17887524352462947,5.447962044796545
1.513758237386252,-12.687034748719666,-62.18943585252275,-0.23392853095950272,5.444973028862084
1.5848758313677684,-12.658409183667562,-62.18136624624117,-0.28222821639201356,5.443978860922589
1.6281577140425687,-12.628111865795201,-62.178120105040556,-0.32468043981411654,5.518281637977985
1.6292044186752368,-12.627379172552335,-62.178041602193105,-0.3799335845559142,5.430623570299947
1.6584962903403373,-12.603897211312452,-62.114079987604086,-0.47061738272250864,5.428026187369497
1.6589275603925515,-12.603544353997004,-62.113491892078336,-0.5387433726195638,5.442206645114011
1.6891684288789284,-12.60225436637893,-62.09875528663679,-0.5523835236778893,5.401315954795894
1.6891294165685182,-12.602215354068518,-62.09863824970555,-0.6492906150879634,5.460033708143027
1.6879639508368163,-12.601049888336815,-62.09514185251045,-0.6786066931484669,5.416951215906051
1.6927036499012287,-12.608228986466042,-62.10529528459566,-0.7284025736953907,5.463729025685617
1.6966034999590767,-12.625448976567615,-62.141657492243766,-0.705073923475581,5.511820246560624
1.6812496648228732,-12.625729728487375,-62.159601292443,-0.7531291252724657,5.432118637878415
1.6802223868314334,-12.625351257648424,-62.16003383054466,-0.685029901635076,5.445068201137089
1.649388884313455,-12.61399154619443,-62.17301635792065,-0.643977637742239,5.442254638946738
1.6029425476981813,-12.631888935032386,-62.19205104995855,-0.6189628398305587,5.402432491998502
1.5627611474496534,-12.659231916989931,-62.20893214551007,-0.573190172547541,5.385504811927193
1.5505171107051077,-12.659579347193223,-62.20703125,-0.5166513039504537,5.396918999314751
1.4833661890546264,-12.660033695437306,-62.20649072208038,-0.4414927852028825,5.441044660256523
1.4276411197553698,-12.670298839781905,-62.2050242728883,-0.39233329653762894,5.391904255936242
1.4258076001907545,-12.670636593385913,-62.204976022373444,-0.2847648099523923,5.348882692064997
1.4186565973682934,-12.688387413486586,-62.20647078996707,-0.26730507418180594,5.358451790727999
1.3557882214868564,-12.699382115351314,-62.19617954733114,-0.21664687537706584,5.408605347026512
1.3209639011595804,-12.720956028264771,-62.18740967740544,-0.14460135441284194,5.412328039445955
1.303126284950658,-12.740806178042764,-62.16975483141447,-0.08280849602105889,5.468944871675782
1.3016287820381032,-12.757278710080866,-62.13680976733827,-0.02704753433781093,5.486406134189886
1.2693784615996633,-12.742095826959797,-62.13911139228811,0.023272757035584846,5.558470339613221
1.2626989818277246,-12.738088139096634,-62.141248825815126,0.06899939919046005,5.5775920815553635
1.2358366679369919,-12.73285507574314,-62.13964208587398,0.1665937769599708,5.655589398585865
1.2228190104166667,-12.75726318359375,-62.113606770833336,0.177238796728588,5.651958713630013
1.1834625304921993,-12.742926021338533,-62.132631529343485,0.21060618755619487,5.661563411627588
1.1819295604264213,-12.743948001382385,-62.13298922235884,0.2838847598907961,5.707710399344996
1.1364704251138824,-12.763880207158804,-62.150166480738655,0.3272204562191092,5.744680059955448
1.1207712333141069,-12.764116059657217,-62.176403430393044,0.3616156406743869,5.692053691588615
1.110081661837962,-12.770795457845086,-62.19970703125,0.4279154111384855,5.746863038480174
1.1118620114297268,-12.770384607939294,-62.19970703125,0.47652058061632374,5.7009603664664485
1.1081409127585047,-12.780933401910996,-62.2100811157127,0.5296969618258629,5.684147725483259
1.10682042626499,-12.781813726240006,-62.210697342743,0.5804680421109225,5.713702497829549
1.0579116380628977,-12.814419585041401,-62.23352144390398,0.6081853425209403,5.626898118223853
1.0158581241152447,-12.817787667086879,-62.2623493271188,0.6325879788783197,5.585066950987993
0.9942883603450055,-12.81230621870194,-62.29023284379806,0.7018851537315953,5.565516206273068
1.021963736449229,-12.786168363492395,-62.31637069900761,0.7599672280057916,5.504137492249028
0.997486817376201,-12.77589167397231,-62.32907602705538,0.8234804054621634,5.540645894450805
0.9962655698909474,-12.775801211195626,-62.32925695260875,0.8514542665775195,5.430678865862473
0.9866682637952238,-12.772423282043398,-62.351226080262215,0.8709399885354969,5.405077447270468
0.9977121959647344,-12.787957935654388,-62.39584249153526,0.889300120084954,5.416669483725453
1.0230793217541767,-12.780399622904422,-62.396207708623955,0.8786339161399326,5.35933598663454
1.0662883512057566,-12.761495672519356,-62.38540545126106,0.8602546344866937,5.247337945652176
1.113667111280488,-12.754370712652438,-62.38670684070122,0.8244327875578392,5.268045327555404
1.1784751333841463,-12.737753271087398,-62.3783981199187,0.7438871810533243,5.229126103653751
1.1805458627096037,-12.737222314850102,-62.37813264180005,0.6854403907573641,5.204971700015422
1.2980346731778611,-12.714773322816207,-62.33377309344862,0.6619109353991064,5.174749972572293
1.2998170226753862,-12.714087803778698,-62.331716536336096,0.5547034422957751,5.154203956163097
1.3431026533295638,-12.697439484296321,-62.28177157788897,0.46166404165376207,5.159731266190642
1.3716865774397302,-12.707488938853514,-62.28477251493973,0.3524770740070693,5.154807644767074
1.435172964305391,-12.715707406842615,-62.22145289958656,0.24251870170134282,5.240169857901086
1.4378708181321531,-12.715347692999046,-62.219174711910625,0.19988583425210038,5.277477281360144
1.5036203236115226,-12.706581092268463,-62.163652907283605,0.027952719368656176,5.2634279349592665
1.5351699852302965,-12.694769277828813,-62.1367050147697,-0.018058246439821346,5.226924904029205
1.5436646750891039,-12.67951913744272,-62.12263158732179,-0.13698133187703831,5.340269154921165
1.5657707882510183,-12.665308064695774,-62.07841936099796,-0.21494329005848556,5.388949358779957
1.5663026269730143,-12.664966168374491,-62.07735568355397,-0.2544747282446309,5.413257585981065
1.572265625,-12.656643462162137,-62.0654296875,-0.29477070984826526,5.447123270102662
1.5669198349661235,-12.676296712627037,-62.057411002449186,-0.3348520346957713,5.455804079876155
1.5404445016217565,-12.686467884543413,-62.05931886227545,-0.3763142123476939,5.489048499958033
1.49363178814572,-12.669659277155324,-62.07945854482766,-0.33600143411921124,5.473523247658766
1.5107173494781618,-12.666552811458516,-62.07790531197926,-0.3634356855875751,5.497341043039246
1.485216061493054,-12.68209934567784,-62.091246020862016,-0.33425181571857365,5.542060187841714
1.4835659474089125,-12.683032018855831,-62.09203520585878,-0.26847486434492396,5.513852770491838
1.4408361418884925,-12.69608556731385,-62.11533639058498,-0.2243278310554615,5.524034362439206
1.4036371038397075,-12.701535612167644,-62.15283746238382,-0.17884563503928064,5.517137602823066
1.392716060919168,-12.720257400031427,-62.188720889122735,-0.14417804476761376,5.438854477082666
1.393234358135592,-12.688781317457632,-62.20538287995763,-0.10329180389271642,5.423250786555591
1.3859582225714497,-12.704722354591272,-62.2280835548571,-0.08692761086390988,5.44258479594965
1.385451581633594,-12.704666061153732,-62.229096836732815,-0.035195803926725944,5.4134797687196965
1.3704172202016502,-12.702995576550183,-62.2591655595967,0.021367739265997443,5.355549772348992
1.3889157371728869,-12.721923549672887,-62.26220591744155,-0.015199529211884055,5.421485540731276
1.3854476676685992,-12.718455480168599,-62.248333639424395,0.016083345795223636,5.451294567557496
1.4073372211402266,-12.701911904656516,-62.24941731309756,-0.018913833639530253,5.401034851638515
1.4726477838574914,-12.659612224932818,-62.278772255698904,-0.024292090781415254,5.385693980066725
1.474359513193186,-12.658542394098008,-62.27994906961719,-0.0419582814621009,5.40650778607569
1.4762256842734545,-12.65737603717284,-62.28123206223488,-0.09235928443406749,5.436081548890069
1.559392314302241,-12.647999189708582,-62.29871152609664,-0.1377805094696214,5.417555434582708
1.5847559607100679,-12.638735199559898,-62.294496918309896,-0.2049239560163585,5.354446026231232
1.6039394645679155,-12.627998043863707,-62.297576179704365,-0.2652328633570846,5.330528010648913
1.6573511754089523,-12.600356025142016,-62.32167204430097,-0.3538987208416984,5.31407280033847
1.6619466488270567,-12.596257359661003,-62.32216885223806,-0.4134756474231125,5.303939354834998
1.727432409219491,-12.539039863492174,-62.329305291070426,-0.5720983367184402,5.288436928886429
1.8317932526353606,-12.537300516101912,-62.34495941758281,-0.636564133319439,5.268100504256583
1.8397147219053984,-12.537168491614077,-62.34614763797331,-0.7306792787132963,5.268371745006473
1.87255859375,-12.568432651428822,-62.34425745639025,-0.8024167577180918,5.265092432866124
1.87255859375,-12.570158414051543,-62.343887650113956,-0.8546449925644595,5.241003891091911
1.8889901525687174,-12.515658609750346,-62.38465690084116,-1.0138655259988951,5.177146219705422
1.9134793106798103,-12.531504535586937,-62.3961812105405,-1.1034119571355632,5.114490252026753
1.959085039758045,-12.499664450806517,-62.45902139975825,-1.1251373787342942,5.130674569295674
1.9587393373427848,-12.500816792190717,-62.46224795563401,-1.1937706109602146,5.090907402282173
1.9583409958942342,-12.50214459701922,-62.465965809153815,-1.254481748117044,5.083340874331699
1.9548085618905702,-12.513919377031433,-62.49893519318801,-1.253041615651881,5.082904933151994
1.9542168555711084,-12.516255683286674,-62.544128537919924,-1.253029348727921,5.044527486541165
1.94930223984577,-12.506464878712789,-62.58265446171808,-1.2932552303610123,4.9771148813969965
1.9174252950392867,-12.496161184535316,-62.59917626746071,-1.1851730750998115,5.032214499699477
1.8841146239320903,-12.536874226999668,-62.63248693856791,-1.1753302447955463,4.96857369634372
1.8826749920101646,-12.538633777126465,-62.633926570489834,-1.1243070608913257,4.946419867355249
1.8557385026702622,-12.553555819387162,-62.71945680982974,-1.0755221236168921,4.942140851945299
1.8103101701300761,-12.550310938491434,-62.76488514236993,-1.0083162830469945,4.853280427695031
1.7844551182561867,-12.552012914371133,-62.79902064660876,-0.9372223042165473,4.890313027456149
1.7750858164412817,-12.557868728005449,-62.823615063872886,-0.8628565700605009,4.884091291586921
1.762200777914888,-12.564944532917556,-62.86167344806119,-0.8107473376271486,4.831986336143627
1.7373507994421087,-12.523308639230272,-62.91483629628881,-0.77008823198382,4.800064416975027
1.7292727106977301,-12.526828064502523,-62.91966951310076,-0.71220774317257,4.7900301951519095
1.7175386628836318,-12.539865895407075,-62.92358086237212,-0.6730385755389534,4.75879708598871
1.726672402850233,-12.57240134661163,-62.97317994548977,-0.5780418884720007,4.608877705774813
1.7385151271011823,-12.575384095717316,-63.029883587647255,-0.5193096832674797,4.5942797313678705
1.7454381353746693,-12.53038454193965,-63.08699840590352,-0.5084262087425486,4.565900957125125
1.747199382195041,-12.535672528780164,-63.09741108243856,-0.5050385629198502,4.515661641224446
1.7353641603468057,-12.535758564700847,-63.21244079012001,-0.4809195492021274,4.531681607901348
1.7344907802111187,-12.534623170524455,-63.21654567675774,-0.48704854190503966,4.502418350877013
1.7365533333018848,-12.498450455689856,-63.296879485633845,-0.4964815649381791,4.444109673264123
1.7376745311691322,-12.499851953023915,-63.29842113270131,-0.46479586723137345,4.413023976760389
1.7507717396138833,-12.516223463579854,-63.31642979431284,-0.4324308347606802,4.3920505022275345
1.801539661574582,-12.511479799926231,-63.33324676257377,-0.504589685751867,4.274964828239056
1.8050019993781683,-12.51069290497087,-63.334033657529126,-0.5041801176952134,4.18447750086006
1.820487038770616,-12.494515669702961,-63.46980829879811,-0.48787413607554697,4.162545635260591
1.8214680354339894,-12.494252151652384,-63.47302198450492,-0.536491771545073,4.108214063142154
1.8299304723294587,-12.453350373324284,-63.53649026122094,-0.5411434529949446,4.032960906967734
1.849681097933249,-12.422353035116679,-63.58841476771662,-0.5809236864055123,3.9659210375705984
1.8597396210202606,-12.420916103247105,-63.593444029260134,-0.5717803449032601,3.9447147130993327
1.915635359749514,-12.408595933690592,-63.71351200912972,-0.6079959271405073,3.7988427980277226
1.917347347611992,-12.40818831753286,-63.7178327404017,-0.6510173093426914,3.7506975531718143
1.9342588979911581,-12.399035175710171,-63.75611209845798,-0.6784027051680539,3.685200885214002
1.9515143987960908,-12.389174303662914,-63.79393544841185,-0.7342841338177095,3.581973690797775
1.976447259013395,-12.381841109481355,-63.849667724191704,-0.712166092224578,3.565666667050286
1.9781181111341135,-12.381349682387025,-63.85340257010861,-0.7488125515103263,3.456898487093142
1.998996552181236,-12.348328220520045,-63.901595631484966,-0.7998953229470374,3.331408318671279
2.0159692544894434,-12.299617539406265,-63.94023405837483,-0.8190021154754277,3.2443868996891183
2.064702863105749,-12.29457613161837,-64.00073095182955,-0.8502037109684011,3.2222974080580995
2.058576312792882,-12.30237470301517,-64.05391257000132,-0.8996755841362472,3.0733487775670545
2.059981637117857,-12.265962630443955,-64.09338256564067,-0.9282810065128473,3.006574836673165
2.07763671875,-12.21435546875,-64.1259765625,-0.9658914605170565,2.9646477291969067
2.07763671875,-12.21435546875,-64.1259765625,-1.011578089308017,2.862375401085546
2.0974208462622856,-12.224247532506142,-64.16851243665141,-1.0521525461625174,2.7536072644669574
2.125728667447862,-12.222573652602959,-64.23905497057352,-1.0852462829394653,2.7249375035792345
2.1281349636985247,-12.178891304452213,-64.27754782575292,-1.1006366691181455,2.582814807738012
2.1476367482154832,-12.149638627676776,-64.37115639143431,-1.0703722567323553,2.452071678475433
2.124684271576426,-12.138110009381055,-64.4121789662282,-1.0762274327753971,2.3354612589655392
2.122978831881747,-12.13736851386163,-64.41484835009814,-1.062881958093783,2.2682971249964283
2.1009946262400607,-12.127810163582636,-64.44925841110252,-1.0772249358991672,2.1032810394021144
2.1016326083093073,-12.101589552557662,-64.50401941406095,-1.1191123639159457,2.0547621389617987
2.11423601909451,-12.0599434700855,-64.57143213620704,-1.0938028355160156,1.9298447926800335
2.0795314737456296,-11.982646982717538,-64.58720692954743,-1.0269775615860084,1.772904478363299
2.0780851180679534,-11.979425554162715,-64.58786436394638,-0.9959180345073406,1.671659814519519
2.0880608102616045,-11.912893086922269,-64.63390238908063,-0.9719468948378989,1.5292272829910898
2.0988736843470694,-11.86487834557265,-64.65787978335196,-0.928396713949823,1.500284303552604
2.0823747885916357,-11.775000240236777,-64.68358353993696,-0.9077893068415932,1.4186231945404841
2.081064497168409,-11.769571890054838,-64.68601693829439,-0.8906118766884532,1.2803287027311738
2.028300602276542,-11.734498121395845,-64.70756315603029,-0.8613399571461713,1.1317017334281454
2.1132349167427007,-11.672716126824817,-64.74511362340328,-0.8570284650821947,0.9497376591201161
2.1028933858710164,-11.626917918678787,-64.75988723893427,-0.9062376780142074,0.8953063426992335
2.102090160172245,-11.623360776298513,-64.76103470421822,-0.9154097267014834,0.7877084594851089
2.1006321894263533,-11.580084331806608,-64.76806640625,-0.8586798032143292,0.7110204603169715
2.1084112624076305,-11.53185407932269,-64.76806640625,-0.9138319942535276,0.5882354997060258
2.1007177600856366,-11.534195493219274,-64.81989136298515,-0.9528919844282342,0.46398858664204834
2.087446729673989,-11.471158098763949,-64.82542095899001,-0.9526921560812553,0.4560908676290895
2.0865149861313834,-11.466732316936572,-64.82580918546608,-0.9583278402648858,0.2840565770592009
2.0767616304111853,-11.420403877265631,-64.82987308368284,-0.9554078818378144,0.2650468273707746
2.0668681960409683,-11.393519573887957,-64.86097151979516,-0.8934540567836251,0.064490167177986
2.0388852349337907,-11.347360808222986,-64.8770122133554,-0.8672494150990389,-0.025497072130113
2.004981096266586,-11.303833792208232,-64.87637210168833,-0.8319300568467156,-0.18000575747075973
1.987120498566938,-11.280185831671334,-64.87540934313583,-0.8141303127825097,-0.2595813017775446
1.986132138344428,-11.27185536693875,-64.87498576018332,-0.8042215262670567,-0.4087093387551317
1.9788205600114028,-11.210229206703252,-64.87185222661203,-0.7259280078271217,-0.4483312468422881
1.97021484375,-11.1376953125,-64.8681640625,-0.457819016163711,-0.9889632636028959
1.955867556404189,-11.112587559644831,-64.86547394612266,-0.6993484889251107,-0.6711286124954701
1.9331648247803903,-11.072857779303183,-64.8612171839432,-0.6836897021916428,-0.888854270253621
1.9055842504961966,-11.008611716022218,-64.8736238903769,-0.6235751720316784,-0.9549972252501036
1.9044428032645067,-11.005900778846954,-64.87419461399274,-0.6488395982380695,-1.1105654844003467
1.8893798255217062,-10.963012408858532,-64.88443612109243,-0.5745249600661282,-1.223633903487382
1.8955585876850836,-10.92802171890976,-64.87284810105986,-0.597162647766524,-1.3604021526405357
1.9078060679720517,-10.886229884728092,-64.84893806128399,-0.27916519446006305,-1.878610542936558
1.8647792719957967,-10.805085638949562,-64.85703312848739,-0.46796414807015196,-1.4692069706275357
1.864665541055991,-10.803720867671892,-64.85669193566797,-0.44087194245521744,-1.5215311435234011
1.86053745536984,-10.74403402922736,-64.85332973213016,-0.16815348343612868,-2.127984489856371
1.8554504082330963,-10.685105189642943,-64.86005661127817,-0.1648294493728173,-2.2531286678126414
1.854545417649057,-10.679373582610694,-64.86156492891824,-0.15046042757654732,-2.418223053335627
1.823028523739756,-10.631906476319802,-64.8569688631599,-0.15080425645686546,-2.504984090680545
1.7777050055388794,-10.59508111778159,-64.8385561838908,-0.10463000929823352,-2.6202025328755214
1.756006612231553,-10.565224695415749,-64.80168887234994,-0.034263083255467564,-2.737951193390171
1.7551083468130506,-10.563827393653634,-64.79979253424422,0.017658431627495474,-2.8776205694145105
1.7387993735605,-10.5168983388557,-64.7713368101968,0.0015079710888699083,-2.991041928783325
1.725797123839718,-10.469337841390631,-64.7486212557626,0.05907715259077406,-3.203283620406569
1.7223862896267954,-10.416469911090328,-64.71962916495276,0.07955732170104568,-3.3050542290525704
1.65771484375,-10.33935546875,-64.6728515625,0.14046496385283547,-3.495188231146566
1.65771484375,-10.33935546875,-64.6728515625,0.18493410297485013,-3.6074762085113257
1.6566573830127407,-10.321731123129013,-64.65593219070385,0.19058577592124948,-3.721600207522224
1.6534773459662568,-10.268730505687616,-64.60505159796011,0.27840623893338545,-3.8697686864963092
1.650646150672809,-10.221543917463482,-64.55975247326494,0.3148609774811746,-3.9436303484732935
1.6623688372233392,-10.16218538002264,-64.47421221938129,0.3069263744069559,-4.102860688920392
1.6533589336158192,-10.143198821504237,-64.45526571327683,0.22447809467979596,-4.354164207625246
1.633284308161824,-10.10423043091707,-64.41747818301049,0.28476763437195984,-4.519719226065695
1.631542417019774,-10.100849112817796,-64.41419932909605,0.3126989730341876,-4.659483733829639
1.6262995889208174,-10.037432312334657,-64.3640399077495,0.3268875167773473,-4.796987582337297
1.636579062899106,-9.952259527943122,-64.30383156016238,0.3329868334482029,-4.91002020927446
1.6273368746057701,-9.932707121166791,-64.28442123761687,0.290215459580196,-5.153709083801121
1.5829007961477544,-9.892613654183917,-64.23097479584196,0.34501035102320543,-5.2513199789151495
1.6513270993457723,-9.807205419507643,-64.18257343629496,0.4247251977317177,-5.404601982609457
1.65023015256367,-9.80548164599291,-64.17755882243392,0.38023815493110646,-5.557131508084029
1.6402042626682676,-9.789726676157278,-64.13172618291208,0.3601731161314632,-5.750197416702528
1.628087004052901,-9.743163062606655,-64.0960177581058,0.398535204461993,-5.819485900229849
1.6225563212651257,-9.711418963795378,-64.05863010975798,0.43861776024957067,-6.008436170962317
1.6367816481020434,-9.651434632452794,-63.99826183999935,0.45873469756836016,-6.158867304766095
1.6472393430919146,-9.596544410198513,-63.93949434967277,0.4304215933354669,-6.22697514432983
1.6476267087957037,-9.594220215975778,-63.936008058338665,0.4327069088603821,-6.3976827672762555
1.653135438238082,-9.561167839321508,-63.88642949335726,0.42991132217944994,-6.523555806503298
1.6633042818555102,-9.519717810986224,-63.84102276517087,0.41793725113467417,-6.6426585282365975
1.6874208792118879,-9.453556249059575,-63.795345995035774,0.4201361849656706,-6.6641605265682315
1.7073070635884655,-9.392367989439338,-63.726509202963,0.3402956712908747,-6.853035100957508
1.6928101524939905,-9.343095515324519,-63.68982506385216,0.3608797707856013,-7.071680063637657
1.6913465294471153,-9.33910381610577,-63.687030874399035,0.3015790732724781,-7.140225786255539
1.6951020701018915,-9.283694128095586,-63.60889216244117,0.27455938136769475,-7.2455984768391035
1.7063816097624174,-9.236474768982202,-63.53383384594495,0.2942769066891344,-7.37564115587132
1.7096874089186826,-9.20127021435988,-63.49398464824395,0.24337390139184834,-7.46301568907909
1.713064126777387,-9.1759448304196,-63.48385449466784,0.18359177517055514,-7.612938864055386
1.703413225816288,-9.137398438650674,-63.43846791446696,0.21295967642060987,-7.623088673981689
1.6884901968804538,-9.092658856264263,-63.3790671750193,0.19798543291705073,-7.800025762588825
1.6868767951934265,-9.088439190313577,-63.373358215203666,0.1511988591546185,-7.950860021200164
1.6640377876854275,-9.028706401446502,-63.29254326555998,0.26823162665968425,-8.022905629557556
1.6381515420932249,-8.968668857826424,-63.24138620858062,0.2324055166478871,-8.195329758391413
1.6318413287681421,-8.885259297518141,-63.16803127347011,0.29668646912817564,-8.33617172564789
1.6157590615977722,-8.869177030347773,-63.113936374806144,0.34220734771241723,-8.422330456996093
1.6149879006988608,-8.86840586944886,-63.11134246996435,0.35142710278547895,-8.525156856986966
1.61534504672717,-8.83001304761415,-63.046688404656,0.4135627224048335,-8.734618775988753
1.621799866753041,-8.782699771844484,-62.98378149826217,0.47961654097505857,-8.772307404203586
1.611642695467664,-8.745456810464768,-62.943152813120655,0.5045094752882875,-8.896094351802695
1.6208027040311106,-8.70198680371289,-62.879698571013115,0.5688885001350314,-8.961605924774917
1.6315673153984,-8.6802247442032,-62.787148327421086,0.570094458878657,-9.095391499703192
1.6326475109162821,-8.678064353167436,-62.77773519505097,0.5537333697595699,-9.19452204186357
1.6345275999364277,-8.646274889223092,-62.717305541454756,0.5807684344592445,-9.292296687379725
1.6399187265035808,-8.601604536376923,-62.67295860603276,0.5720618072446513,-9.433320932006819
1.652952824583194,-8.567241914167035,-62.62674680375049,0.5890780960508266,-9.535390114441931
1.65283203125,-8.53932611406323,-62.52536130074048,0.5759559262448448,-9.641437297017168
1.65283203125,-8.529884729416576,-62.52088906590785,0.5625243393152317,-9.762171346541788
1.665922959508685,-8.483002821741316,-62.4590645635946,0.5697923565461167,-9.815162616923903
1.666883960935257,-8.482041820314743,-62.4557010586016,0.5273665126963891,-9.977150595173045
1.6822291732250096,-8.451193063492832,-62.42665754552499,0.5176056824856232,-10.05968839524371
1.6951135945786378,-8.404314839606812,-62.371885649289446,0.5220818252125383,-10.134696695706221
1.703028912017176,-8.364738252414119,-62.307313240879765,0.4748434151124883,-10.170351445651663
1.7034740975381242,-8.36251232480938,-62.30419694223313,0.47897571003386474,-10.29546093537564
1.709650499727559,-8.31920018995197,-62.21279539675493,0.5179382758835658,-10.392674475568498
1.7171597460526438,-8.288887744243391,-62.14274824728612,0.49394267868915165,-10.568782362168694
1.7180734592214213,-8.286603461321446,-62.137951253150035,0.4886985411731217,-10.580761232571051
1.729645236258677,-8.257674018728308,-62.07719942370444,0.47499327805860503,-10.641908039510993
1.7420021984258316,-8.243349364074168,-62.027709712321794,0.4734520366521764,-10.791897391871501
1.738184843787737,-8.219373721659522,-61.97211879273714,0.5152027421483183,-10.860155440518636
1.7364282066376846,-8.216179835932154,-61.96636979842788,0.5046516833623116,-11.005647018521216
1.7208726364539622,-8.186245173927736,-61.9122802064525,0.48168556742656676,-11.109988022972528
1.7140050977949484,-8.138172403314638,-61.821285319220564,0.5009182736288835,-11.162368754202456
1.7029624275012627,-8.091341784754293,-61.75833397225429,0.5167150387432855,-11.3159027600604
1.7168296679354011,-8.07861328125,-61.63993996113759,0.5198060726921909,-11.332731650779213
1.7235044574741707,-8.035309743879147,-61.430875326783806,0.5663550084445177,-11.493688999544185
1.7229363494631313,-8.033646489629259,-61.4255760967099,0.5639878467895869,-11.631024262703352
1.7204980446857252,-8.030070309289064,-61.416310538555756,0.5100288640852426,-11.76810125058757
1.7036009483354506,-8.00528790130866,-61.352101572424715,0.5456529478493906,-11.879385597302251
1.68701171875,-7.976120370096881,-61.278180012405485,0.521181720889345,-11.946355463977154
1.68701171875,-7.936107152351134,-61.18815027247755,0.5648985286425017,-12.103374088702974
1.68701171875,-7.905807469403016,-61.10590354577435,0.5284097814668058,-12.224622349570069
1.68701171875,-7.904453052588894,-61.101704853650574,0.5067810143523275,-12.346648572342882
1.676078693662594,-7.8651501434877815,-60.99626537306823,0.5776660705740824,-12.51831605429963
1.68730856271676,-7.834757390164385,-60.93943859293715,0.578596509407717,-12.614648225832168
1.6803525133654356,-7.808637479442348,-60.8585505833752,0.6486639163129126,-12.657297524371996
1.6605871766056848,-7.80029296875,-60.749027693091925,0.6602631907574761,-12.824367821212872
1.6483933302976859,-7.788127628290449,-60.6525841722572,0.6602334593913355,-12.978378375669468
1.6460525292369947,-7.773870021829877,-60.627686560975306,0.7261283438885329,-13.093874365511782
1.63155620678323,-7.685574239611492,-60.473498403967085,0.7637078184953054,-13.21586287546034
1.62353515625,-7.63671875,-60.38818359375,0.8208065026141611,-13.317619151682564
1.6252570383198475,-7.613473342057058,-60.30811607750209,0.8526430235899625,-13.489343569448511
1.6171442043704825,-7.573377641679604,-60.14824851035198,0.8972583666814984,-13.59596731395793
1.6087454238855874,-7.575297362933294,-60.13864990408353,0.9368015069079547,-13.719568545815427
1.5578720266465478,-7.51852533468027,-59.96728268596319,0.9312948570405268,-13.839431516767814
1.5593265896440927,-7.511516985692099,-59.957894142979036,0.9566535377055487,-13.948086322498735
1.5651948281342813,-7.451146496556653,-59.749354517420926,0.9992294788056881,-14.075132615284693
1.564118057037979,-7.4477965420348236,-59.742415325911416,1.0563989804468434,-14.203968941495678
1.5505342499380772,-7.403578750309614,-59.64712742867268,1.117660029807709,-14.287767481352349
1.5507641279335922,-7.402429360332039,-59.6412272267878,1.1292187571580854,-14.420782512843328
1.5542674996848573,-7.384912501575714,-59.551307351838666,1.1144659176758154,-14.721937281252249
1.5501548881331184,-7.35987261875902,-59.4247039569192,1.1399927173198279,-14.847644661992765
1.508514810078519,-7.189667153828519,-58.751886185021206,1.1211572723254335,-15.038870999109713
1.5488161933659468,-7.065822515677574,-58.35799276194219,1.155047451397209,-15.145354917739763
1.5381802285354587,-6.992706100695022,-58.02510108649284,1.1928617484276458,-15.26145366139466
1.4250501249117529,-6.800222843775214,-57.2353918121344,1.2175092548617528,-15.360410757509806
1.4043818386250626,-6.77371798380035,-57.049337906750374,1.247790299452987,-15.454631964470432
1.385848160579064,-6.729152326066854,-56.96896165862731,1.2284240013942735,-16.814042575342594
1.369132556166271,-6.711242749910291,-56.908069099694984,1.2421276147388056,-16.917819617159957
1.3658249287057547,-6.683887434679152,-56.81441372693566,1.805717809361198,-18.733996829406053
1.369764700443787,-6.655917737610947,-56.681516387758876,1.9799057779943183,-19.062252626502946
1.376671630653001,-6.65764447016325,-56.58827282993449,1.892798820691894,-19.084953568911338
1.3769212528557442,-6.657663051515584,-56.58432126356478,1.9178772363725756,-19.223956693381474
1.364579561796263,-6.637607803543927,-56.52569823103225,1.9787032998207934,-19.211636918073367
1.3752982343112823,-6.624188926568872,-56.45773413605856,2.0350057848421415,-19.347283056190463
1.3678825086932354,-6.605288364733462,-56.36481194919174,2.084614156242722,-19.490053732688175
1.3506024687215974,-6.582691389385935,-56.26511941089383,2.0315424789917955,-19.597264819173727
1.3606186640549522,-6.55923573308927,-56.17453196620873,2.01871907898105,-19.72690107634054
1.3614234759275108,-6.55749197403206,-56.16782520060408,2.023991404359819,-19.843612233100895
1.3732650809481115,-6.563071449547167,-56.03790887237266,2.008549391009211,-19.967274939729382
1.3544296722170226,-6.539360205155528,-55.903254766971486,1.995482737469331,-20.02053905886493
1.3681044786502075,-6.495600824569336,-55.832145773518924,1.9822931956710335,-20.17916279827853
1.3731441260373445,-6.457490587488886,-55.757293248925606,1.9032860680936352,-20.300151122092203
1.3623357115939445,-6.429697521777286,-55.675458110997006,1.8645873225749625,-20.427840769569325
1.360429945823068,-6.424796981223603,-55.66102874158894,1.9261117967881063,-20.53259901438515
1.3916015625,-6.432289474204527,-55.564206612529595,1.8568540454063651,-20.679217630268493
1.3916015625,-6.389419963013562,-55.44864532149308,1.8145564990252439,-20.7848240714886
1.3899894340275314,-6.383401638889874,-55.37473585068828,1.818669403566858,-20.83307661024225
1.3800094208345184,-6.3671100312525395,-55.24288783334772,1.747106434030357,-20.975885210255115
1.3787005858502113,-6.3643053848575954,-55.22699483710971,1.7241997145829515,-21.10099116858759
1.4048917816461373,-6.348046314428366,-55.1095602222106,1.7116502428255131,-21.099436782905027
1.3892452415072298,-6.328395187526362,-55.018490789887764,1.6722311822851879,-21.34990696440024
1.386392439671592,-6.325884721911001,-55.007536030838914,1.6854643148846975,-21.415796314665986
1.3631999491702476,-6.305475330269818,-54.91847686731375,1.7235543627975574,-21.493705255270648
1.358139564639463,-6.301022191882727,-54.89904499071554,1.7018324768386321,-21.631855886543555
1.3901986431663975,-6.268492763083603,-54.76892413168416,1.7427487254897898,-21.76189270008676
1.3903251574333026,-6.268366248816697,-54.760700704335335,1.7202093274248114,-21.842610445858217
1.3916943185081854,-6.264956455561738,-54.67300381858255,1.76763356875486,-21.892646446752316
1.3933763475464653,-6.226269787681297,-54.587220337630264,1.7063524122935263,-21.857275794118223
1.3864756862397605,-6.220396603137799,-54.500251678678325,1.7547437030156487,-21.983008283108393
1.3882992007076136,-6.21241957936303,-54.386998095281406,1.7992411129658166,-22.093450491817407
1.3735312812671034,-6.196251314821783,-54.30396354629883,1.8199007558181677,-22.20843854941057
1.3681737833622665,-6.194068630490182,-54.30316984290552,1.8531084168634209,-22.377917108355735
1.3426256134697256,-6.17901674846263,-54.26976776844844,1.8570216703170104,-22.413279551331758
1.3549876873862787,-6.1735919248749065,-54.20096454942002,1.953291451367079,-22.49714249523521
1.3406686100822043,-6.157840939840424,-54.12793725516924,1.9855734959144797,-22.675389918324203
1.357592220964103,-6.150844837057179,-54.082246977707435,1.9916424137839925,-22.72118536798306
1.3387543300412736,-6.137342153105346,-54.02368125675609,2.0565754625082917,-22.76368944980423
1.336268214353843,-6.136016224738716,-54.01829467276666,2.0394165855909137,-22.830641140581164
1.3094645679063193,-6.121720946633371,-53.96022010546369,2.107261222585464,-22.963964038937352
1.2830317215479314,-6.119455241538669,-53.892754050970595,2.1511794612071355,-23.02334980905779
1.3001184018782384,-6.12024284191494,-53.801311697161054,2.193152844331223,-23.07720880953919
1.2919117205033666,-6.094870119379208,-53.72128314488818,2.1838769929796626,-23.175683479288107
1.2877059892493588,-6.089612955311699,-53.70481069747665,2.2737840977791137,-23.266303038268443
1.2629975861304368,-6.078325405887163,-53.65712802435611,2.280113814553687,-23.35424892301139
1.2286448791285665,-6.070484802464336,-53.59769918921452,2.3308018062550246,-23.365447771632482
1.2453450579149499,-6.045470775903574,-53.470563953472094,2.441185006880758,-23.50858238279918
1.2423698088282809,-6.042700716409089,-53.46204858539646,2.421942267651616,-23.548224636441784
1.2169950291634142,-6.019075921548696,-53.38942421601081,2.502337473419985,-23.588492515757544
1.17935867180702,-5.9840351750444665,-53.28170636564595,2.5694316759015408,-23.693835860108766
1.1804748623253183,-5.985046394727562,-53.2793945184359,2.603733714374428,-23.728313765692526
1.2035176797194622,-6.005401343786528,-53.23294554308519,2.671229145642357,-23.774999074329262
1.186049710512858,-5.985437950407552,-53.1693122266897,2.7143686024117955,-23.89126925276695
1.1790661047213467,-5.981223455785578,-53.097300984539515,2.8082188432826314,-23.96693714344797
1.1709698405188331,-5.983829019340842,-53.05325078471196,2.909793054127988,-24.04699652371228
1.1437414365632994,-5.966632132632084,-53.013124715724864,2.9520437785177194,-24.12420043198855
1.1404692819604063,-5.964565508672362,-53.00830259315218,3.00389515839845,-24.159075676990565
1.1269984451018016,-5.972566889780124,-52.99303194214578,3.0170737059889206,-24.265594396271833
1.1167262208645508,-5.958459343201237,-52.928944208096745,3.11987390234529,-24.316765557830283
1.1055260137531526,-5.936046085622242,-52.85569257122872,3.131875967816825,-24.39105126244336
1.106715929914092,-5.935004908981419,-52.847660637142376,3.1342291740968733,-24.40877563190106
1.1088440788047762,-5.933142778702071,-52.83329563213026,3.191063335315576,-24.467898519527633
1.1018545432977063,-5.902829717619266,-52.7257856458984,3.206537294521837,-24.52348176990823
1.102513297066821,-5.9044766020420525,-52.7226565654951,3.197679531943649,-24.53080880172704
1.108930046743754,-5.920518476234385,-52.69217700452967,3.2595897733600054,-24.613771561615778
1.0969278895494228,-5.918872066811272,-52.63494870420954,3.2278648614433934,-24.62368020070752
1.079492689797568,-5.909373367532903,-52.57099320553898,3.243423848166586,-24.748692447805336
1.0856816606430355,-5.889259212285135,-52.53540662317754,3.2372991439862204,-24.755433308435016
1.0724649069369556,-5.890387846394131,-52.482645054567605,3.2533991316446844,-24.845871453629297
1.0713490090989215,-5.891168974880755,-52.48030166910774,3.2542948844758683,-24.905697509089606
1.0611128044325255,-5.85462209979078,-52.330905374973796,3.247638456376464,-24.988016466478967
1.0608967563562226,-5.854066547594573,-52.32899180629797,3.245096947802452,-25.04652253843
1.0511034954689114,-5.828883876741486,-52.24225149558178,3.3244172790711985,-25.15943683677322
1.05089406110923,-5.8283453312451625,-52.2403965055389,3.2919937261930414,-25.184474781195963
1.0588053318629462,-5.81298828125,-52.167899825605254,3.3135440349925886,-25.268438354409124
1.080128076672851,-5.81508751610905,-52.1079139014095,3.334754648969337,-25.340564829155472
1.0679025628175116,-5.819162687394162,-52.06716218855837,3.324294123686556,-25.40486029977279
1.0712380132413923,-5.8258892633591985,-52.037520714218395,3.341876641458242,-25.456811998548968
1.073533389160279,-5.826399346896729,-52.03854088129346,3.3324636313748073,-25.552933836829105
1.1077067987159555,-5.796831079748202,-51.99260676371146,3.3765159492122763,-25.597657474236343
1.1081336538078803,-5.796371389649206,-51.99188439355589,3.32622215859449,-25.606951668661807
1.1245726837562735,-5.794231767590846,-51.97181108308271,3.3190759654083593,-25.67184220486927
1.104975492778331,-5.810814006110643,-51.953721368333845,3.249427532824612,-25.712385881774114
1.0981993508144026,-5.814380032247463,-51.94855028428347,3.2741656895327225,-25.73023583997426
1.1189632171388804,-5.813972887431361,-51.97998046875,3.2724041472114465,-25.741090290113803
1.1166493553734176,-5.810706259056589,-51.97998046875,3.2399315140541347,-25.714263472019173
1.1158358636172971,-5.809557800106773,-51.97998046875,3.2031110604639252,-25.799912930854646
1.092944933829282,-5.780319492046778,-51.96570835659751,3.1849262182752653,-25.79729305939555
1.101688368213493,-5.799263599879235,-51.93510633625277,3.1847178057939374,-25.807534585475597
1.1130630442653475,-5.820039742831685,-51.88462015451023,3.1445976018439836,-25.788369955616602
1.0941981666603973,-5.7964586458254965,-51.872043569440265,3.1487631373316844,-25.87348486486066
1.0899608543188084,-5.780933031179781,-51.854200874719126,3.143277656611687,-25.877136803265945
1.0905139709700702,-5.780677746571506,-51.85317973628602,3.187308092381002,-25.875384726918398
1.1038401847418546,-5.774527186369144,-51.82857749547657,3.1529095840205486,-25.89420431382518
1.1184386582949897,-5.7663269667050105,-51.81297796310498,3.2088959198701303,-25.895309598800505
1.1063301747333814,-5.757065744474069,-51.8368134926639,3.223281804750002,-25.903748044305093
1.0950666675091105,-5.770078451573888,-51.83997675844433,3.222024427360026,-25.928954071541582
1.1041003814836265,-5.780596989972711,-51.85062006427183,3.205928832511262,-25.90471387716067
1.1037702337246742,-5.78004674370779,-51.85106026128377,3.241098170329167,-25.909099206805333
1.1046245223649789,-5.780804812567745,-51.87255655814217,3.3039831185232913,-25.90288492859902
1.1199798246836827,-5.80469083839684,-51.91009174158789,3.2505862971279953,-25.933616554941334
1.1443915563125389,-5.814593106090179,-51.94531307480543,3.267607287952316,-25.84062772108513
1.132276813268451,-5.8455530049806255,-51.983003386498154,3.206269604619578,-25.86626823219901
1.2520634029003088,-5.958910856399794,-52.44402104240185,3.2077345805009685,-25.87239319254352
1.2526395618521173,-5.958526750431922,-52.4474779961127,3.0289587554261317,-25.772803964079532
1.275855131045048,-5.987324599009514,-52.47957956092893,2.9914104536532733,-25.75005792542361
1.2786935993913549,-5.991424608843068,-52.482102643903424,2.8973504021464294,-25.731267914315687
1.2795297749668764,-5.992632418007711,-52.48284591108167,2.790394289829166,-25.716287390177385
1.28039829776002,-5.99388695093114,-52.48361793134224,2.7012888716064793,-25.6230463087897
1.298828125,-6.0205078125,-52.5,2.619483975205057,-25.605937586753363
1.298828125,-6.0205078125,-52.5,2.5593955275049893,-25.56080486107279
1.2919118194406383,-5.9882317198896455,-52.6198826296956,2.537680908230385,-25.519721872414134
1.291650890866763,-5.987014053211561,-52.624405391642775,2.2353653440843715,-25.34381607451152
1.346195176761583,-6.0136737602557915,-52.675567587676966,2.160235225452624,-25.28256767727721
1.359834918570748,-6.061242824242149,-52.74745728580505,2.0956121069133786,-25.231441129009454
1.340594526000105,-6.067157026000105,-52.84933129462411,2.0313357740912608,-25.17090566745678
1.340196682394477,-6.0667591823944775,-52.85271296527195,1.9767450466504641,-25.077408060995886
1.3704692006261852,-6.083023707875711,-52.99112235550332,1.9453288467230436,-25.077960983053792
1.3716092694423594,-6.0837077491654155,-52.994314548188605,1.8941114229022986,-24.98410629246963
1.38427734375,-6.083365645327546,-53.08538579520718,1.8954931206092738,-24.902738953471932
1.383101738425879,-6.113194116899506,-53.190473115743735,1.875854645663253,-24.875560032575855
1.3880910734357648,-6.158791221132402,-53.288274476722314,1.8839960761215195,-24.737196573839185
1.4161062385805896,-6.198602245285575,-53.36347307790053,1.8553030035011346,-24.649787961133484
1.42822265625,-6.2158203125,-53.39599609375,1.8595626699152632,-24.55225759608487
1.4245611907542763,-6.175690904539268,-53.49640134032854,1.8265675136286887,-24.46580180332361
1.4261374072225153,-6.178646310417216,-53.502312152084436,1.7913336971332825,-24.407608252487133
1.4606110716034963,-6.243284431131555,-53.63158839351311,1.7878186282006538,-24.31128557800908
1.4772498421581828,-6.273051872877577,-53.74569293160759,1.8066473314373752,-24.183930395271826
1.4776153873261328,-6.2735392664348435,-53.75422231885977,1.7589469848789605,-24.07480680115566
1.4582226100448619,-6.305750443569327,-53.98248946410154,1.7247547080622496,-23.949784008156687
1.4580944189602447,-6.306981077981652,-53.98577115586774,1.6759752217078727,-23.812903843878843
1.4523293418855663,-6.362325817898563,-54.133357128979505,1.5924387714387933,-23.68463673323937
1.51611328125,-6.39404296875,-54.3701171875,1.5376089659942807,-23.53904081341228
1.51611328125,-6.39404296875,-54.3701171875,1.4833202543214128,-23.46073677967453
1.51611328125,-6.39404296875,-54.3701171875,1.4399870884278272,-23.401442026525633
1.548646905683894,-6.444650828980502,-54.58339316989997,1.3939816875607818,-23.212939521742907
1.5490650183389785,-6.445301226443966,-54.58613413063886,1.3573938298457904,-23.127900624064193
1.5624996844301364,-6.522624118676485,-54.8795637082539,1.2983347597618433,-23.046616993789794
1.5620878657580948,-6.523173210239207,-54.887937354585404,1.2732440999319863,-22.819392729618205
1.5887649914243294,-6.541954488947624,-55.0359870180985,1.1740853057721097,-22.66154361921827
1.618170785471211,-6.570126582682495,-55.19132557434547,1.1120857021986552,-22.5650164305525
1.6176161403463023,-6.572037027001626,-55.19798131584437,1.1082068240082066,-22.49981177047228
1.6052955316281161,-6.6144746792531555,-55.345828620462605,1.039851082938469,-22.267518180436827
1.5873709758970507,-6.659242423205899,-55.599530819323654,1.0444115873394821,-22.084009565279338
1.613354466407075,-6.727347771746304,-55.78034252903907,1.0608552668719113,-21.983928822345742
1.6748046875,-6.82861328125,-56.1083984375,1.0697832581186475,-21.83818505092469
1.6748046875,-6.82861328125,-56.1083984375,1.0266465318410098,-21.72505220006096
1.6558871525937897,-6.82356860527501,-56.18659091511233,1.019008674721718,-21.476059223737913
1.652509132246185,-6.822667799848983,-56.20055339921577,0.9837482166268643,-21.288395626089127
1.6330344685923321,-6.848712582164473,-56.388493753941695,0.9369009004780935,-21.112454447488208
1.6273118974748253,-6.892319107449651,-56.59107581932872,0.9544909882421564,-20.97596157977678
1.6391554429607433,-6.916006198421487,-56.822870923838835,0.9573720111230557,-20.796786350441764
1.6390568934303236,-6.989316834388048,-57.050439045374475,0.9782128369200649,-20.64635307917319
1.6386501622847078,-6.995960109766441,-57.06575925185934,1.004136273541306,-20.432758182562548
1.636079171400781,-7.055251467777336,-57.2197748436531,1.0142580722511525,-20.257252170525188
1.63775178876846,-7.1137930756461,-57.44056033618672,1.0507044300058368,-20.090596552805803
1.6489937226843445,-7.200253100966674,-57.65106242461769,1.136795159007761,-19.89089015420737
1.6651388535093483,-7.229893280339867,-57.835397909335036,1.154334089585916,-19.66088510331657
1.6750755565608655,-7.2745780178174035,-58.05568059693895,1.2270186316040395,-19.386177042015404
1.672327658271772,-7.282821712684684,-58.067671425836814,1.1873988496104602,-19.219968909388932
1.6581244922666272,-7.344248172159858,-58.22305979912221,1.2740321882170065,-18.90264354228227
1.6648672079412137,-7.368521948588369,-58.41455292428047,1.2846483043398393,-18.781589804749526
1.642748021845027,-7.431516655794108,-58.6515914733744,1.3361589446932527,-18.573594445020742
1.6433004852800595,-7.507925839890773,-58.855614937022025,1.4125682156543036,-18.33310208762118
1.6506549262304118,-7.574109003395876,-59.06677138430308,1.4471894378596062,-18.17274082213876
1.6512534348143229,-7.575380834136686,-59.078517115262336,1.5240621693481131,-17.87091659229477
1.664853280468013,-7.604280506150777,-59.345414086216,1.5959122619493513,-17.64349185260565
1.6662366774012705,-7.670809057337751,-59.501451129543284,1.5938575921158247,-17.38909893320485
1.6731169007634894,-7.7464556478533275,-59.66505791970522,1.5799508465309913,-17.196490546911694
1.681037120778213,-7.815073120577286,-59.89735682905227,1.6261128093584603,-16.94934639429031
1.6614314431617674,-7.895003960090486,-60.14167373473413,1.5963354399660261,-16.69820065168372
1.6378876687708788,-7.948484223724842,-60.41132414174305,1.6121844524801787,-16.383781534834768
1.6394030382624654,-7.953138572877572,-60.427668484116595,1.5590150864199188,-16.193364703465907
1.6617529762058192,-8.021784810846444,-60.66872852907705,1.6015608716318894,-15.998187542784917
1.6924589972921447,-8.090071151059943,-60.888302484204175,1.6265019573823167,-15.672644110466575
1.6866986197446858,-8.163123968975508,-61.13181249816162,1.5387002793473243,-15.444525110437155
1.6925160839075675,-8.237926240157568,-61.37586588357144,1.5183401335294775,-15.198991777822554
1.6986316223295896,-8.24404177857959,-61.39319324243384,1.4837669599090901,-14.981117236081403
1.7259156900295525,-8.313344351305911,-61.582067784354635,1.4446273986409182,-14.698172174103647
1.708872693395126,-8.392004335772496,-61.78789474370886,1.5091315537259646,-14.376679298850169
1.7036443879705598,-8.494741078969595,-62.01588045215975,1.4064659338268228,-14.164772194171672
1.7063841985887096,-8.573266129032259,-62.231187626008065,1.3966432672744133,-13.849623431086558
1.7075800151209677,-8.580441028225806,-62.25151650705645,1.4028640079313277,-13.675784156093837
1.718586189516129,-8.646478074596775,-62.43862147177419,1.4175594330136647,-13.247077694993342
1.7077940725275382,-8.718994452426564,-62.6022878673646,1.3684000242818115,-12.992552629600553
1.696033124193895,-8.781189206255375,-62.77962275970013,1.3142396216122876,-12.784265421023925
1.6989483689810834,-8.826375500456793,-62.97057129326096,1.3350856625852145,-12.542194340985047
1.6957416691291867,-8.943571534551433,-63.1708279957177,1.272055359403197,-12.337849891962966
1.6954991678130835,-8.951452827324784,-63.18355931481312,1.3352877153768645,-12.085137863811642
1.68870227304128,-9.014922283923058,-63.326004059542626,1.273130137280873,-11.850704121432647
1.6758131681217572,-9.073639317445329,-63.51218001949128,1.3196518045800474,-11.546869632546995
1.6635806469719465,-9.213341675286298,-63.747719299298666,1.339613926215307,-11.345007878920292
1.6798930200915991,-9.359554316982793,-64.08938030359919,1.3616826359311887,-11.146664283603572
1.680515297067531,-9.364532532790248,-64.09684762731037,1.3953984716936247,-10.837507301378452
1.682535603126568,-9.427321185673295,-64.19793128488773,1.4088862637719615,-10.660250466565868
1.6793114278882337,-9.435112942499268,-64.21458952361913,1.4268442299997162,-10.335710805358397
1.6331415324730305,-9.546690189752676,-64.45313398326434,1.4723546963206076,-10.08121130792255
1.6356619728043387,-9.623301505239048,-64.62000447556866,1.5164056457469144,-9.774958712823649
1.6419559656248863,-9.734317999216731,-64.7878005960907,1.5542463509027158,-9.477384599796384
1.6302581051180092,-9.846501227258637,-64.96244986077262,1.5884683786552927,-9.227606948909044
1.6211490650746654,-10.178042205324607,-65.41394939421096,1.6054282280616974,-8.908610398939462
1.6258747324761844,-10.210758364258199,-65.44921014328384,1.642432492964744,-8.650109430330348
1.6269370333419155,-10.218112754867107,-65.45713654205122,1.6741141599058835,-8.070262369149704
1.6419010181996654,-10.321709573113067,-65.5687908906052,1.6566973885628613,-7.838826761297132
1.678385377686804,-10.456271571456012,-65.70529500895601,1.6392114406911276,-7.497122681322113
1.6805224486588433,-10.463395141362811,-65.71241857886281,1.6060175938295203,-7.1596061702498215
1.6887994240588091,-10.520294910340798,-65.75537090151329,1.5821354627544935,-6.868234855270037
1.7062597079539863,-10.655215285894439,-65.85378341074065,1.5196790823815292,-6.605242150637393
1.7174274441712603,-10.784622252281174,-65.93246364378446,1.4002157483015765,-6.221920710568494
1.7430678284770178,-10.919231143406423,-65.99344134669008,1.389277191841515,-5.99214379826158
1.791802891087057,-11.057081749074818,-66.02964453605753,1.3519348980373564,-5.633439730743631
1.8004234731024154,-11.081465681061118,-66.03604839698322,1.3463016778427885,-5.3004954905027555
1.8217377908870205,-11.200875228527654,-66.06146410820553,1.2316992507158488,-5.012593057438386
1.8787048101783959,-11.434231885202005,-66.10754112233577,1.1837829797646577,-4.693390846079904
1.912070595622447,-11.566793248993235,-66.13369268390002,1.1143926653058998,-4.382586725508521
1.921728295332856,-11.603744134783545,-66.13200175065424,1.0879998753533897,-4.098266282084756
1.9585951757109545,-11.74339140894301,-66.11636125594838,1.0466958127736348,-3.744729107922115
1.9619359432028438,-11.756045831260773,-66.11494396064879,0.9705067095685536,-3.3887596608301154
1.988380282457102,-11.856213782981447,-66.10372515005608,0.8891673021477828,-3.1735441438866707
2.017748744564512,-12.10866133867147,-66.07250494872794,0.8220320611868601,-2.8541012219933872
2.0580926659446392,-12.18297908858223,-66.02579093449832,0.7440446628742592,-2.5257479463289827
2.0423227502177634,-12.286323841780977,-65.9596698044153,0.6847966006335753,-2.255812516395472
2.0697942533725917,-12.366449059315892,-65.92533042547176,0.7189037849217357,-1.761450612298326
2.074850053022706,-12.381195141628726,-65.91901067590912,0.6693570955685431,-1.404782731282399
2.102906802717412,-12.465657627140017,-65.87246207085592,0.6207389805313426,-1.156343408673505
2.135280439733301,-12.642275578133109,-65.71202023263169,0.5755905331771061,-0.8718166267995906
2.13666503146082,-12.65196772022574,-65.703404995216,0.4677782233154488,-0.5165315257054266
2.1638154856516882,-12.721092105475126,-65.60830324803732,0.4114430362196799,-0.3395166222004048
2.182845684608855,-12.800395890939118,-65.48382867523155,0.02328681060073734,0.39378908530041373
2.1871440494893952,-12.870648811861743,-65.34290922034565,-0.0024304349613686327,0.680068938754362
2.1842417171360675,-12.937123481208051,-65.16582320517539,-0.028233119437913956,0.9641884694693562
2.182449789121217,-12.940395697582995,-65.15678565518745,-0.08663384538540697,1.3436144970940358
2.08710997956568,-13.002480136238876,-64.80375193461018,-0.15561420246821456,1.5999130219645912
2.055241811157864,-13.020007628863175,-64.70177379570517,-0.11378565796874796,1.9079126671337971
2.054444540167344,-13.020446127907961,-64.6992225285355,-0.13003473519752617,2.1986312283793312
1.9794837989430674,-13.101400780148602,-64.27291254282646,-0.13198383481379494,2.5222296457638564
1.9757047860623422,-13.104397928295384,-64.24880504686321,-0.18529966120370034,2.8538449914622404
1.9749248423719714,-13.105016504325677,-64.24382954401085,-0.17204936740782273,3.0968632708910078
1.9406630302592538,-13.132189665656455,-64.02526281156766,-0.19510391367455782,3.3853726116536125
1.8952598037801878,-13.170313040782187,-63.81566222384056,-0.26142483021497753,3.713771216317659
1.8545009889976434,-13.198652385738797,-63.67044536224057,-0.26156944427575013,3.904879041507307
1.8168976666692394,-13.209375940625772,-63.52198467535708,-0.20146395199380152,4.160593627129241
1.8134396610274142,-13.208338538933225,-63.50872898706342,-0.21984622172443835,4.438265151829314
1.7639904818319339,-13.19350378517458,-63.31917380014741,-0.19455977372824407,4.626039027851112
1.7052366932616978,-13.208503849236692,-63.03603974665969,-0.2323977689874681,4.875646200803569
1.6194243290875188,-13.231270394833924,-62.76284119949292,-0.18077961210924798,5.110891549132065
1.554212618902043,-13.195979802208683,-62.424472389092394,-0.2717586770563827,5.452931663115111
1.5519011983540385,-13.186156264879664,-62.3765104127213,-0.26561028095200356,5.64125052793113
1.5513863281588174,-13.183968066549975,-62.365826856170465,-0.21003569280631496,5.931957502152086
1.5099375072695227,-13.203412635436798,-62.18563176764593,-0.22501733675274238,6.186325361732122
1.3741533803562886,-13.224259234507768,-61.62711386838437,-0.2068069229015208,6.422339799883352
1.3687701287958174,-13.224550221078605,-61.60405318264559,-0.18575706040326168,6.64611280058461
1.3134765625,-13.2275390625,-61.3671875,-0.09915397871110088,6.918435998970718
1.2585966925612053,-13.22737758945386,-61.06696910678555,-0.21281514086759046,7.252685097098364
1.252454831685499,-13.227644626883238,-61.048677042873116,-0.08081903613097552,7.3850353110520075
1.2502637270480226,-13.22773989230226,-61.0421513616702,-0.11941219795957636,7.675855672353129
1.1971725120998906,-13.223748642149562,-60.85239374157602,-0.17957114425101395,7.955308505238671
1.1689041254387342,-13.167024457200235,-60.43167161282958,-0.0851138772716098,8.156306458882137
1.1292370562275282,-13.183852910804989,-60.24776065557763,-0.09323235362805349,8.336637835988194
1.125471282530533,-13.18545051176735,-60.230301159346105,-0.07573721986354087,8.593686910195899
1.0440365860111975,-13.173132361448507,-59.79567001995377,-0.09437069818061161,8.835832032233506
1.0231662768913132,-13.175915069331158,-59.6022718221095,-0.043015961068135766,9.035147808313802
1.0209649592834598,-13.17620857834554,-59.58187294561006,-0.03933152664825457,9.24996902504803
0.9843782046731037,-13.122317524270057,-59.27588798615713,-0.010079443825546264,9.47298940167349
0.9512296904516859,-13.106822418221592,-59.15737555650418,0.006754836815744625,9.694295895510194
0.9487999447533504,-13.107033700456231,-59.14665298309631,0.04046916589419425,9.93676149885788
0.8599080786529619,-13.11476342794322,-58.75436931313155,0.007514004493074822,10.13038238355693
0.8543610335629725,-13.11519065702099,-58.728916761745175,0.03461775006084622,10.296280100225118
0.8403537930884402,-13.110521576862814,-58.56316441612987,0.10964240848045392,10.530434772233544
0.7854634600266569,-13.102249654069164,-58.36741502372382,0.08042537694440455,10.779615258503542
0.7479976305281302,-13.08442341177813,-58.13324486327567,0.11285583565255308,10.930820967114036
0.7033496081797458,-13.039775389429746,-57.91462351246634,0.1570577626732046,11.115187257548431
0.6529183166864156,-12.999503596740297,-57.66502159581247,0.14710124276909653,11.372423680797667
0.5456036565778434,-13.04552096589547,-57.10697910460849,0.18178281967166754,11.596967894378688
0.5312715229869356,-13.033696955682972,-57.042126200109635,0.20360735349258618,11.806007484797336
0.5254962570107378,-13.02893236125261,-57.01599312156734,0.2594113740473034,12.100984380172978
0.5223759058657534,-13.026358071557997,-57.00187353263628,0.30144842038451714,12.333990625371314
0.46076525795144235,-12.975224974508997,-56.71720433445508,0.2849456254985654,12.611902101580247
0.45732383583794284,-12.970800288934498,-56.67099095178809,0.3827641579922556,12.855865617909686
0.4115562981338863,-12.942599934652241,-56.37351461327898,0.4322266386283218,13.258298830571201
0.32908073533767773,-12.913661140688658,-56.06386951786865,0.46003857536456394,13.435707273116208
0.29713546589396084,-12.887182727948911,-55.763062815653974,0.5232031898372327,13.728533372579765
0.22659445276540924,-12.860815512745146,-55.412641823375274,0.6040872308725369,13.977000886617327
0.22237023854937962,-12.857576948512857,-55.38743734521963,0.6280648012822923,14.279465209635529
0.18412365778842305,-12.828254569929458,-55.15923274667926,0.7252869850045585,14.535293802483507
0.13279993043535646,-12.80224190389512,-54.865853964474624,0.7941353789166925,14.823458423554438
0.07287560782916544,-12.782267129693055,-54.533332723346156,0.7492400978194524,15.096364335406317
0.026122726653518245,-12.754527291309023,-54.250419339448634,0.8740493605704671,15.400986815284389
-0.00976880060646462,-12.730537597148153,-54.028651845814906,0.927290904421298,15.649749076109694
-0.062248811047910364,-12.709933415460888,-53.78216655102935,1.0948441341676443,16.238014158163164
-0.0670129047868632,-12.707908675621834,-53.76084723154754,0.9939462089861308,16.05060729321947
-0.12411688321445745,-12.6776929153122,-53.46031495901537,1.0777693168000013,16.249374066589144
-0.141490038092042,-12.647289894276426,-53.20840421329039,1.144109570084055,16.486694015006567
-0.14892578125,-12.63427734375,-53.1005859375,1.3296959167767,17.09332496586669
-0.23147772951244813,-12.605946698327282,-52.81699279531898,1.229860456920278,16.939939591153085
-0.3320869667401452,-12.54356897124611,-52.36425122779435,1.3122155896468115,17.13231991102215
-0.33753201179979253,-12.540193043309129,-52.33974852502593,1.3867590943242902,17.338609327769984
-0.3449585709144121,-12.532338777402705,-52.236290231954996,1.4453586006238623,17.520254306440343
-0.35127045806078233,-12.524764512827062,-52.128988150466704,1.5427746872134662,17.704807847069386
-0.4170601153334697,-12.505244028743862,-51.83327792553192,1.5755821703572934,17.933031076328426
-0.45344426952871325,-12.47370782815544,-51.47808269950541,1.6786102280997284,18.073162509512507
-0.5045243740971181,-12.42296092264245,-51.141609973444986,1.7557851580418316,18.324479507416182
-0.5626700269500661,-12.376628911811629,-50.81488196633784,1.8324166668581086,18.516964209233436
-0.5645098337549578,-12.375586354622191,-50.801206069088146,2.1447980641925852,19.10440040721123
-0.6015021165971728,-12.354624061011602,-50.52623009996102,2.2298676839245815,19.33749256018073
-0.6585349191121048,-12.322354074251853,-50.1765977046325,2.2389234091291,19.295593043724104
-0.6882434167063218,-12.255205419834866,-49.8198609604705,2.324714840061233,19.521839495908896
-0.7387292786738351,-12.211780003920252,-49.480343792002685,2.3740571062497793,19.79839746135172
-0.743197752156138,-12.208077554463486,-49.45085186701949,2.456200317560345,20.033240480596895
-0.7879326530380724,-12.16434735473295,-49.1286839675886,2.492862751621118,20.317003854800788
-0.8351174286974419,-12.104671649882388,-48.737111729546456,2.5493121209062792,20.66755351442102
-0.8785006650158041,-12.064180629318583,-48.45801290923166,2.8157897046797444,20.889729562808903
-0.9173074263825054,-12.044830292422501,-48.18644293268996,2.856944732604859,21.202012036941472
-0.9197532892056197,-12.045497345919715,-48.166876030105044,2.965271848325713,21.333563063346652
-0.9321552784908635,-11.97265625,-47.838630311085055,2.9600875650138647,21.6892453877441
-0.9334944198233344,-11.97265625,-47.79684910151197,3.04837457012448,21.91001524952418
-0.9423828125,-11.97265625,-47.51953125,3.0590799240650455,22.132024844515353
-0.9482503514380971,-11.958965325811107,-47.441297397492036,3.4493045550319863,22.565940116840185
-0.9688141452279061,-11.910983140301553,-47.16711348029459,3.487720389934182,22.705168813225924
-0.9707175090814092,-11.906541957976712,-47.14173529558121,3.591351582808059,22.781012014142377
-1.0031589917540706,-11.887346480401654,-46.998146063098474,3.6321936365173286,23.07362103996636
-1.0398919727001332,-11.869440655685695,-46.82092154116304,3.6551009402572276,23.16488006520541
-1.0392214200023409,-11.84670236423221,-46.4041035741456,3.6481685630937193,23.459106317768907
-1.112117846575231,-11.825348182347538,-46.23938101064015,3.8115825957967076,23.442075039810486
-1.1168388271609724,-11.821485561868295,-46.22393052872318,3.8252848450970305,23.626106457022058
-1.1189620194878929,-11.819748404509905,-46.21698189928962,3.8810615063859046,23.711854479853933
-1.1193160245644767,-11.791533913763178,-46.11407287079744,3.8909186623363183,23.862910389607514
-1.1163085560836654,-11.771484123891103,-46.04189362725797,3.8877691945094455,23.900641288744474
-1.116061464929127,-11.769836849527513,-46.03596343954905,3.954256413261575,23.98267895296183
-1.110876929486055,-11.786946129242677,-45.87702147238423,3.978361244155977,24.056619193278543
-1.134505254012454,-11.774437016258112,-45.77416876562226,4.0065706309445375,24.071329936634882
-1.133738804625111,-11.73841859264086,-45.62686430720386,4.033132565375126,24.10101140884736
-1.13140614601819,-11.733461693101154,-45.61141044393301,3.995120675000493,24.240826652815947
-1.1308671947055926,-11.676136596254926,-45.52228499412416,4.031240460951523,24.235604284080416
-1.1398200137972234,-11.645869411768889,-45.32435032146108,4.032276596593476,24.264122772072664
-1.1515319002006827,-11.64515820348542,-45.093668634809234,4.013219602394486,24.445422771355275
-1.1602644666047703,-11.641415675026527,-44.93772994902196,3.990989873467555,24.666522605504735
-1.155335027169607,-11.6026886521498,-44.803169938794106,3.9938673386428434,24.75676335369229
-1.1546520730443166,-11.598864109048172,-44.792925626914744,4.0130080013002924,24.816064353746345
-1.1589701387894715,-11.561902430669175,-44.60444605163255,3.9196334219402758,25.025355893706802
-1.182697955226399,-11.534784926169829,-44.2976792819837,3.925647939758889,25.106572043082565
-1.2247192656276926,-11.472616029693693,-44.037003439088615,3.9226959766496634,25.279463372302764
-1.1959069525087067,-11.400405868422709,-43.66268018381273,3.9849361895942224,25.393866277193233
-1.1953174991870175,-11.398384885605488,-43.6463439060402,3.9202016804221103,25.707079080115097
-1.1855685722911946,-11.364959993391238,-43.37615936064168,3.9670311922130423,25.947428791985768
-1.2080863375211996,-11.305853592139801,-43.1009189513558,4.019704101408607,26.066018440245866
-1.2320572665494485,-11.251919001826241,-42.86720239333038,4.037414117757891,26.28853819360745
-1.2315588988159691,-11.212146083129957,-42.66997243734174,4.111892311074698,26.43011898472153
-1.2725962545995906,-11.200184510946482,-42.46555843861588,4.037637933632354,26.76766008308139
-1.2896303895499477,-11.173213797275082,-42.32502682527543,4.1761569689547,26.81651524390823
-1.2907163284107734,-11.171494394078776,-42.31606782967362,4.2677092363099405,26.87882141790466
-1.2989114163765247,-11.15006892650305,-42.180073022625386,4.392398134696947,27.13683585315564
-1.2933912515076005,-11.1390285967652,-42.06552960159521,4.4156590093544,27.323900254008812
-1.309769024797419,-11.098723669155163,-41.93504159476291,4.327064874876399,27.758090463556588
-1.3112619484576231,-11.058089383114348,-41.86139246754261,4.423799649076813,27.735577811613393
-1.3125924457922553,-11.07804684313383,-41.78156262746468,4.388192248464051,27.946207516163675
-1.3246345048691812,-11.076093217792026,-41.70518538186444,3.8583449343148146,28.698020249136345
-1.326826275577289,-11.073104439553697,-41.700602588565665,3.8985915782566423,28.819694989120503
-1.3358722600591706,-11.04688290041605,-41.65842649627866,3.883849583966793,28.912224649942885
-1.326804003963658,-11.031013452248901,-41.63008819598018,4.063413431487234,28.95712165287989
-1.3232014848332818,-11.027709923249846,-41.61252847679164,3.8937065935445077,28.981711628097365
-1.3267418231233559,-11.024573956266442,-41.59789609064966,4.103895114008694,29.025587924802583
-1.3268835590192625,-11.023156597307375,-41.595770052211066,4.033281371501587,29.15297692594046
-1.3206241439320023,-11.012948321637646,-41.58553174722306,4.0078951391305395,29.21720183937956
-1.2910283361857764,-11.021652970974772,-41.61860941470413,4.105528237072491,28.994947523089046
-1.2794207623266238,-11.027749439698917,-41.68593802858593,4.063303957043374,29.101561049464323
-1.270825779773467,-11.065951959769398,-41.73642644090478,3.8751668894714584,29.095696052450986
-1.2558019800635911,-11.087557479794514,-41.786615269398254,3.8615731511144276,29.051436616268962
-1.2529148759035074,-11.085536506882455,-41.79123463605439,4.046294602920966,28.989620447913072
-1.2573725115278096,-11.070611402181362,-41.861929721405325,3.844367958424016,28.979210873010384
-1.2865317760878483,-11.06600629778154,-41.960756887414476,3.857468052264764,28.947129312216823
-1.28916514994106,-11.08866188761788,-42.09655464574184,3.8573880255729307,28.91733711130187
-1.2698940572815596,-11.12720407293688,-42.30991317161487,3.820708557989178,28.815399537120154
-1.26220703125,-11.171242459029783,-42.5402521570009,3.8648980687348455,28.664889610316553
-1.2250835401955948,-11.216322709804405,-42.68687458517852,3.834172219387767,28.60452317666858
-1.2217136569622111,-11.219692593037788,-42.69652470534685,3.848695417034037,28.520198597948077
-1.200184527917936,-11.242884035248476,-42.86569774014661,3.8026208748454593,28.405248723497778
-1.1839664392979286,-11.262746460359667,-43.1269756433229,3.7070064629505453,28.31057461178609
-1.1796059224010382,-11.283095539211821,-43.38569964587174,3.683126291402033,28.19987753906514
-1.1669528997276228,-11.310860637604462,-43.59764235595517,4.2060476500986255,26.85814938861705
-1.162547947944005,-11.317363185475516,-43.6169402399596,4.186339508204824,26.777334199084972
-1.157589465978239,-11.407076192318888,-44.44783538835172,4.1240207687028345,26.573872481763843
-1.1557597868514298,-11.411116733723926,-44.4704014309157,4.106725777888784,26.397630803961462
-1.1049834472097788,-11.504995249356652,-45.06821417508578,4.073121571368674,26.292742610584657
-1.1017598568064846,-11.507649970865248,-45.10101894801342,4.014580118904831,26.1170740130728
-1.100335780724708,-11.50882273940318,-45.11551101637503,4.013826049212767,25.69702034170486
-1.083819375097477,-11.522424485213843,-45.28358973246391,3.953834533608486,25.54072646894296
-1.0653759027402807,-11.548637241833154,-45.60416104211663,3.891736650271568,25.44394927173885
-1.040355537274922,-11.59647007701147,-45.88370072959275,3.8565555817099124,25.23922742595135
-1.0025717024357974,-11.64799348815573,-46.22547269018301,3.909731659597611,25.034617480018337
-0.9933565382532806,-11.661010799212745,-46.31321880839385,3.7915644069925634,24.90375516727705
-0.9818033273545993,-11.694386741808936,-46.58921217986235,3.7129472248364834,24.79304878006965
-0.96769310545887,-11.730277115901883,-46.9048064552609,3.729904633851362,24.49958497877489
-0.9582162806067357,-11.746071823988775,-47.08012771502539,3.7140502229588606,24.304780518575754
-0.9407175011075359,-11.800752832960269,-47.390678646270516,3.6440277349704644,24.16305819094463
-0.8726907917789144,-11.843040944308811,-48.116575908581034,3.6114375149507083,24.061834256302244
-0.870856337484983,-11.845257576580645,-48.135226193902675,3.590500320617039,23.728348355451338
-0.8333758765562999,-11.890546466869472,-48.51627754667762,3.5642761378425263,23.56868361569364
-0.82993685696604,-11.936189266832502,-48.86637709741481,3.5297337425570703,23.367305282749072
-0.8281460768884892,-11.938142845098922,-48.88705246740108,3.4846004526741012,23.10571417621912
-0.7529108326310144,-12.054051671918097,-49.68033290515822,3.4202657064889763,22.83897655538147
-0.7499591477838645,-12.061529273530876,-49.70493027888446,3.3921330014838844,22.59082395551654
-0.72176232466053,-12.088401442032747,-50.054800107428306,3.102082364016823,22.152789730070797
-0.6956354049269894,-12.091910954037631,-50.446190104677086,3.078778236447178,21.82606906221426
-0.6953257071369071,-12.095782176413662,-50.46337833202666,3.071380797045535,21.573900899961803
-0.6717530672056891,-12.165252582408232,-50.808187979663444,3.054281242113703,21.22192021046504
-0.5996920692710289,-12.219298330859228,-51.18487046886735,3.0290510508262685,20.946487892185235
-0.5777414268493348,-12.275180780945055,-51.52158566024914,2.87866370297742,20.475465173085965
-0.5719368728611414,-12.331992474333695,-51.87934522064239,2.8201288537366196,20.176077368846865
-0.5721006513603708,-12.33395781632445,-51.898343526553006,2.9578586903806894,19.928123680232
-0.5007317813227523,-12.412385534215522,-52.58190958116039,2.944824065165051,19.65036899518935
-0.4960439412205606,-12.414904240152254,-52.61329345526748,2.7753718094217277,19.379724602339035
-0.33986741813845556,-12.466132026919235,-53.762823598846204,2.733094073091266,19.106817761412344
-0.3357635140034807,-12.46852597099797,-53.797022799970996,2.9102320803699087,18.960938236992757
-0.3343947905923682,-12.469324392987785,-53.808428828396934,2.9881710688241157,19.05876725926141
-0.33258791323061343,-12.473486441153067,-53.83925826461227,2.7492878041479685,18.833262165271144
-0.33318131058304395,-12.476453427915219,-53.851126211660876,2.7202070145613533,18.55213245527665
-0.33341916723810855,-12.526328724244054,-54.114066747318674,2.7094492948101845,18.305708689150077
-0.28605223021919185,-12.513385528208536,-54.32207497911614,2.6835617482098115,18.085327066467165
0.032753471997802486,-12.725968685367114,-56.57833000743278,3.3959846721885327,18.39265078095012
0.2316500788769822,-12.829375643783326,-57.95545607720639,2.548476544016495,17.709836202419257
0.3454954157695188,-12.848330116521954,-58.788554197481744,3.2065311638973952,17.619046061083637
0.37871547418679435,-12.871391255436794,-59.01502718758676,3.252890583468428,17.670348132892173
0.38004963966777716,-12.872725420917778,-59.02513875754789,3.176513653039919,17.58975694931912
0.38208608787941883,-12.874761869129419,-59.04057289136244,3.1035184244684473,17.318055537999427
0.3842169750890709,-12.876892756339071,-59.056722773372435,2.9071746954617197,16.257129401661498
0.39143039746437164,-12.884106178714372,-59.11139292190103,2.7973386364743646,16.273182464279
0.39288990925180456,-12.885565690501805,-59.12245448492157,2.3374572386272376,15.14775574285381
0.39358875783708125,-12.886264539087081,-59.12775102156788,2.242489270483887,14.510810330110143
0.39567328408407365,-12.888349065334074,-59.143549536281924,2.848377144458283,15.463916383534404
0.3976650884057468,-12.890340869655747,-59.15864531640408,2.71743357647604,14.79215534468692
0.4006665314697853,-12.893342312719785,-59.18139309541574,2.6003720579939795,13.86606967092311
0.4634517226961816,-12.884478176206404,-59.54288595065394,2.6280802733457165,13.695915262787087
0.4687711395540651,-12.883336013840108,-59.561491108414906,2.62077097200185,13.475205907297477
0.47010114860620894,-12.885552695593681,-59.620898179410666,2.5937372635981006,13.226336834339486
0.4705705485838231,-12.886335028889706,-59.6418647117441,2.5610457319040307,12.854286803951368
0.47506665157070455,-12.893828533867842,-59.842690645158136,2.58224516539714,12.611548444603226
0.4913452055796231,-12.941320772988869,-60.0232253206129,2.557794000106554,12.453825401011807
0.527382895082838,-12.927850645094612,-60.23235693300095,2.5323630057205264,12.258393736235602
0.5288568147684933,-12.926633059267331,-60.240303282610576,2.547265815155086,12.056341079485236
0.5616134050911031,-12.909954751157068,-60.419319234945306,2.5664493966888244,11.91140306150348
0.5879237844835781,-12.915934382837177,-60.56761410061198,2.5342447460056547,11.732715738543893
0.6010402985391942,-12.925457439326006,-60.72296666237527,2.5206280590596606,11.521508077484079
0.6091055717396422,-12.93034191335138,-60.903596177613,2.513155733011814,11.334307985930241
0.6328478629874652,-12.92724609375,-61.10319599799791,2.509232024041026,11.114259478514926
0.6570004124857559,-12.92724609375,-61.31366821505444,2.5051956875753376,11.028739569194986
0.6619297875686185,-12.874643728914112,-61.5199855793973,2.5051146279422056,10.845640010379908
0.6616983788883806,-12.871982529091376,-61.52623361376372,2.490904881537716,10.66899977332678
0.6815417029392545,-12.891014359189255,-61.70475999389054,2.4627408171627536,10.554506784754787
0.6939275485648435,-12.898248814930664,-61.88397351085567,2.4921508100722036,10.281227650747084
0.6986033992666496,-12.85608410073335,-62.176058930341576,2.5406952377910414,10.11570936265256
0.6990358901552514,-12.855651609844749,-62.178437630228885,2.5576395521178483,9.920072844954028
0.6992063821091099,-12.85548111789089,-62.1793753359751,2.5884695350941342,9.619720452481408
0.7025383054748062,-12.843519107315892,-62.27932715600775,2.5624960184862715,9.472355554514305
0.6984120161131853,-12.814440076021812,-62.53246652937095,2.7515662759838477,9.194010230269958
0.7198006936373235,-12.793630003903754,-62.7738882131561,2.744214538271592,9.004348660364315
0.730905153235992,-12.788744504219611,-62.90657076161111,2.7434612014222495,8.77866332093737
0.7312085225061875,-12.788319787241338,-62.91012018207239,2.786230536909372,8.594944764753954
0.7402311108214049,-12.775688163600034,-63.01568446536044,2.796154763989094,8.420527337425055
0.7301776357749882,-12.74734364044443,-63.19330525718896,2.822503534708318,8.215730437376562
0.7237449729448806,-12.714535826524015,-63.39909731006772,2.8494292246896578,8.012457924716609
0.7366491719039956,-12.701046963647984,-63.49117997866408,2.8798916066572673,7.833388983874752
0.7362283960181802,-12.699504118733328,-63.49847342735154,2.876395286885298,7.636236641771467
0.72509765625,-12.63671875,-63.8037109375,2.9222236895131175,7.450324095991491
0.72509765625,-12.63671875,-63.8037109375,2.9394161127919745,7.223729044894523
0.7243932760511622,-12.618404864830218,-63.85090441082213,2.979429093769596,7.075720938030572
0.7228067741783151,-12.572075625118059,-63.96995696041509,2.966929795826502,6.92879255096986
0.7290133140111447,-12.523974941413629,-64.08012304244782,2.994628170714435,6.741123446949044
0.7175498544461666,-12.491739107446326,-64.17295547946486,3.035911270333756,6.547519346946943
0.6798291447801212,-12.476978829750918,-64.25495702221713,3.0451722767630685,6.497364632252125
0.6786672331938741,-12.476524168695429,-64.25748291696983,3.0831772931877595,6.32212781646202
0.6820934608214543,-12.403550707785547,-64.40623409050072,3.1048467105501913,6.154798425154652
0.6822020587515972,-12.402844821239619,-64.40927483254472,3.087894199732659,6.027431811581614
0.6856444376647101,-12.380469358304385,-64.50566144211189,3.1263532435834662,5.894826332530987
0.6857781866415109,-12.379599989955178,-64.5094064134623,3.202056334153596,5.655535434728505
0.6483935092878327,-12.319376014447739,-64.57515523555226,3.239789230859742,5.524666298761247
0.6415327419265853,-12.29380767135317,-64.67997643146792,3.4847511324206693,5.122097168927706
0.6052553918548624,-12.221252971209726,-64.74648490659942,3.586260152977175,5.056044353377407
0.5473843216010401,-12.156186153417533,-64.84715236986905,3.610846384139336,4.855413666696516
0.5300401799482379,-12.11294533177533,-64.9244268649664,3.6350136798288304,4.64771964961683
0.52424561494731,-12.07151627712493,-64.99379560541459,3.7891043114499325,4.53165329385664
0.523180921182949,-12.070251953279753,-64.99585844958304,3.8459226217965323,4.322864163282459
0.4740706537916735,-12.009430508011373,-65.08113215172853,3.9236839324571378,4.104943979984079
0.41859772585553867,-11.93378560628028,-65.15005306219463,3.9695984995229594,3.945929468123489
0.3862018076307364,-11.898866478788687,-65.19512667172492,4.017039686982841,3.7583568040971946
0.3647198538076834,-11.852187933350383,-65.2534039013398,4.123043566600714,3.6029056585359127
0.3629375355907538,-11.843078306908296,-65.26350370456906,4.173205810981926,3.4552792537194565
0.3229374387189951,-11.76611338476521,-65.3481444277348,4.260028764377324,3.256118018076061
0.2693088862392594,-11.74086250767185,-65.36924721176223,4.377256930513582,3.114124842623197
0.27336332879948344,-11.675991426708265,-65.41181885864458,4.435693086713414,2.8926236614602483
0.27766825524562705,-11.607112603569968,-65.45702058632908,4.4480336021581905,2.7432970417222466
0.24463075330147258,-11.545555061835765,-65.49415355436031,4.537459822288028,2.559065934078652
0.24106783898147227,-11.467260417184084,-65.56523255110024,4.559786738885933,2.3513869944280925
0.2404130783702563,-11.466490110582654,-65.56669613364295,4.637066337686889,2.208500324246285
0.21429522184830122,-11.435763220556826,-65.62507722469203,4.665483528380818,2.054392701027388
0.2093281145616835,-11.392425754574303,-65.61837891784813,4.726576544478007,1.8809577751198507
0.18322090638221866,-11.325707333671225,-65.64738692693642,4.741116763075979,1.7238116972984714
0.16667836606144673,-11.26782071895962,-65.66451568306566,4.783663083880839,1.5855646896913813
0.1667315390020082,-11.266704087207827,-65.66435616424397,4.872939751388998,1.3365345743430237
0.16833906010620678,-11.232946144019657,-65.65953360093138,4.919244823308972,1.190472283052282
0.12393199906367042,-11.099890273876404,-65.71530752574907,4.90323116300344,1.0682045448849729
0.1209364758895131,-11.096295646067416,-65.71770394428839,4.950256340528981,0.8302745000433861
0.10699036346195631,-11.030818565620926,-65.73353470024048,5.006408555812513,0.6586772611895144
0.10598852257298032,-10.973590050598268,-65.74027713690172,5.013806197717457,0.48786357558035026
0.09364969843397292,-10.928536987930945,-65.76604193787836,5.054717693589836,0.34765115350616305
0.14977669123871332,-10.852000179560845,-65.77284520973348,5.072843205989258,0.09539427544805941
0.15430018164503384,-10.845831783552226,-65.77339351160091,5.103644041594265,-0.10792424447158605
0.07939476408165871,-10.790000146351328,-65.75580083446866,5.194387177866588,-0.2110833546332448
0.10516747150332283,-10.648292045980064,-65.73304075709954,5.152643212761177,-0.43058460693907563
0.10565747558727562,-10.645352021476347,-65.7319207477648,5.225471975325021,-0.6069460955170246
0.11499331205895451,-10.589337002646273,-65.71058169297238,5.275948603657099,-0.8033680183871568
0.11523450881234584,-10.587889822125925,-65.71003038610749,5.259917138630968,-1.1082929637121492
0.13707883822525244,-10.509933423688132,-65.70675902168516,5.258966218557134,-1.322467059895283
0.12041010775326932,-10.468261597508173,-65.69675778340196,5.250574540487392,-1.5620520506939917
0.15174848737669966,-10.420806306753477,-65.6612397938733,5.261920610418031,-1.7399348691275478
0.16861598981701886,-10.351930671788839,-65.64437229143299,5.239201843877439,-1.9386123263126644
0.17841159495258888,-10.288844158457632,-65.61505530088651,5.2567814459159905,-2.115384142915529
0.17807985836741178,-10.286798449515706,-65.61251198706682,5.211284666261193,-2.317058682399972
0.17041125408330346,-10.239508723097037,-65.553719354222,5.218475851963078,-2.521351290705766
0.1673961089039358,-10.162704923208311,-65.48964888536341,5.2132383830711575,-2.7408563690666075
0.18220579625112984,-10.104417369902194,-65.45996300990332,5.259331001582993,-2.9388003214356213
0.20265749246606565,-10.073693076061081,-65.43885682042645,5.264174087052069,-3.1547646223538495
0.20131519617729352,-10.036934621290643,-65.34826986248825,5.288872807626063,-3.318896388323241
0.20054334402571278,-10.035596744227902,-65.34549119474256,5.299922043615183,-3.5756335929060628
0.1766862316893534,-9.994244416178212,-65.25960559033167,5.307860590427424,-3.77549809376293
0.1894204955839528,-9.882103034715303,-65.04259467170617,5.306383002246008,-3.8883756451280824
0.19055990581174803,-9.879596332214154,-65.03860673590889,5.364055198448256,-4.15225993405178
0.20639503178494267,-9.83891360546161,-64.95794208077115,5.365531417767272,-4.375184056346754
0.2072050739051853,-9.836367758797989,-64.95180890471788,5.369395149600919,-4.581715685516804
0.22118644548258345,-9.679819389275075,-64.74707527326741,5.395807531776214,-4.767086947825458
0.22657596494013063,-9.676131823330437,-64.74168575380988,5.367407006105566,-5.008651560521121
0.25684070018163,-9.64244953259599,-64.69515056882457,5.425441259062822,-5.169541854586217
0.265860596689363,-9.537312353164731,-64.55313981225683,5.426777449143344,-5.307972809855481
0.2667493528617596,-9.5307101644555,-64.54361742469543,5.434275431801851,-5.572313793042591
0.280395936233057,-9.448644607361128,-64.43224969130083,5.401115405297006,-5.791123747133364
0.28204757134590946,-9.443435604312901,-64.42729478596227,5.426674585284843,-5.985667131750489
0.30147412915002625,-9.382167229699917,-64.36901511254992,5.442208552199773,-6.136860247964848
0.31554736192867033,-9.319743450422932,-64.26448690084587,5.417764851235788,-6.341409796997477
0.31758268636217357,-9.264082577176811,-64.14663450487312,5.406877812466362,-6.54938504770924
0.3009053356075856,-9.219961298414601,-64.04905748679437,5.391623229867804,-6.771299277614049
0.3018005508982361,-9.215783627058231,-64.04249257466293,5.436048122263998,-6.983901713117427
0.3019943716624035,-9.100635983917833,-63.830729429607565,5.387829784748433,-7.1431867102597835
0.30163326616069824,-9.097205481651633,-63.82395870145059,5.42933636584408,-7.326215394341957
0.32002745488672285,-9.018691035794257,-63.697962973634525,5.4735658403124745,-7.501375468647922
0.31091431977502443,-8.997356651252808,-63.55913656775305,5.504749655842005,-7.709860092930362
0.29710563883228436,-8.95341236651362,-63.40533611000052,5.5575586020342485,-7.9501415760947625
0.2961203102429839,-8.943840603074701,-63.39463825674525,5.658413512008607,-8.166000257748454
0.2859256506654973,-8.844806767179117,-63.283953381332545,5.745721361568499,-8.292152717773451
0.27853371136937005,-8.811355254554055,-63.11197741551579,5.789012519232017,-8.494609376936289
0.272963600289816,-8.762824746358344,-63.001012861901415,5.832705524127775,-8.701744705099944
0.2685546875,-8.72314453125,-62.9150390625,5.8738653207454234,-8.959711915483618
0.23732812080745935,-8.649670256679316,-62.71849537802342,5.954212856804887,-9.083428899803137
0.25095579689915337,-8.599306597443784,-62.59575355574491,6.020489789454871,-9.28265034384112
0.2539139734694611,-8.596066689771543,-62.5885694126456,6.078084361404095,-9.463207489902242
0.27445498469465357,-8.559396523143395,-62.47683885478458,6.129695165702884,-9.635746485963038
0.251445331692188,-8.502706898184163,-62.24710325908942,6.166627032368169,-9.810279026292296
0.22157620961963642,-8.43346484247052,-62.09368458662586,6.217249658702485,-10.027539828650747
0.23252128555389223,-8.39510927064141,-61.923400569653964,6.233979670795051,-10.17961063433729
0.19696936905446372,-8.359195327200501,-61.75292764576364,6.327469253424937,-10.35842031707375
0.1592478773610686,-8.323166696157251,-61.61609404974504,6.355987191196121,-10.514647345548452
0.15834479936382317,-8.319855410167351,-61.609019938766615,6.39746441191383,-10.659092457010246
0.15252727544535186,-8.221981083491833,-61.380752311274115,6.4131493794421175,-10.87456145626206
0.15409894046051464,-8.207836098355369,-61.345547014934475,6.504097035318026,-11.081404592314787
0.15444011732881996,-8.204765506540621,-61.337904653084436,6.524735631451179,-11.168741984692062
0.1470893892394486,-8.11626849236874,-61.02761342155543,6.588968552704898,-11.346400870170761
0.14636192534057238,-8.114605717742737,-61.021585863536174,6.631211741899833,-11.495765674877644
0.09877916484018506,-8.007019465892766,-60.669605073965904,6.677936547250283,-11.721701606425537
0.09774104110771928,-8.004698954020196,-60.66288780275583,6.768478522292668,-11.850236933114974
0.08189903896940759,-7.95231595019622,-60.477130380213175,6.828887060169649,-12.001645650402669
0.08544921875,-7.9150390625,-60.2783203125,6.879878160059576,-12.138058552074197
0.08429731397922698,-7.905247871948429,-60.22302888350289,6.9544515485889775,-12.303358211830028
0.08398366830995659,-7.902581883759631,-60.20797389137792,7.051889451778209,-12.478512902648417
0.08098896532596203,-7.877126908395677,-60.06422814814618,7.073138666151451,-12.676473345371864
0.061467424192131706,-7.844152106930203,-59.889684303571066,7.13497447767854,-12.82305594186981
0.04604944503357189,-7.769133431921437,-59.71396263713965,7.213893068464756,-13.008512303574596
0.06054818817234424,-7.70629718665957,-59.58245250474493,7.220280193129625,-13.222407525358692
0.06211232234237263,-7.704342018947035,-59.575316142594176,7.2467612056401265,-13.324119815065412
0.034722147613305956,-7.6183931907452065,-59.29696574575901,7.315946897645688,-13.38805071839302
0.03716019646207418,-7.616496930529498,-59.28640086741434,7.334375185003097,-13.61518260320413
0.06379570746851793,-7.59578042196893,-59.17098031971975,7.354866083329085,-13.790459229303092
0.07211119552022816,-7.591642445520228,-59.04103351546266,7.412641698018291,-13.92070128090012
0.07058352450760967,-7.57363106395479,-58.91360298231871,7.446586352701516,-14.121167284376092
0.06872438381266786,-7.560245250951208,-58.88460038747762,7.441732232552553,-14.236000554301139
0.06291877657788719,-7.518444878860787,-58.79403291461504,7.428762881842815,-14.365692913234792
0.04783243555931529,-7.502996709544188,-58.70052093700239,7.443748780903206,-14.558149362731251
0.058317903513954536,-7.461719065043796,-58.588218783409296,7.511375354836304,-14.600399745535237
0.054503014684088955,-7.465028235315911,-58.48824813366814,7.472748765624132,-14.80182336774804
0.0703671546227287,-7.447313404585857,-58.410016175924746,7.493016701198911,-15.007930718419681
0.07190193939028947,-7.4456080881774565,-58.40455916341786,7.486621630432467,-15.14523606730405
0.07150617349303247,-7.33943025281258,-58.140307011673805,7.452091140131458,-15.213499425242977
0.07222661687832041,-7.336936410325045,-58.13426637098178,7.504106546237935,-15.406456396809322
0.0869772218093909,-7.285876624025185,-58.01058822194434,7.548910767551149,-15.527095013984374
0.0794271498543987,-7.245931854357183,-57.66422778821715,7.542307765755737,-15.627814001969465
0.0791245621583478,-7.241998214308522,-57.652729455767215,7.552345646184378,-15.838775338199754
0.07888783031700214,-7.238920700371028,-57.64373364579608,7.65970569052277,-15.966678862924967
0.07882322173227241,-7.238080788769541,-57.64127851957635,7.62592467765505,-16.10836209966481
0.08322301213359463,-7.21880788198281,-57.56695222999755,7.643207031369144,-16.234918050980898
0.09751861995997164,-7.190216666330056,-57.432930906625266,7.6759106215824175,-16.355580589446078
0.08672500507323913,-7.160270884305935,-57.31920496289617,7.662100561944229,-16.468967418428466
0.08280579543359823,-7.150272855050795,-57.228986704796824,7.673081478455757,-16.66575525172378
0.10272164954293557,-7.133158100350244,-57.123857794130025,7.697700513826774,-16.7872781489818
0.10437892621150127,-7.130755049180824,-57.11681436828862,7.717601960665789,-16.927060674379312
0.1317180904612078,-7.091113261018749,-57.000622920227364,7.74900388733424,-17.044762775399725
0.12963010761065125,-7.055599771426324,-56.906309831668324,7.768001107673342,-17.231872402403845
0.1308657410769032,-7.029651468635032,-56.827229289828196,7.756111581578793,-17.309288336966304
0.13250825733168364,-7.00927734375,-56.72076360985888,7.772034927881833,-17.392469467022696
0.13257639850181302,-7.00927734375,-56.716266292630344,7.774399688199367,-17.512200365109415
0.1339662104015582,-7.00927734375,-56.624538707247154,7.786784518437116,-17.705549191698264
0.126953125,-6.97265625,-56.5234375,7.720846841974179,-17.802070606444186
0.13268923930542778,-6.9647690928300365,-56.46392531408119,7.775407123378685,-17.989372180583743
0.14485503392364305,-6.948041125229991,-56.337705194917206,7.729386948850376,-18.10917045853063
0.17338024571611377,-6.901794865800829,-56.2496808244677,7.694731685720399,-18.24759877338589
0.18905902731007543,-6.8782766934098865,-56.1258184498754,7.682689831505769,-18.368774717479294
0.19040262757850984,-6.876261293007235,-56.11520400775477,7.665992232792874,-18.46693814250958
0.18410061543685335,-6.842194446752815,-56.00166241232159,7.648868001937032,-18.644247004638775
0.15993059350903782,-6.798696812620481,-55.88656195543422,7.626040227084417,-18.75798426441163
0.17258438150423255,-6.792369918622883,-55.76529648714694,7.635843036353805,-18.83346415298774
0.187969722341258,-6.784148319305224,-55.61713757289648,7.611672293995625,-19.03976929022313
0.18775374758952526,-6.778101026256707,-55.61087430509623,7.60369149483094,-19.177238141355293
0.18701359315019195,-6.714352969549744,-55.53611906689859,7.583198209399939,-19.30153449806334
0.2285419650595809,-6.726607833861639,-55.40398688422605,7.61457607707311,-19.493552133908988
0.25307932784790416,-6.690188981947549,-55.32017613477622,7.54408294333092,-19.55835346592462
0.25752774679851237,-6.682126222599571,-55.30432864226467,7.557697328188624,-19.631639089195918
0.26981005790213347,-6.653761390923778,-55.21562709213992,7.5637862650546595,-19.799129944418773
0.2690825637947061,-6.651336410565687,-55.19064979445157,7.534906746308636,-19.90440407725674
0.2652580974459986,-6.638588189403329,-55.05934311647928,7.561145233200179,-19.991154018557484
0.29051745551083435,-6.62382587048147,-54.92750437455701,7.523100368381407,-20.139701007149778
0.2967493813887046,-6.604207086844922,-54.863586020892384,7.543021875137626,-20.214858574740127
0.2864278313361564,-6.575261566357329,-54.81394984204658,7.49746361279108,-20.333321169795898
0.28239104663538933,-6.5475392246674575,-54.75830595240617,7.509390872099189,-20.416453467899423
0.25784865999316603,-6.533335294722052,-54.54212161302019,7.459726807334491,-20.55071351823076
0.25953653081510936,-6.530738570380601,-54.53238389673975,7.4441618202645685,-20.686108661386594
0.2781722749440855,-6.502068194797561,-54.42486998830335,7.413519264621968,-20.812957493229575
0.2855235861767767,-6.470801710479854,-54.311944639969894,7.4363383844346345,-20.907820138160883
0.2800449050327089,-6.43655995332943,-54.19278332508642,7.430240120670831,-21.023604956216108
0.30002747675851255,-6.42578125,-54.09516129032258,7.479300078928077,-21.17712818448995
0.30313987595206093,-6.42578125,-54.08654233870968,7.508044975598565,-21.312059193589217
0.30716090709584204,-6.40646333897228,-53.981418108426645,7.51077178032746,-21.46437298774102
0.3029371476552571,-6.378304942701714,-53.85611324502263,7.551038152501945,-21.545112438555375
0.3087385237192947,-6.343848706800466,-53.74753752656151,7.58305093693474,-21.681042482226413
0.3133005531625726,-6.308492978615062,-53.60839562854154,7.695875414848771,-21.842437498881942
0.3078867376967897,-6.266907199908542,-53.46399018106708,7.702070123607115,-21.996746603852444
0.28285398518965954,-6.225823043880346,-53.33159975719171,7.7898195969406885,-22.12430267476363
0.2864886406085365,-6.226404588747366,-53.32185888066912,7.797014960377922,-22.20746812296671
0.31843990069101297,-6.231516790360562,-53.23622950364808,7.792269948204478,-22.332715788660792
0.3525611075429582,-6.227560120451482,-53.128627561173346,7.8190543714940475,-22.46432061206896
0.36340872069152685,-6.216215917446834,-53.02550490281927,7.84745534033911,-22.600147359428853
0.332333888690432,-6.194954190288191,-52.92246730197354,7.854425135733521,-22.717743133957573
0.32619276403743314,-6.189494903074866,-52.897628049799465,7.8397864380686,-22.808034202891413
0.32381365188120703,-6.184736678762414,-52.87859515254966,7.825106056054594,-22.922715026957345
0.32174073462001795,-6.1597696607777275,-52.78260078916204,7.840502040881901,-23.053217143597006
0.33302137143703037,-6.128434558508249,-52.667287612810355,7.788372798042133,-23.194893209040114
0.3284812593171502,-6.082566899224591,-52.45247497232668,7.749811200960906,-23.274584985464053
0.3277889915784087,-6.080767003103863,-52.44292167753204,7.756821315118074,-23.425433520704814
0.3074814386127899,-6.111879893978683,-52.351043591504,7.779549084577894,-23.5974028433869
0.3602585814221717,-6.065934591169812,-52.23269432597524,7.718430434035099,-23.723430472555137
0.3584590319102701,-6.064906277163011,-52.22716713818868,7.6982420106365765,-23.840370415808096
0.3391367281525809,-6.0538649607300465,-52.1678200623615,7.689762426617875,-23.965976709405737
0.3444855122626582,-6.020367340333717,-52.08032816545598,7.717849171988561,-24.132451939966742
0.36163422853811605,-5.991365226278213,-51.9924886555015,7.7323664768499185,-24.176111467800812
0.36386894180389223,-5.995462200598802,-51.98280489801647,7.700633145333626,-24.292470199632636
0.37353515625,-6.006521152221189,-51.886878165238535,7.720770916986282,-24.395048637734
0.37353515625,-5.9345703125,-51.689534505208336,7.755798134296228,-24.549326792549685
0.3738902670206027,-5.932202891600964,-51.684407573098916,7.704721067697989,-24.66212758821694
0.38126248010244845,-5.92360197633881,-51.630344677165375,7.6843830292895206,-24.749329678296757
0.3885922856749886,-5.917979495299932,-51.57059862140025,7.6571250923461776,-24.887549365786548
0.3888457265423433,-5.91950014050406,-51.56502292231845,7.679613516980808,-24.887687034320454
0.37928229840538835,-5.914295999017543,-51.494875521891394,7.655073909348374,-24.96980800085167
0.3581310201643919,-5.884684209480149,-51.43706202803267,7.648447737071564,-25.081152776222712
0.400390625,-5.894002657989589,-51.39331462873921,7.592924136110099,-25.129310246725204
0.39463946714057146,-5.825285493450476,-51.20187659053114,7.631463652125163,-25.179645372357992
0.393318863699355,-5.824184990582796,-51.19923538364871,7.621511661114766,-25.29208215230795
0.3881056677799183,-5.815034917414098,-51.17037384562647,7.5859044800911875,-25.364140575859775
0.3969057509448164,-5.80447481761622,-51.119333363270066,7.6413636816538855,-25.457178602791114
0.3976577673975177,-5.803572397872979,-51.1149716678444,7.571902181211982,-25.46367908148472
0.3840027035019121,-5.763707529713751,-51.07841496187978,7.551851639217574,-25.57297920467632
0.3892596309210108,-5.7299382184212755,-50.99323626085585,6.697067782772976,-26.426037734023616
0.38026749950751854,-5.714888124630639,-50.9676476559422,6.654033160609345,-26.472765603711007
0.35430947727977946,-5.680540147694362,-50.91216500842635,6.63847295338735,-26.494966994814376
0.35462725709746906,-5.679057175211811,-50.90782201758459,6.671506155154674,-26.54783065447971
0.35892497308083593,-5.657993803244086,-50.847887930112385,6.6735445848950405,-26.50496846299993
0.36041642773184945,-5.611758709062666,-50.78077247081677,6.6623921555164,-26.601186275622336
0.36007635796946663,-5.5734819575057335,-50.727228423444664,6.664522079948469,-26.635900230257157
0.34189561770265964,-5.563020893691815,-50.67474217874802,6.708455332278376,-26.604363656066536
0.31470133870223727,-5.561283369952237,-50.609151224761185,6.672698322882226,-26.67082422275354
0.3125,-5.542876747922569,-50.58674081335292,6.736232583653447,-26.711157043044025
0.3125,-5.539018096625484,-50.584025466143856,6.742489523819984,-26.701921001344253
0.28272827809435824,-5.5062636201384825,-50.53865825486152,6.809274369734865,-26.701378111383896
0.28105345125448195,-5.507000543948028,-50.53792133105197,6.840827859364509,-26.75085292284741
0.2705829559529339,-5.515885885368284,-50.51508493478092,6.895741664229135,-26.761725547932482
0.3353289323460334,-5.499841486984604,-50.47722203646921,6.951329871518055,-26.748980438015945
0.3341862115083507,-5.499727214900835,-50.47699349230167,6.998799952291378,-26.745011347932746
0.31820035229645094,-5.498128628979645,-50.47379632045929,7.027899772133651,-26.73419189171495
0.309962552461789,-5.484334992992045,-50.51682569962102,7.0648797711452005,-26.7932053441204
0.33863407273370505,-5.517071730262918,-50.53674158936347,7.0870293288939905,-26.732791479214296
0.3463786263984039,-5.5257843531357045,-50.55707104273331,7.079377567741972,-26.744282324197695
0.3549008619315283,-5.535371868110469,-50.57944191100776,7.154484678945096,-26.713607847402713
0.35557036108732354,-5.536125054660739,-50.581199346291726,7.157634098872137,-26.6891663969652
0.3157316151831811,-5.5665137119510355,-50.606114814481565,7.169055000474103,-26.717274272521433
0.34434657556041903,-5.5881787719257074,-50.656662895532676,7.117707969202968,-26.73511346207412
0.3454505336629153,-5.59443453450652,-50.67248629500178,7.13589914796583,-26.70180749657071
0.3455776967590473,-5.5951551253846015,-50.67430896604635,7.13781234718131,-26.679820322643522
0.3209687908227048,-5.63217195664541,-50.74533507319994,7.1115967080698965,-26.672045738633678
0.32142310802126645,-5.633080591042533,-50.746584445495984,7.790663091777603,-25.973811719278835
0.3337950284432552,-5.6620296165797654,-50.78446197929193,7.954629888503192,-25.809651595467248
0.34244799495988526,-5.687988516129655,-50.816189523186246,7.96368866842019,-25.746872686975568
0.37110345422372987,-5.68481136541745,-50.828859627380396,7.984768378442624,-25.732899218810584
0.3751248845373817,-5.68353181940856,-50.829773588815314,7.9580901248768185,-25.75934654520741
0.3933917098308927,-5.708172093683751,-50.87294017849256,7.997809165962394,-25.7582596077748
0.3931113583358688,-5.710134554148919,-50.87527644095109,8.02967029014917,-25.724500875589964
0.38705849177543955,-5.737644169136255,-50.90907329057339,8.075539962966744,-25.725431183010077
0.37839293035345634,-5.762196593165207,-50.94084701578733,8.101536884546746,-25.714887007094262
0.3828670518645219,-5.777656080455652,-50.97037849934357,8.098579150311025,-25.709632974483558
0.38779980639533,-5.78125,-51.02221390305193,8.122763267507665,-25.63694359265267
0.39376924129114893,-5.837106475411489,-51.07495861782919,8.119333593949037,-25.616239829567597
0.3997540326937698,-5.876499831408307,-51.11501608862716,8.080995085470946,-25.67172790176328
0.40053606788191554,-5.875457117824113,-51.11788355098369,8.095305572944824,-25.656760179058946
0.4049646510737794,-5.869552340234961,-51.134121689353854,7.263594004435532,-26.43412725633699
0.4069151944316261,-5.857648326478617,-51.19435715578854,7.221922603310773,-26.42699525713395
0.42177804874051333,-5.880177191231026,-51.22626968791456,7.165265731820483,-26.39794422220765
0.42754496615239296,-5.91099383068325,-51.24945268222607,7.1508586909138785,-26.407518994064354
0.4272770469274769,-5.912869265257662,-51.25213187447523,7.133868530811284,-26.344622468353176
0.4225570122722672,-5.9444110576923075,-51.2835984944332,7.110588763870595,-26.376623849110697
0.41293348218606174,-5.979290691938363,-51.32611004438363,7.132832510759144,-26.344166913471984
0.4121803548730909,-5.981042693949315,-51.37938351913033,7.120940592000167,-26.34204544706126
0.4382777336468179,-5.974352083980606,-51.4278206390322,7.124656008053293,-26.309228783939375
0.4139114181768568,-5.9960110310650165,-51.46166274385159,7.112685884452574,-26.242949827132392
0.42974060506420036,-5.997361930637621,-51.49121318852063,7.121467689596344,-26.238890447250174
0.4316622157753555,-5.996755106202519,-51.49222456257913,7.13935619172895,-26.29429218068966
0.4637958381047471,-6.035841832660603,-51.68866828165222,7.132763125801219,-26.212140736254643
0.4645426037959949,-6.041442575344961,-51.69688270425594,7.170710544323185,-26.101917428703725
0.4634729457301607,-6.120263278672532,-51.82826511518788,7.171511082020288,-26.031531938414346
0.5198566581671281,-6.364258319497924,-52.644532644244286,7.1648495271100785,-25.93106808142387
0.5465265029527004,-6.552734375,-53.40633043510049,7.153569472569615,-25.921610593662585
0.5520440975941482,-6.552734375,-53.44564329692081,7.132552041666841,-25.872650368363622
0.553789335571936,-6.552734375,-53.45807811751254,7.057027758401134,-25.645863492663192
0.5569715045030443,-6.552734375,-53.48075107114669,7.084737085865655,-25.575806691612236
0.5574212480589253,-6.558301632098601,-53.53193645976634,7.006356844008138,-25.468701840339666
0.5499122038232658,-6.568492477846997,-53.56626351912936,6.962206672323205,-25.006023892947944
0.5491997707838294,-6.5694593512576605,-53.56952035588107,6.960278171693886,-24.84941501451057
0.5406804964982491,-6.581021223502376,-53.60846560975801,6.934276395431027,-24.184601026252416
0.5327827370531181,-6.622690037646845,-53.79453029597172,6.9555563990168565,-24.024379553366703
0.5420227948218155,-6.663332231973572,-54.008581990742535,6.947040135268139,-23.805126424391258
0.5434011331899934,-6.730483551290059,-54.22225512294024,7.00515562007493,-23.61691777641714
0.5371688624736722,-6.78657398773695,-54.449733004085964,6.983948352530632,-23.42661682975488
0.5368744498921079,-6.7892237009710295,-54.460479063313066,7.671307175577709,-22.497382900771434
0.5552382716155111,-6.848352609447794,-54.713058158057,7.8758041484566945,-22.09110969721804
0.5516301205283717,-6.892010176809211,-54.927875398334706,7.8741793798680675,-21.81702604079214
0.5671490066000886,-6.9783870069075356,-55.21420296023338,7.8433298050995575,-21.61039930195557
0.5817151551101992,-7.063693055138556,-55.52871528994029,7.835742479734876,-21.35489011457268
0.5743025409911262,-7.117434507501835,-55.8900802282451,7.812527086287744,-21.087095183412075
0.573826465686438,-7.120886053460824,-55.91328889934864,7.780972407148397,-20.814484588108915
0.5722571589020526,-7.243866748629631,-56.23325705746073,7.773668710491023,-20.461159696800653
0.585020582224568,-7.347312669536773,-56.5771207247582,7.743635099318837,-20.25469591953766
0.6204959602685585,-7.40697580533803,-56.93026198801429,7.647272733882517,-19.910980166589294
0.6083065242915934,-7.470195700278022,-57.19767733236209,7.601656100801264,-19.629872249772404
0.6055095525925169,-7.479518939274944,-57.23497028834977,7.610826961064447,-19.314842109683767
0.5853447147173079,-7.539233344117831,-57.42881757927447,7.525873119339991,-18.94459387318805
0.60287353515625,-7.625996704101563,-57.76698537190755,7.540423722164363,-18.62126291304654
0.6221101469470484,-7.71744020544348,-58.13737878122097,7.499104723104665,-18.269688815400766
0.5687137678557751,-7.856750114291322,-58.526268005371094,7.415802910449457,-17.941276339377673
0.5803177367698329,-7.926494046835943,-58.78629996258716,7.393954966880784,-17.594629307125686
0.5996545993125905,-8.010287117854558,-59.11502662581404,7.370054020216557,-17.23422251527778
0.6011092290488094,-8.016590513378175,-59.13975533132976,7.353346544728112,-16.91247652720662
0.5997467521758821,-8.141479107592943,-59.58320487875118,7.371549401052533,-16.600648060376063
0.5748853010512542,-8.243534877786049,-59.93453806002978,7.387277414134232,-16.290466086840155
0.5730180063955063,-8.247125829047103,-59.94746548456957,7.366440940427154,-15.898694606945185
0.5455819982728202,-8.319488392547981,-60.20425820410401,7.397715416769572,-15.56228946170663
0.5303666534044165,-8.436933101510455,-60.550090723353854,7.439925650432286,-15.21001204940537
0.5294236188448109,-8.446902323997712,-60.578247040919216,7.448056886984432,-14.927975206402966
0.5157394693237257,-8.561396743905668,-60.90207813854073,7.46903860148052,-14.544575127335113
0.4943965197313519,-8.691233020592609,-61.270244019009176,7.504681252581591,-14.162707017550575
0.49727254552165356,-8.795964566929134,-61.573619740403544,7.458688220361395,-13.8345460420132
0.4999166161385564,-8.877215298502993,-61.85560176067447,7.507681455104546,-13.461119054478043
0.4981253918563107,-8.893336317043204,-62.04726275887476,7.456176511567961,-13.11839437860335
0.49730436754362534,-8.896856681216262,-62.0637534858405,7.473632762119308,-12.729913522385223
0.4658721315215456,-9.015968312457828,-62.406199425660006,7.507806580861384,-12.354633052881562
0.45412114270050125,-9.173185649671053,-62.661935600720554,7.494283864203297,-11.978006227176767
0.4610339100614719,-9.342266463422078,-62.995882152274405,7.4126891775519965,-11.592032822801892
0.46093669891686817,-9.458989982581922,-63.36191127135772,7.42733816327106,-11.256177129264408
0.4424261574342334,-9.619343769012922,-63.70172038269691,7.339390107435705,-10.826138718732986
0.441192015116178,-9.63209657296616,-63.72626610213379,7.314542461814284,-10.459860543649855
0.4282509605363287,-9.756084258370832,-63.96928390414075,7.270533318883452,-10.08152412423447
0.41078049122744636,-9.849028271103402,-64.20940652160247,7.18755059755928,-9.647194973978086
0.43038753911329647,-9.976474082361428,-64.44632501688983,7.160943260641261,-9.259428828034974
0.4314898285955845,-10.08947519195593,-64.67821916674643,7.100628822762175,-8.87102232196592
0.42277454417113325,-10.199868794665646,-64.91788948841884,7.062230108998051,-8.42924073344786
0.4162026844068563,-10.21683926442782,-64.94516076511633,7.046838976041187,-8.038357100584644
0.36979898943330997,-10.31182155500547,-65.07202864118659,6.946829530189859,-7.712123634114565
0.3954141516178626,-10.40574381634883,-65.15399716017716,6.937389271609177,-7.275210953221081
0.3867403948011734,-10.53919300541884,-65.32338638007252,6.876707560299138,-6.945273544111049
0.3736080563677169,-10.692177271552714,-65.50977220470293,6.788751613410298,-6.557075390401862
0.38961958851767475,-10.8523317409999,-65.63289366832315,6.747732475268705,-6.158633921316733
0.39289468146029444,-11.014448841659574,-65.76225983955663,6.668406888694307,-5.765452292399792
0.35980639868187586,-11.172367343470922,-65.85916133176953,6.655544569799019,-5.41251194152834
0.36070221019702825,-11.182359087293777,-65.86370929792338,6.574197005984217,-5.0189628554646335
0.3851926975313447,-11.45552221525346,-65.98804561823606,6.531590643118818,-4.583526476149615
0.3858102928140643,-11.462410778022255,-65.9911811019791,6.478228268617983,-4.313031870285693
0.3841947219573509,-11.61042402587552,-66.05849352028433,6.436549813003154,-3.9634302842450304
0.3838403939622477,-11.631012646691147,-66.06745953868253,6.346615141827726,-3.672403384737239
0.39454482061731694,-11.77934541605425,-66.12709848718934,6.282111012560762,-3.302754390311504
0.388896654933473,-11.933912970925773,-66.15507038072339,6.2158071544667735,-2.987582855266913
0.3652331073356738,-12.085359675551688,-66.14560496168427,6.134758913040571,-2.5225941776873726
0.3690436080320342,-12.127250035989212,-66.14501953125,6.083964456045152,-2.1628044979189354
0.39884835709252636,-12.311045988528912,-66.14501953125,5.33112654412902,-2.7272317503878942
0.40123678580358224,-12.325774632247091,-66.14501953125,5.271700120606326,-2.315713010970112
0.4124565573299632,-12.484579826803769,-66.15649755141314,5.221240690760396,-2.0077311162281357
0.40347954245174633,-12.590807836196001,-66.11011630787569,5.149079909636484,-1.637118544361348
0.3993935427728197,-12.729910525163804,-66.04832351622515,5.090214710734799,-1.2837083375319371
0.3734105000949447,-12.865789991178053,-65.92973381851844,5.065955431183838,-0.9108499383391121
0.3348736163784919,-12.987239564102632,-65.7931030489783,4.991028411313735,-0.5116607778845527
0.3313900434635834,-12.998218096925374,-65.78075219955271,4.997024763321747,-0.17131623745766267
0.31982421875,-13.03466796875,-65.73974609375,4.936771138293707,0.26474350388037265
0.3255265996361492,-13.075626394344178,-65.63522461111359,4.8433902363882595,0.5460920391244237
0.33137345683305147,-13.141403537809328,-65.4817446096949,4.831848073728779,0.9053074505788931
0.3356117067131132,-13.235500155331888,-65.28306842729934,4.783481216981869,1.252746747595712
0.3365042145117348,-13.281910560860208,-65.19114012404133,4.769035493466021,1.6236439589909377
0.33654349786592136,-13.283953295277911,-65.1870939385601,4.686578535107557,1.957849949691994
0.3369140625,-13.31367523027803,-64.99445996505801,4.642399189251137,2.320614901881862
0.3428489699277801,-13.331789654086423,-64.77344231978455,4.581142917105325,2.6927556078179746
0.3652121916934567,-13.354961698259848,-64.5685965657392,4.5445522136839,3.049244938831804
0.38325066586367185,-13.370225022557722,-64.37572364961152,4.4872906385342475,3.366544081542809
0.3478611207623257,-13.392219957153353,-64.11006436964595,4.4172273584621,3.6924709511781963
0.3566646377402466,-13.419788106757187,-63.877467395809035,4.350947817045807,3.9878504168737123
0.35705973862249657,-13.420622208619715,-63.87057508041867,4.768167883154703,5.0564621641452145
0.39382778382257044,-13.42992645928225,-63.312225070427665,4.867463612293861,5.663945826457314
0.3942708513442082,-13.430314143363683,-63.301480683027954,4.782097590821891,5.904406061910247
0.40568882163758835,-13.440356790387588,-62.99333724705996,4.7155604044700965,6.250073714420708
0.40931491380024293,-13.443982882550243,-62.632541076875825,4.557955118369634,6.644501973210755
0.38727910609624033,-13.411548373071804,-62.32213642631729,4.490660990630701,6.910465700892988
0.3867587269980491,-13.41079145801989,-62.316979942526125,4.225770838191579,7.422952908760489
0.4234465258737521,-13.381925182879646,-62.02678572177358,4.1413454344952925,7.767756735761413
0.4570590488270954,-13.359063090541222,-61.71729552565376,4.061443537975322,8.084423696811086
0.4348740404256721,-13.357478447083977,-61.37501253888894,3.9989240782277875,8.330999904226504
0.45251428549306244,-13.340689756200888,-61.08405661822614,3.9431662381709742,8.680653173531768
0.45381362657953417,-13.339854465502443,-61.07514685077605,3.9091267027195613,8.935472344894649
0.4013976139669295,-13.25012351874689,-59.8210043470226,3.7820151081586175,9.233726599215547
0.3997548090264488,-13.248727134547481,-59.80474057811184,3.7456072927640207,9.515842752298857
0.39881099048840235,-13.247924888790141,-59.795396774585186,3.681233716569068,9.842343441035263
0.39844093886358417,-13.247610344909047,-59.79173326349948,3.6048278007333323,10.106238325210393
0.3696927868789711,-13.223174415722125,-59.507126558851816,3.580992047997711,10.378936282313225
0.3682948140741024,-13.221986138837988,-59.49328662808362,3.3933379527352514,10.7712697045608
0.3709874961067276,-13.228175774761212,-59.31662200218023,3.3331491338969386,11.020280090144645
0.3575398196756958,-13.207813664885686,-59.09436205035413,3.26474356642737,11.284739875746492
0.3311130367877141,-13.16348299571805,-58.7853211977108,3.2940964697470463,11.592277058526657
0.31271133121294464,-13.128844491106719,-58.48872900197628,3.214437489835234,11.82555301815465
0.30323224780602037,-13.09763067251728,-58.19451728895735,3.192202340413047,12.008925195732424
0.30355836071071296,-13.096761038104765,-58.18408167600718,3.141511965433409,12.265796524954569
0.28907132039464817,-13.084324815903882,-57.90260691371495,3.117113738181999,12.590861749883286
0.18960046231115532,-13.027732181735601,-57.227478171420806,3.117142616071689,12.856972540278283
0.18999235189603425,-13.026724465660198,-57.221935733006084,3.069483547899779,13.09718302569165
0.19473377815738882,-12.98574213852495,-56.97441371967465,3.0049489789415986,13.430200859128515
0.180935874028335,-12.948487797376504,-56.713633331635535,2.9640668704642223,13.654654711132856
0.13270292469272452,-12.913859579179194,-56.38673601230548,2.964321889983097,13.90927746810762
0.13036654424519262,-12.91273631934865,-56.37429029338305,2.9935275723622254,14.70113836862293
0.04809001109965491,-12.868737415897757,-55.90783345158499,2.9529190112103265,14.417973109382539
0.04785082274219342,-12.867182691574257,-55.89742875803542,2.9138345712362934,14.67260147993994
0.007919844692439684,-12.801768577436045,-55.343267405886024,2.9466151475390063,14.917534492002298
0.00733031211002496,-12.801113541233361,-55.33697905834027,3.0127615387284266,15.13210320898607
-0.05798682822716028,-12.767974427488292,-54.981851969070284,3.029456095897345,15.449476461946883
-0.141126137568475,-12.732138518289451,-54.58479009514711,3.118231068671932,16.124880726954377
-0.1416015625,-12.73193359375,-54.58251953125,2.7251542623437786,15.783311958853115
-0.15145592263873417,-12.725557243071995,-54.5297697210956,2.5263527733177256,15.661894229274747
-0.2097442636700036,-12.698843513422977,-54.24529463976041,2.514975584646592,15.427746478176823
-0.2862157002305573,-12.680945943164124,-53.91500311589249,2.59223973287979,16.120314691642843
-0.2878144860305713,-12.680571759253484,-53.90809772190519,2.5917194916188038,15.946225081972669
-0.3175185137945538,-12.654185271334434,-53.63966876226788,2.877380262944797,16.512411116899283
-0.3542227709938204,-12.568497948003523,-53.267732157005256,2.922610976006567,16.76985627033537
-0.39711346224375094,-12.506760845931451,-52.88054047770443,3.0156248391485434,16.946974006464448
-0.44553608161032043,-12.475520446340116,-52.48378740289447,2.9919853368560467,16.901564284784925
-0.4948925046992481,-12.44602573939732,-52.09107785332472,3.029709275363672,17.183913548651038
-0.5684033528887139,-12.381592249322415,-51.632304039595304,3.2084227781142687,17.814801275862738
-0.5725364600224704,-12.377045831475282,-51.6120518146399,3.1476084938391438,17.70907333590401
-0.6286627325915324,-12.326433661555958,-51.20216047448217,3.208530045331628,18.038081021789306
-0.6700788874336141,-12.291377946138624,-50.80176468365215,3.242980877221214,18.354236759887193
-0.7281814499223234,-12.21681199982303,-50.31377048513455,3.5742828519481407,19.00460929635481
-0.7305065898946733,-12.216606840413705,-50.296537094751244,3.526156732172254,18.997864162586527
-0.805602609034268,-12.152440797799844,-49.66132051937306,3.5834044170263724,19.277150828067764
-0.8067568389797508,-12.149307887947819,-49.64862398997274,3.6694705494916917,19.51583712918635
-0.8349609375,-12.07275390625,-49.33837890625,3.7363148828036827,19.727328277019183
-0.8451940061343464,-12.061838633040031,-49.20125578654976,3.755637003457238,20.108920808742603
-0.8695403512204303,-12.03586919828154,-48.87501476239623,3.7666892923758724,20.379951251792594
-0.9060666043482567,-12.007164811559033,-48.57575865441759,3.9007984048326847,20.460145725688935
-0.9287058406184759,-11.981686904684238,-48.27014083703027,4.026142289898544,21.263182007954526
-0.9276995123303757,-11.981183740540187,-48.25793910653706,4.121348821049509,21.465642032726045
-0.9971131951002022,-11.903277429899799,-47.72077336645439,4.14585963247734,21.731144326561104
-0.9987809488952687,-11.901609676104732,-47.701983340363306,4.226844567313108,21.871388695139437
-1.022456814187024,-11.876957837357686,-47.47121614612786,4.257689611909072,22.079891787615235
-1.0782250632702466,-11.752809938242738,-46.68541672397667,4.296599505815948,22.307497943988903
-1.0785304109815141,-11.752072014607174,-46.68129452987456,4.348404848455502,22.413348880114576
-1.0790637378961268,-11.750783141230194,-46.67409461652729,4.421850944880177,22.587233886535454
-1.0792442644146127,-11.750346868810519,-46.67165750852773,4.44816424051659,22.840152381969745
-1.0982345847166022,-11.716958856214854,-46.45261158021534,4.553042501023711,22.959579672628678
-1.1262290795444831,-11.699851109375594,-46.22554512216697,4.650923938146278,23.050341544767985
-1.1486412385195484,-11.688598509384478,-46.00125814295795,4.69785903436177,23.270136680993357
-1.1493059395538423,-11.688313637512639,-45.9937565169995,4.742321140029276,23.519838155755963
-1.1746448688814262,-11.652973168878349,-45.802191080981,4.830882194447355,23.531364794410596
-1.2028521764489195,-11.609091624201866,-45.601224060658154,4.908789788858499,23.730944473808922
-1.2387432043755264,-11.564103667934553,-45.345023347931395,4.944796348687291,23.811366492240488
-1.274173418413016,-11.548699227048688,-45.11703762282059,5.007092044992319,23.997739023430437
-1.2692313164684323,-11.513447912919327,-44.85435131095984,5.0451242247678465,24.274830588030436
-1.280205703363186,-11.49217782369474,-44.61062249904725,5.099984522952923,24.446624617752416
-1.2962298160347043,-11.48386035909383,-44.51911200594473,5.156988866576725,24.566113463846204
-1.3008689867798762,-11.462984090740557,-44.444885274021985,5.229725485383966,24.68235752083352
-1.3418302972609373,-11.442571440547813,-44.273620175288904,5.359091649123513,24.716877360827425
-1.345549088023351,-11.40780980660897,-44.100811751959235,5.4128735116075575,24.865077522382407
-1.3733918587403013,-11.373056457881676,-43.8910265895995,5.456943512319086,25.072677881072995
-1.4035819474554998,-11.373895071457097,-43.84070977507417,5.498018855140231,25.241088882458673
-1.4101634768138673,-11.343276172377735,-43.71694553091037,5.78312895410204,25.407783374606698
-1.3851932638553732,-11.293335746460746,-43.578222125585405,5.863958064684965,25.48215488452824
-1.386650889991778,-11.286300096917214,-43.534532559542754,5.95370757124455,25.47352522148837
-1.5039923126542243,-11.218055168379863,-42.935978966899306,5.9892307292032285,25.74173798138852
-1.505046102042615,-11.215526073847725,-42.92333349423862,6.138617328661837,25.798533961995247
-1.5057938908826525,-11.213731380631634,-42.91436002815817,6.392479132334074,25.92909453247858
-1.512078377144452,-11.198648613603316,-42.838946193016575,6.455389090677926,26.04130827047662
-1.5987198295814307,-11.05184482958143,-41.84976888757843,6.550783259873015,26.180829924220138
-1.5934347223488046,-11.046559722348805,-41.81042420040221,7.3233388631769145,28.186152102957166
-1.5750519702291261,-11.01610280756958,-41.589674872723144,7.375956881152447,28.395530027806423
-1.5774449032474296,-11.008126364175235,-41.5354350576416,7.464244689424547,28.3787049728852
-1.6386873750149706,-10.92865705063302,-41.183227622164246,6.809189383329837,27.957160804754047
-1.6372188747880474,-10.924950835774595,-41.16945169146406,6.836439840827438,28.111570632327318
-1.615404665871385,-10.869895927556353,-40.964813636388705,6.830836312663678,28.457087255411487
-1.6017440821917144,-10.835142519691715,-40.810265759426834,6.658387546804576,29.476887431071013
-1.603067762628856,-10.836466200128855,-40.630245219975585,6.598549044706559,29.739857521086783
-1.628345341104119,-10.82483902253497,-40.45581723294364,6.560345534774413,30.127222757478012
-1.6539008595906164,-10.73172435602576,-40.11362111531164,6.56434911052942,30.30671356506108
-1.652326860050598,-10.727658190547379,-40.0987992863098,6.55878194380638,30.51640468673361
-1.6514406767479302,-10.725368883682153,-40.090454393543006,6.607181496449556,30.63606701947615
-1.6679754271126384,-10.719139289577472,-39.93519870878552,6.630915241027608,30.77943344000488
-1.6783825909125196,-10.707565816196269,-39.739863868765084,6.63877700818351,30.973891689342274
-1.66259765625,-10.691287998075218,-39.60412609465696,6.676348807778112,31.079268984950446
-1.66259765625,-10.686842397529695,-39.46186687720023,6.660242931034176,31.273415966066043
-1.665148074127907,-10.68195448764535,-39.404409974563954,6.682357875684957,31.462215194637817
-1.675377419678762,-10.65848565574733,-39.249731305845515,6.724566648271107,31.57695608156257
-1.5739245282274807,-10.58435349190026,-38.94754933601256,6.750081963476362,31.621647708727036
-1.5669565781265264,-10.58111837221053,-38.93485771261439,6.713103909557759,31.759428061574763
-1.5494173666588347,-10.5581796287594,-38.81293155985667,6.807746745996084,32.01403189399519
-1.561669088005344,-10.535386012574984,-38.67114150000977,6.737861939110132,32.15902156127872
-1.5571898531534547,-10.529685168218034,-38.65342816218639,6.679391526244473,32.345287760118374
-1.52972672812903,-10.494732100005129,-38.544823985953435,6.622848720787829,32.333402842374774
-1.498521316883176,-10.474124287450037,-38.420843080032704,6.635908195990382,32.38587456345457
-1.4203236077837738,-10.442324033493207,-38.209383515713434,6.577582499643228,32.42956751488146
-1.4195393159129943,-10.43957901194548,-38.20326603912135,6.537917290029512,32.64069024329303
-1.4041527101467661,-10.38572589176368,-38.08325051414477,6.480678904838015,32.774114690683156
-1.4026813290428979,-10.380576057900143,-38.07177374153461,6.426088319578824,32.899638086381806
-1.3604614823960934,-10.368757908658134,-37.95685295679294,6.316401905169556,33.00850186097756
-1.3066875057996865,-10.29518753286489,-37.67015243267853,6.2184480930117445,33.199585944438766
-1.3059450250933105,-10.290980142195426,-37.65876772851409,6.171218750420039,33.29540415557516
-1.292772004853297,-10.271756952911979,-37.533718577782366,6.169379156874243,33.38972999870928
-1.2798806240684109,-10.253748140837017,-37.4055300260845,6.063449421512956,33.622401320927295
-1.2802823384602864,-10.24691899617513,-37.39428202311198,6.011457572456536,33.65166961544891
-1.2673631429380021,-10.220371076461,-37.21695181103602,5.930248027091878,33.72635199834995
-1.2660252403436947,-10.220203838636712,-37.2042417363901,5.886472163919166,33.91334566218986
-1.2565330183561882,-10.181899809874588,-37.08664123185537,5.793096674934901,34.01690221328717
-1.2648358224477674,-10.153480670091406,-36.97465531796357,5.665482900918832,34.200866040587506
-1.2735001159228867,-10.129407177383094,-36.86649512421313,5.627601391642997,34.22000665296886
-1.2690987346841276,-10.09419612747302,-36.75499346616457,5.55918960501549,34.445716626833836
-1.2687169795413669,-10.091142086330935,-36.7453223358813,5.511778305971845,34.497166840435256
-1.2627095044923409,-10.107327261717726,-36.645697039064544,5.426632368206725,34.61659206963833
-1.2132861071446623,-10.052988289147796,-36.4216408303427,5.336857851806457,34.642905573659384
-1.2140012416213157,-10.052768247770365,-36.415919754529476,5.303079219878811,34.72577453691396
-1.237186428971082,-10.045634343970436,-36.23043825573134,5.261466731989202,34.85636403633357
-1.2382765990755717,-10.045298907015209,-36.22171689489543,5.212300192069122,35.02245133372829
-1.238648069725957,-10.045184608353551,-36.218745129692344,5.129440737936591,35.07683663178752
-1.210851870416278,-10.002071745613524,-36.141299985262606,5.122718675544448,35.216358894708605
-1.2040726891586517,-9.947600103526582,-35.95432654844599,5.047128709321697,35.31249574971255
-1.2069224096786224,-9.948605887239514,-35.94912999926251,5.025465260008488,35.31715898689349
-1.2276611495873129,-9.9560546875,-35.900391094694754,4.955700287774107,35.392017018314824
-1.2334092432648143,-9.951584227062963,-35.77746347991297,4.955695990983358,35.488159627203245
-1.2342120300375796,-9.951125491764241,-35.770811818081484,4.966480337464418,35.53161371514648
-1.2428925425033954,-9.946000047495472,-35.69894950372284,4.776087898694286,36.11792474038329
-1.2492987470290067,-9.937458441461324,-35.64769986751795,4.730400115451488,36.15796264576476
-1.2158203125,-9.88037109375,-35.48828125,4.724159003813597,36.2474432265547
-1.218974555511677,-9.87784769934066,-35.459893062894906,4.674228724138317,36.288611903991345
-1.2200151744571668,-9.877015204184266,-35.4505274923855,4.680982643057845,36.318507654913205
-1.231339711671722,-9.8663467099935,-35.341508726193666,4.658675967425879,36.44071822202205
-1.2320886970655194,-9.865383728772903,-35.3331628889485,4.571805039163834,36.54076323356486
-1.23866218406532,-9.856932102630303,-35.25991546237929,4.5971770721140075,36.45911430271207
-1.2364415487866682,-9.849789564328445,-35.16890187608067,4.534988363708166,36.62761457452401
-1.2124259572652831,-9.850895715989811,-35.07729292138283,4.53508384052796,36.74996806819259
-1.1913428829746,-9.842042735320085,-35.02020202454469,4.528998208736482,36.80995405837381
-1.189082979325377,-9.841434299722216,-35.017333685297594,4.565041842163339,36.80341278001179
-1.1511225270045298,-9.831237663001133,-34.96856598475793,4.53199412837219,36.88240237671443
-1.1188962291658602,-9.823181088541466,-34.91216996354026,4.596327656970033,36.91427718386996
-1.1198393598154674,-9.808453447623021,-34.87255766806019,4.604000446176983,36.87225780343166
-1.1474609375,-9.7900390625,-34.85107421875,4.598662504488203,37.037847005453024
-1.1376328253178836,-9.796427335418375,-34.85402265240464,4.52189293711649,37.00453579000648
-1.1352775392227235,-9.79795827138023,-34.85472923823318,4.532242541481594,37.044415915735364
-1.1065097539706914,-9.78830034249956,-34.822399478161195,4.608210097833279,37.013409256493034
-1.1079725555593412,-9.779847555559341,-34.811905248264836,4.579318408298249,37.08229647540323
-1.0962463526253796,-9.76812135262538,-34.80897369753134,4.604097902947217,37.06928047127102
-1.0931343724447085,-9.765009372444709,-34.808195702486174,4.6150955784920455,37.08627352995702
-1.0772119553589408,-9.77073238647805,-34.80213380676098,4.627262579866013,37.018452034366575
-1.0679321097909489,-9.781158475938577,-34.78538506015356,4.663197620564603,37.09801629663636
-1.061742092805733,-9.783568039837595,-34.7567125710876,4.602531997687066,37.123576745245565
-1.0601059408834246,-9.744300393702192,-34.71744492495219,4.674797751333955,37.11211971072606
-1.0893743981423956,-9.733737934472492,-34.6747857581076,4.643314693463381,37.162712575008875
-1.083776175576323,-9.730873751480528,-34.64422837344003,4.644405035210056,37.170609008024314
-1.0830318673385622,-9.730576028185425,-34.641400002136535,4.601258929644189,37.2172330192965
-1.084298878048542,-9.73073634476618,-34.614337774136736,4.664878825119814,37.27944045733383
-1.0995903830395826,-9.728154162052604,-34.60279269910521,4.678427814647179,37.305196326462976
-1.132849520903723,-9.719839377586569,-34.58616313017314,4.608909801031231,37.3090285843173
-1.1372783084329694,-9.706152693626583,-34.58201343070426,4.599538681386846,37.37008625125794
-1.1186762456293706,-9.686778675426137,-34.5849609375,4.556013916483465,37.410364450589135
-1.0707074501019813,-9.664507448931277,-34.5849609375,4.537437059734231,37.369902411821116
-1.067378098060345,-9.662961678340517,-34.59081761853448,4.55721856027084,37.381224576901715
-1.0708950700431035,-9.664594558189656,-34.59282731681034,4.522053942254459,37.41808781691787
-1.1287225181310399,-9.692097564170693,-34.629413832301736,4.567633607870107,37.388791597528645
-1.140208777635497,-9.699755070506997,-34.648557598142496,4.558539631462494,37.36159219045816
-1.152501218782774,-9.70795003127185,-34.66904500005462,4.51860048104237,37.41206747664138
-1.1577847245082709,-9.710972440379136,-34.70884638159925,4.5470277357990625,37.328537178549006
-1.158024625673813,-9.711092390961907,-34.71172519558576,4.50829262426862,37.4180565820494
-1.1740332777019835,-9.716018436486282,-34.74581062145198,4.511443780480562,37.36831655486976
-1.2018931816576526,-9.722573634767517,-34.796019207095576,4.518190211773771,37.319968944047424
-1.215777841152146,-9.72405738672822,-34.84871775519571,4.5393321039620815,37.306105925987396
-1.2108817713578381,-9.717920053001217,-34.88324869955574,4.574680632782616,37.31445947121073
-1.219247571268367,-9.739690864855229,-34.958514162571305,4.516494373223509,37.25053219579639
-1.218191999541951,-9.73903113252622,-34.963396181805976,4.4897646912928195,37.26022849503305
-1.2065200698242717,-9.731736176452669,-35.01737885675024,4.4715236499856275,37.216945800797994
-1.1970630641362199,-9.7392457318937,-35.08238236017962,4.494898947792336,37.13648798354696
-1.2281265643817385,-9.771327339448884,-35.17728673407273,4.477175977812266,37.11625319391134
-1.2291072898546223,-9.76908568122515,-35.185272641494784,4.526441066857984,37.087908860948396
-1.2478821687395552,-9.75894793122911,-35.328457488209445,4.478993781434966,37.08149864713197
-1.2538017184353174,-9.770787030620635,-35.369154392367804,4.564313656693145,36.927521169223965
-1.2621648416536226,-9.7835872861695,-35.42040744842912,4.540646599184157,36.94850989837052
-1.2782819662622988,-9.789448058754472,-35.48927152630255,4.532063659380597,36.86170358265881
-1.2971313219211174,-9.829266267348912,-35.57920518930077,4.5999501791814765,36.76822385380312
-1.2812549621284108,-9.847752913824317,-35.651289512608024,4.644497797591285,36.72605155529384
-1.2799187039264424,-9.848020165464712,-35.654674700053015,4.620080986770418,36.62485134644163
-1.2740749355524148,-9.852121607422491,-35.72897058986468,4.657442500933854,36.65415744021272
-1.2781564889133727,-9.875653822265026,-35.84278177929507,4.679278939237747,36.51432865301628
-1.2661433596194291,-9.930267577989206,-36.07793984489067,4.614261251333815,36.52577486351322
-1.2676129901076791,-9.929451116606845,-36.084798120502505,4.643544626053028,36.46315198823948
-1.261941340709762,-9.937573408952433,-36.21741445574143,4.644608567015652,36.35176579330782
-1.263013509928295,-9.96010905110659,-36.372433860792086,4.69576218521766,36.211542015588705
-1.2725652287011866,-9.97802734375,-36.50872976649933,4.747633628906229,36.11581966502195
-1.2735860500461347,-9.97802734375,-36.52965660407076,4.759730418894037,36.043627624334434
-1.3213891560810944,-9.980254028116555,-36.810441386689256,4.907855508915858,35.46291445846352
-1.324092342557726,-9.980389187440386,-36.82341668177708,4.989041522052474,35.357868198432826
-1.3440738508521886,-10.012140859453769,-36.94139623011313,5.0460892134958755,35.212831139272126
-1.3661312127932062,-10.050128538352189,-37.07374040175924,5.034649868948833,35.13401887058147
-1.3672949386713422,-10.05213273292009,-37.080722757028056,5.078207108823349,35.01562436692949
-1.43798828125,-10.321644876166964,-38.653156825636486,5.163364154914547,34.989613667943395
-1.3942517360959066,-10.41639797456846,-39.50416061945522,5.0916124422200255,34.89102609419913
-1.3324782047954906,-10.53827451194992,-40.322562546385676,5.141739256842499,34.74472544757776
-1.1547441143581891,-10.81398095382006,-42.701349085770666,5.210991536828644,34.587071522749895
-1.112221890614926,-10.857992953135074,-42.971958510470394,4.770664186653818,30.473236439971952
-1.113248817896702,-10.868235150670928,-43.03718979911743,4.7006111333547835,30.312987941415983
-1.1480456527033902,-10.887215242383668,-43.18903053281934,4.52059913851798,29.378750034449546
-1.1336266451159835,-10.974282790765452,-43.639480411532155,4.472678556099453,29.144545744494074
-1.1130150995425865,-11.038178582042981,-43.955867636083795,4.552395124675883,28.52787038876585
-1.1115614986876943,-11.042684744693148,-43.978180409206395,4.5217106393041036,28.37244230541389
-1.0987737824940973,-11.056711646482047,-44.30938063651685,4.54702963628759,28.114458652913328
-1.0822787522171669,-11.088731411137264,-44.64413272154867,4.528571309310308,27.819703614392356
-1.0661136031409986,-11.120110818167474,-44.97219015868267,4.538509682181086,27.64459696515856
-1.0146979234132125,-11.222892851360104,-45.46177198024611,4.503672183967183,27.3133239652026
-0.9610868589155944,-11.289573764553053,-46.105861321744364,4.690711705999405,26.574189256136506
-0.9627070841181079,-11.293354290025585,-46.128364449557054,4.379226184781942,26.35235086487366
-0.9634102559962331,-11.294995024407877,-46.13813072564213,4.3652641103561365,26.14789017541564
-0.9758198873951788,-11.330139269378927,-46.424766545924975,4.266405693542211,25.919166835763928
-0.9742933099718049,-11.33929873391917,-46.638487385197315,4.237451172893287,25.655774866335697
-0.8689167264743091,-11.502018507931101,-47.854712094625825,4.238682841557193,25.356053522184183
-0.8644768643258564,-11.507989357027297,-47.89880451872081,4.188916670288123,25.033112429842486
-0.8234928854247762,-11.563105742445991,-48.30581782642808,4.207683221629665,24.813970623274408
-0.820117903258131,-11.567597539939303,-48.33920068605417,4.150234623481609,24.561827949147204
-0.818714447968288,-11.56914618025913,-48.352170548732715,4.035869453113975,24.278541126202075
-0.7463910016700552,-11.686077134539282,-49.18206296062663,4.111151345092779,24.05548830918054
-0.6849337987248727,-11.705004701164992,-49.60394501421567,4.002981525782133,23.7230643173269
-0.6787577834363987,-11.704592966812427,-49.6364720280683,3.8920815422856236,23.142376128554204
-0.6659992048052614,-11.748279176846856,-49.95975370503219,3.86902131767296,22.838867891136857
-0.6567890420452795,-11.806871116611157,-50.34021501821673,3.845077445804648,22.592402831376834
-0.5125914361749561,-11.935219240317691,-51.64937570953872,3.7814824246969323,22.3839166447864
-0.508084367872476,-11.937340122037885,-51.68968683310484,3.832605389296873,21.936371847962175
-0.5024574844447223,-12.009608299113324,-52.17024524205647,3.8374589224202253,21.678106882056074
-0.49700686373624786,-12.014257357952907,-52.21641520570472,3.8100073112098585,21.378136674047795
-0.4954007347284198,-12.015627291518406,-52.2300200631828,3.794637242951424,21.023176994617216
-0.4612345709436067,-12.044769019452511,-52.519427568183566,3.8258502934364316,20.3395068362626
-0.43701171875,-12.08665184044217,-52.959821570109064,3.839526846288024,20.021483284616338
-0.37077831473854356,-12.154872219315823,-53.4919049484145,3.766871461390835,19.769375115508925
-0.3574507582287599,-12.163379170279516,-53.609017306681324,3.836304231615003,19.422823205284413
-0.2705944488514556,-12.21881936775439,-54.3722440252521,3.83362762118918,19.07510361594017
-0.26616995372333363,-12.222246412233336,-54.415106450860016,3.8027634868882103,18.790935900266128
-0.26910255466738525,-12.251572421673853,-54.59546140891919,3.821598310876155,18.49158736731789
-0.26973767291525536,-12.286238072934308,-54.88683455852951,3.874279187980733,18.625861041387545
-0.26644883563730193,-12.327348538908726,-55.34398294016503,3.617843425672163,17.82367796090101
-0.2434898154219291,-12.346625279302048,-55.560929423316864,3.6231944702617653,17.52795785176002
-0.1578315767715924,-12.394934619803744,-56.210576828523514,3.595232418055957,17.198910539576023
-0.15558384948710252,-12.395463496811859,-56.22802976979132,3.6564651146120326,17.307724153835938
-0.1081342559220227,-12.410192761618072,-56.67522059645032,3.6063079944723455,16.56951392991402
-0.05910295549895116,-12.471616914753147,-57.46096266762811,3.5751114900460976,16.179819113100546
-0.0545413229041804,-12.48530181253746,-57.583214421167966,3.7098125810157967,15.878398997043313
-0.03680107998822037,-12.49580616136961,-57.74255171993929,3.8694776423828188,15.508383043382846
-0.006050355391478447,-12.504819020219774,-58.07969378552185,3.939619429456556,15.623336812754836
-0.007312685682388544,-12.506333816568866,-58.112009440969146,3.9067676440990056,15.346590819375683
0.011463691019938042,-12.516759093224987,-58.45944531187942,3.7621635198302243,15.037633937770739
0.0244140625,-12.53387499382899,-59.19207681966876,3.9052754465812427,14.137621788855942
0.0244140625,-12.537824440906398,-59.2380151251481,3.9954264425819304,13.776145765396969
0.0244140625,-12.569240672516786,-59.60343550335313,3.8247249301035,13.537377868587164
0.05311339658929207,-12.536361580342849,-59.945884506459,3.795809338829642,13.72913069857536
0.05533854166666667,-12.53369140625,-59.971028645833336,3.8463464004704804,13.43656841280698
0.06746874099720142,-12.515315810136123,-60.25905331875309,3.895770323509666,12.52178741122242
0.045434290984597496,-12.527180513989062,-60.58618015355559,3.8962707534057444,12.705153370087437
0.05715561487788272,-12.5071236211105,-60.77496215523236,4.164614140197642,11.754365369275922
0.09203897027322924,-12.483977829874334,-61.25340718416793,4.1615406758450035,11.4736757189498
0.09124779102008759,-12.48144605626428,-61.26812311827637,4.179877354152197,11.16760965625827
0.07640969362861767,-12.433964144611577,-61.54411172975771,4.2239273579139365,10.87628590588876
0.07553493435839803,-12.431491965608398,-61.57010457639456,4.270458811402591,10.523146595981457
0.08338690111555326,-12.423112390580668,-61.85704114912465,4.282612455936331,10.055013459711976
0.09696971345240646,-12.38365663660829,-62.17579749814785,4.0458711880725104,9.99394961529824
0.09584935833065553,-12.3332406561295,-62.479413736142355,4.324878688032385,9.459530787533984
0.09548548350024993,-12.316866288761247,-62.57802381518227,4.3209655572082255,9.10051886152303
0.09521484375,-12.3046875,-62.6513671875,4.353762923484638,8.815808265694411
0.10160275229427067,-12.23533306437649,-62.87859422000334,4.3621081035807805,8.434337517351297
0.11100541453917273,-12.133247017146125,-63.213060348429146,4.395006763110786,8.104452928689557
0.1213573082286339,-12.030126384893169,-63.49877068291477,4.439076890360184,7.78661454643936
0.10902631557612483,-11.968471421630625,-63.7561801545359,4.444203046415424,7.441858104714282
0.10673094852586909,-11.956994586379345,-63.80409594170998,4.452247894783767,7.037000288434488
0.10084221604019623,-11.897007687674513,-64.01716820052548,4.474019076181548,6.721201219190812
0.10630269669614627,-11.843893577912352,-64.14672611035375,4.487706163952026,6.357228373904598
0.11553594735308902,-11.763844393306753,-64.31439529165144,4.512526531142086,6.052430723944339
0.12253842347719796,-11.66580972756923,-64.52166858492505,4.54137964733944,5.753162142338623
0.10080939136511606,-11.531635907128704,-64.74858657367545,4.54174913312994,5.305314730454975
0.12990898194234762,-11.404516643028165,-64.92931034673406,4.552684262984982,4.98246788168031
0.14721176227300709,-11.307916708746923,-65.09155649154067,4.499183904195803,4.6541902643631685
0.14764383632463834,-11.303163894178978,-65.101710231754,4.526993882328284,4.305229229518196
0.15320332476749185,-11.229904141657427,-65.25687160395263,4.55158613101338,3.9561829106808806
0.14415479437157008,-11.149132962559396,-65.39572074521483,4.5530991888009,3.647957266139643
0.13637869815369427,-11.08136983837505,-65.47792519094666,4.585888704501471,3.264057787069198
0.12412761104767477,-10.98956465631134,-65.57019203320814,4.600863088155549,3.0060397519236335
0.12076722159048014,-10.969822368250322,-65.58195339630832,4.70715803773939,2.7372828015873014
0.11959982024851079,-10.882394025153575,-65.64543218889612,4.703203828305547,2.3055709370338517
0.0467558824372349,-10.650640503195575,-65.82574332046028,4.76948127190191,1.998244814025942
0.04431419630574344,-10.629072275700734,-65.84364901875789,4.773736945492132,1.7208003059792074
0.04395874681159005,-10.625932471835712,-65.84625564838167,4.8572805486031,1.4293013333578177
0.054551051087808,-10.522574644926827,-65.91117829547073,4.897340020693036,1.0998274864143496
0.04019453693427057,-10.42813546532017,-65.93148515056573,4.927134251604301,0.8148271409157827
0.03856040950512805,-10.422028989137583,-65.93311927799488,4.971692368897706,0.49414273786848534
0.013346176779905215,-10.311847539239242,-65.94897434329486,5.026849888045007,0.20289971385138947
-0.0018913460288070942,-10.189947356769544,-65.92611805908179,5.06988386845623,-0.1026829978504171
0.0007197034966257912,-10.1400492372027,-65.92923024114528,5.099187858562232,-0.38881852816821727
0.0044407835517652865,-10.137072373158588,-65.93443975322248,5.136452996733425,-0.6942799722349403
0.02946031570501563,-10.065220558858137,-65.90936393130839,5.171400643246173,-1.0006544071305556
0.052825375276341034,-9.971646529834404,-65.88060283080108,5.1955736202898635,-1.296055688994281
0.0264891404574531,-9.786621563170188,-65.81154210597977,5.236519253192782,-1.5296577880863245
0.030514117655668402,-9.770521654377326,-65.7992659255252,5.216899310450415,-1.9078794063084414
0.031176120484322233,-9.76787364306271,-65.79724681689781,5.248037786121756,-2.211298250224035
0.04940767838544877,-9.694947411458205,-65.74164056529938,5.292854557999519,-2.4251525730044428
0.05290064603772771,-9.680975540849088,-65.73098701395993,5.304653236779615,-2.731705061081875
0.06124680760657876,-9.477420237624624,-65.55501982578214,5.320929847961608,-3.0439018718435724
0.06220682884639437,-9.473717298556764,-65.5524140538455,5.356862134015458,-3.2575527881990354
0.0846921340131489,-9.333827798388235,-65.38696990376107,5.303890410234132,-3.58326337736594
0.08572356595393613,-9.325060626891544,-65.3747646257951,5.321139982348271,-3.904446080573198
0.08647497339015799,-9.318673663683658,-65.36587297113313,5.2846699368028,-4.180311461560931
0.08703802802903358,-9.313887699253215,-65.35921015790643,5.231885636083092,-4.527915618848363
0.15077897884427055,-9.141911184094438,-65.09928612302483,5.223671181803027,-4.857460095778482
0.15043158506956697,-9.134500116900762,-65.08967489525801,5.214194804546523,-5.069345771320716
0.14845862622856085,-9.092410328292631,-65.03508970065685,5.223878394551647,-5.341675523172333
0.15225250322178024,-9.025778423807434,-64.92855559600397,5.216829375824901,-5.618024847145386
0.1645315766174859,-8.973592361875685,-64.81804393544263,5.269145062331077,-5.8085604333768535
0.21243741503856856,-8.92297344757682,-64.63166082803806,5.20082995789312,-6.122220653254837
0.2165968204666161,-8.919003106031866,-64.61615758962444,5.257963723421071,-6.391138697452177
0.252969204444866,-8.884284012234446,-64.4805877947964,5.251739804625856,-6.648349035733121
0.24765217125299108,-8.834410412871167,-64.32694088875897,5.227249838690483,-6.942051808259924
0.2834939381102119,-8.611208879909379,-63.66834856435832,5.273140014254523,-7.072813994781391
0.28438593320313943,-8.608596608565806,-63.66127631755011,5.274298800028049,-7.479706868796283
0.28502685754148055,-8.606719615860664,-63.65619470315326,5.28101710510218,-7.994503946964346
0.28632384616316303,-8.602921292040023,-63.64591143622421,5.357067404609651,-8.242007950328615
0.3100861471816146,-8.55012000208304,-63.500880125489346,5.358112454744031,-8.501673636262899
0.33035645404314656,-8.50110285923912,-63.389654072735496,5.391998216995603,-8.74454413577136
0.3187155258516031,-8.4462241977647,-63.31648252410293,5.398546627610074,-9.022716488938094
0.3183974525243315,-8.444724709221848,-63.3144832060458,5.386348508993493,-9.300466932661863
0.31613240534669484,-8.375136297974466,-63.1791048469709,5.392866503424088,-9.404857525515576
0.36173262953832147,-8.34683271054518,-62.962110676679714,5.422238232827937,-9.786969552741908
0.3959319560419478,-8.25098512883772,-62.79142439306399,5.414819717668436,-10.01526282310477
0.44179632390844303,-8.21919276320698,-62.65059062531087,5.40319951818141,-10.135737953064895
0.48461500921844314,-8.168459438686908,-62.49306178723546,5.372270558763006,-10.378606569361386
0.4854803603745352,-8.164947131053358,-62.48741155321627,5.297958489166874,-10.6322007664674
0.5133016601684912,-8.052025384830829,-62.3057548310322,5.293588420707366,-10.914934826545847
0.4998672963850174,-8.002198116289199,-62.17894657148302,5.255290485528718,-11.103475951262254
0.5420687040789499,-7.8550183291902735,-61.70493297480767,5.2421948478844484,-11.370050949707618
0.5427687336271175,-7.8522720594243856,-61.69879425415451,5.217710762707156,-11.580431429712029
0.5640044325709431,-7.789325048470487,-61.515912564015316,5.208764617727184,-11.741906318377907
0.5648892522815401,-7.788300520384532,-61.50855458957982,5.111017755176007,-12.010118825348483
0.5652217410023599,-7.787915533444636,-61.50578968337511,5.103818917309184,-12.301482362607326
0.5945098184865947,-7.754003022673417,-61.26223619692726,5.091615630238238,-12.50847309466659
0.6123075161216143,-7.669899246027086,-61.005802802567715,5.033265821696801,-12.714149178114223
0.6371825045649667,-7.605041785462583,-60.781669080960086,4.982785170461611,-12.910010412651033
0.6663111965818811,-7.532220055420297,-60.52557933031138,4.938109742520709,-13.150453844875779
0.6672962683399539,-7.529757376025115,-60.516918907771654,4.9030870057562055,-13.368218639679617
0.6845843761843102,-7.4629698609958135,-60.375375771775516,4.873901369993362,-13.58926817347845
0.7315306137766036,-7.427636083681274,-60.184939229696276,4.81753734993849,-13.803822473159832
0.75328831575815,-7.371428686895612,-59.93653879874029,4.738314079145553,-14.019976021186155
0.7612547335855275,-7.3193753192927415,-59.750509367286114,4.7479462369420276,-14.286634632573554
0.76388648892993,-7.267267003920419,-59.55984834294546,4.704836015314342,-14.47048324976524
0.7637320515709325,-7.268193628074405,-59.54980991461061,4.654677531879159,-14.767473362737883
0.7701325099304865,-7.241009224491062,-59.307462993421055,4.507019507373727,-15.091006422815676
0.7843699017591148,-7.1745680626241315,-59.11881755169173,4.441444417496143,-15.252982660911588
0.7846408843452972,-7.173303477221946,-59.11522703242481,4.375673657866784,-15.439914852836537
0.8211679878670473,-7.135179031148042,-58.94533002396003,4.359338489516176,-15.660959833291535
0.8405156335946095,-7.0910761095640815,-58.74238646520902,4.319138329234889,-15.8429107302919
0.8398518217650949,-7.064725224201347,-58.57498778741941,4.251297568604144,-16.03665710539043
0.8396166307096438,-7.064926816534591,-58.57290466664256,4.221381990488894,-16.299994815280314
0.8278959233066082,-7.074973137165764,-58.4690926867871,4.207921624023243,-16.416887716737715
0.8103652478914359,-6.9617375040549305,-58.23220645680147,4.224068405594579,-16.68281307046758
0.811212779848992,-6.960107634905785,-58.22444827965153,4.192432056883959,-16.883251535993953
0.8025645410834467,-6.9257933809940395,-57.95349501279802,4.214116948669059,-17.086623824961308
0.7865113393520813,-6.868567463144202,-57.57284072255946,4.233108505220429,-17.248163852087544
0.7860244130946482,-6.866024626022051,-57.56672709288281,4.3546808449463015,-17.619274614606002
0.7711143652440535,-6.78816104280228,-57.37952315875867,4.411901724275637,-17.889976298969273
0.7802963780114026,-6.751085795056727,-57.21597395624952,4.531462260729612,-18.040035827340674
0.7886590131892599,-6.7252886814797534,-57.03939977582569,4.572410820671422,-18.207716314747913
0.7884729805292948,-6.7252266705930985,-57.0358031443997,4.5661904088824485,-18.415434752936484
0.7370570139110182,-6.69120468799791,-56.80071430673947,4.702174963708913,-18.655327261564445
0.7369837918595824,-6.689557191840604,-56.79679692698765,4.7468371422282445,-18.81771568376395
0.7339135912428769,-6.620477677964732,-56.632541193993916,4.765964168315506,-18.998310133865065
0.7297614314656675,-6.600216280171662,-56.46360951659986,4.863553587268484,-19.165884547876026
0.687902504472272,-6.5770965521578715,-56.205390659939624,4.894636560330227,-19.33331650341884
0.6865419555008945,-6.575921532591682,-56.199082660163235,4.984424081705939,-19.487760373210083
0.6648710858110881,-6.531672403548328,-56.08127617550858,5.066910089695824,-19.644773901166538
0.6506878352578837,-6.503625717318613,-55.97553889088957,5.06308224516583,-19.83876035522955
0.6267519580815514,-6.512174244881589,-55.76866452386555,5.177024189938777,-19.972558030680215
0.6434406802968342,-6.469123423700087,-55.589031547378404,5.218153646499729,-20.154360796156485
0.6155675551470589,-6.425285196799308,-55.4142561229455,5.298314010101677,-20.339323958864497
0.61337890625,-6.424770220588235,-55.41090877757353,5.364890158746377,-20.47906036873204
0.5399047632328946,-6.3161105734482454,-54.62450232913728,5.339177203266715,-20.64747180616858
0.5410761120723641,-6.3158502737061415,-54.618905884682036,5.702121181555825,-21.28632071852372
0.550930245298555,-6.29361494966532,-54.53311327128931,5.7955794290205205,-21.44287244335575
0.5507829101147471,-6.290078905253931,-54.52692519356938,5.8611505627909395,-21.629455802044237
0.5456996675320898,-6.23752246665403,-54.38938051817389,5.9147698285962775,-21.774999500618602
0.5335752261855241,-6.19723150218386,-54.186365822587355,5.9659339107383715,-21.937208273133418
0.5186221206842762,-6.201218996984193,-54.09066594737937,5.997134460847718,-22.113693250610524
0.5064282876623443,-6.200114681087656,-53.946889345075725,6.080804608950444,-22.27480854380341
0.5070634389504112,-6.199479529799588,-53.94392530573141,6.121307636294333,-22.457178068680765
0.5366167600103819,-6.169926208739618,-53.80600980745155,6.168963512736795,-22.60625668410545
0.5246226372730889,-6.162109375,-53.650665511138534,6.165028895970536,-22.786183432423737
0.4981943366972558,-6.0644367211812185,-53.114890240149144,6.19548884808593,-22.913047021235254
0.49601867231151425,-6.057474595146846,-53.09835519081751,6.20484004134849,-23.05733197709163
0.4695382307923431,-6.034589145670766,-52.93084126984559,6.241118385383231,-23.240923585050478
0.4683764663746255,-6.034705322112537,-52.92410303622283,6.221777618433478,-23.453491570741612
0.46797163484985715,-6.034745805265015,-52.92175501337917,6.281388072778029,-23.615020729570315
0.4801594569885198,-6.005078214021194,-52.74881229035509,6.3163564209141185,-23.796280953085073
0.49148963859749883,-5.972446669847499,-52.56694954516707,6.404652678369828,-24.0506921432346
0.47346337103215397,-5.954420402282154,-52.38969124744118,6.391422552164144,-24.159550736712376
0.4725299721913614,-5.920306318420767,-52.16794906209354,6.492872792236668,-24.317940790400616
0.4700280289623619,-5.86973748813018,-51.92229718793163,6.561999311261005,-24.52386529340281
0.46742888298994784,-5.86639572902279,-51.91264321717695,6.599793623918629,-24.634236786526014
0.4499335600676534,-5.8098596949822925,-51.73967290231157,6.731923719591251,-24.889671960727142
0.45430690692226405,-5.78904578012956,-51.58819969365214,7.005255563939258,-25.111027202054316
0.4584909701777902,-5.78207234137035,-51.431994665445835,7.070058422136384,-25.300642009257764
0.4417988477132086,-5.756903836343712,-51.26320085499057,7.086398011615131,-25.440813809884045
0.4236924446235269,-5.733751038373527,-51.125406653194105,7.13262186228215,-25.6417630591254
0.4213599835411977,-5.731418577291198,-51.11302666744943,7.12450284118249,-25.789691508658166
0.36894783266129033,-5.462816730270737,-50.532376062067975,7.152239497763219,-25.954385166709827
0.3681111391129032,-5.4549279053859445,-50.51516408050115,7.207170056184509,-26.114810815361114
0.3678055695564516,-5.452046820996544,-50.50887807819701,7.032917868432179,-26.287232951143682
0.3437703871426556,-5.405220939077095,-50.37322169627884,7.078988921833528,-26.48581828106608
0.29920644599806023,-5.3075233739954735,-50.19222332954231,7.078411899182825,-26.598419971160183
0.29353163102715685,-5.294282139063366,-50.169713230157726,7.139713992221047,-26.750765458892367
0.2713246700135379,-5.219143092847473,-50.02065835119585,7.110412971342498,-26.866966666382396
0.25224294654168977,-5.102643550589169,-49.73971775340981,7.121172775937083,-26.925281993518187
0.24359585638708528,-5.084148385536266,-49.70657057448383,7.137009475370789,-27.026115817318356
0.1434177436368002,-4.839374496175219,-49.15194069017563,7.1699436155206655,-27.0320379970158
0.14330750963341565,-4.829563669873994,-49.13628746169503,7.163811433297454,-27.16335681658015
0.1432631123079034,-4.825612307903403,-49.129983041472286,7.227228771188152,-27.278814472000633
0.14195566913648006,-4.709249865646726,-48.94432611113017,7.2523631523689716,-27.352455583738788
0.10863321027339139,-4.612086452587718,-48.743159666815785,7.250525160627944,-27.41340161136991
0.0984061134930711,-4.561471154673782,-48.59325306098296,7.2983804951609415,-27.48848818510108
0.02229246486039891,-4.390888651063865,-48.21931785132317,7.396505359062047,-27.603384296618785
0.017314864144912095,-4.384251850109883,-48.21301289041689,7.43227413986196,-27.70265206773876
0.01463705641066196,-4.3806814397975495,-48.209621000620174,7.540441180488173,-27.82554746688376
-0.012249604785324891,-4.345660551464675,-48.15594112280119,7.561616839540207,-27.867193622418135
-0.020882525744506143,-4.337027630505494,-48.076806014008696,7.592866491354869,-27.887167085562172
-0.021796658081637492,-4.336113498168363,-48.06842646758499,7.651030850102387,-27.92879105186042
-0.028407554022907525,-4.332697395445418,-48.04363489544542,7.729587798160367,-27.934487825913564
-0.03624464598891863,-4.331129977052217,-48.042067477052214,7.781417441764674,-27.944991549460727
-0.02616763603091728,-4.354564969799345,-48.09394955146908,7.809612771058568,-27.952875487159112
-0.022900208447083445,-4.35689884664494,-48.09721697905292,7.912744737270771,-27.976595745250386
-0.02199354005994631,-4.357546466921467,-48.098123647440055,7.96174851268259,-27.95913125980085
0.01363267113045372,-4.4193551860109075,-48.17819160076402,7.988890853132531,-27.923984628974367
0.014847892913092284,-4.421785629576185,-48.18131645677652,8.0617326147473,-27.95126540142686
0.029027423129867364,-4.454365211400787,-48.242950501344865,8.088913853231688,-27.929460158922865
0.0550331319107971,-4.6131632715583875,-48.49242883292956,8.099966534367695,-27.879595712335043
0.05561197744829569,-4.615623365092756,-48.499374979379546,8.14002996115714,-27.803757054114474
0.055841748196005056,-4.616599890770521,-48.50213222835206,8.218141993019614,-27.662692329659617
0.08154464436177383,-4.666420005974753,-48.60547210122355,8.231724109529267,-27.538368163346618
0.0847831630698995,-4.670801531285746,-48.6119491386398,8.252483665019582,-27.548595238237098
0.10312305886334844,-4.712928106013802,-48.69184466111448,8.249648869609558,-27.50350858636869
0.10463833034646884,-4.7599015219905345,-48.80700529383163,8.232312328671156,-27.450182803988632
0.10498046875,-4.8203666995020935,-48.90888003185101,8.25209080307728,-27.422824302830627
0.1098555916156103,-4.846160647712441,-48.972083382771714,8.253380030412714,-27.36658144903843
0.14125705156626123,-4.9092903334773235,-49.13616621465597,8.263196141138621,-27.333201650622463
0.14343105891886718,-4.913295083863702,-49.14646414422095,8.258327231079477,-27.28282335927593
0.1589777727206328,-4.94323899541205,-49.22167093800046,8.232800437280503,-27.273627939585182
0.1862153096079972,-5.034082278502598,-49.39380739670639,8.285551552856518,-27.23908355372834
0.24001874740598383,-5.1057776176724685,-49.58411382909494,8.27925739349638,-27.122713160102723
0.28206612823913674,-5.188370687166161,-49.749299968082326,8.261561058124698,-27.046298513908596
0.2948476422615092,-5.294859179161129,-49.94604886064464,8.276507238837183,-26.949819215397863
0.29721856526539486,-5.328052101215528,-50.00674448954411,8.24811908546097,-26.884123718999195
0.29862415941455694,-5.38778184335443,-50.12967266613924,8.202961001649498,-26.819237711001023
0.31303135773176605,-5.482575035824057,-50.3284026039936,8.167319560532945,-26.737155950036122
0.3262319067190851,-5.538499877144389,-50.49803082000536,8.2171637077155,-26.61422085892065
0.33638668534149224,-5.585742020457461,-50.65749951796296,8.1273776705643,-26.475403764654487
0.33699035851677256,-5.588760386333862,-50.666209659492004,8.087364651301243,-26.37874915714627
0.3513003360153471,-5.6603102738267355,-50.872682191971435,8.113181385749584,-26.270893180049438
0.355129919127545,-5.664639679165615,-50.88853918541246,8.066938237238858,-26.146036917988916
0.3776003944513075,-5.71887862542636,-51.09409419685805,7.9923095144883405,-25.997145711032456
0.384817531019148,-5.758973617234749,-51.243367861505305,8.009636523500845,-25.822910407964763
0.401666094293237,-5.809549886931566,-51.438393000072814,7.9266403376996095,-25.72965226753021
0.4392222311959075,-5.848813120966176,-51.63983046164169,7.8798854401203755,-25.615924537753397
0.47078236990420974,-5.882759783109373,-51.812170434649445,7.7963667678181,-25.48230758314801
0.5012738533567583,-5.916155217366926,-51.98059958133971,7.663162073099983,-25.31828064314052
0.5024620036263725,-5.9203071693681375,-51.99535830023353,7.553485681175459,-25.215626140050055
0.4960320666757606,-5.983516905111896,-52.16569769661297,7.4413783683678645,-25.07570663274808
0.522381884864242,-6.005914250572106,-52.31193918755904,7.276445413689217,-24.92578414438494
0.524779222828793,-6.024536419342147,-52.487798699342946,7.209086166453218,-24.80115253926805
0.5223761941861086,-6.025191790790152,-52.50090612830304,7.076099441734897,-24.630011500806468
0.5262062082921092,-6.064761813081765,-52.65369156636161,6.724877375614156,-24.530120918366983
0.5576994255113938,-6.12426211657314,-52.85614335348023,6.640456551056658,-24.499766252669453
0.5928149380361368,-6.130801986787616,-53.02398018450503,6.564092719651811,-24.547233551602705
0.6098397867469434,-6.207413805986246,-53.22657588416363,6.467315315544127,-24.380238881632152
0.6611218936120652,-6.252922408241377,-53.43623986755746,6.373260277971156,-24.15112146019515
0.6632960368861444,-6.254371837090763,-53.444090940491634,6.2521288595179385,-23.956569991824832
0.6947180190613609,-6.2836053456084615,-53.599318232278165,6.140969092412888,-23.790284717233153
0.6775975846831279,-6.3222670888678385,-53.778571040530274,6.061791694980727,-23.640996682702504
0.7323494334819105,-6.367866077916233,-54.00479978011669,5.992237875217498,-23.417565989264386
0.7528694466586413,-6.406170102512797,-54.2127359136409,5.893881033101138,-23.293462169228885
0.7634820615511649,-6.446804839005825,-54.43015966219773,5.803915024687399,-23.133983337625
0.7622664762333146,-6.461557392600112,-54.52209570815073,5.715067145764451,-22.959912045854633
0.7660270811299451,-6.498053965294849,-54.69064485282558,5.621322834694695,-22.78932719988278
0.796158042783844,-6.5809141098430715,-54.9226532575606,5.532593055659973,-22.571653623602362
0.8200415201201957,-6.619278478036244,-55.16155368513318,5.432797735612169,-22.331627706897294
0.8387449964453512,-6.627910851724778,-55.3917503168274,5.334031543351003,-22.133409794479267
0.8500950456189135,-6.67381656363376,-55.51950216011075,5.250059753707902,-21.921988311437545
0.8684212545601234,-6.72650250107974,-55.729534373437936,5.15565741014268,-21.651670639038347
0.8736007217272345,-6.7366024620556075,-55.78987516593478,5.0991510074273805,-21.48584758338913
0.900899117133787,-6.789834333098384,-56.10790147242112,4.961112900953154,-21.293084576345546
0.9072994970295756,-6.805230938094521,-56.191875918371686,4.87944246227174,-21.00935787578376
0.924990594701234,-6.873273621447054,-56.50623311546039,4.783858462842389,-20.81844249571543
0.9477740344038735,-6.941934787557747,-56.80977389710336,4.712790446617134,-20.596146032593513
0.9763085111925173,-7.000796697501412,-57.03773761253439,4.570783435141763,-20.382710698987108
1.006178662506149,-7.065017522825721,-57.27968583817481,4.509648705827004,-20.11365305424698
1.0135485905873758,-7.087864724197348,-57.3669638499771,4.406621884974015,-19.869700381014088
1.0156695596045628,-7.1331120632306755,-57.54441825774843,4.298769233841014,-19.591955161350448
1.0262219913535933,-7.252951190755907,-58.04168455326724,4.295502778481421,-19.414177410201344
1.0412200206588598,-7.296581821462137,-58.28437993657064,4.220439489497338,-19.20047008110128
1.042331486588262,-7.299815176893126,-58.302365476155515,4.167843423364872,-18.935956682103505
1.0427885127246828,-7.3011447074718046,-58.30976098999941,4.109577661544478,-18.669337987381468
1.1221945916124074,-7.390845051058962,-58.64671125969163,4.08678934132783,-18.381573342080515
1.1228036542870896,-7.397666553015403,-58.66888114105006,4.0645983244547494,-18.13504360338304
1.1316878821982008,-7.49716990561985,-58.992267037014514,3.929781405388624,-17.902327650018577
1.1324281028793992,-7.512840801964805,-59.04678515659456,3.911913625235499,-17.637989928328576
1.1558939635557677,-7.652938804412529,-59.63585394167895,3.872193023016081,-17.253642210583198
1.1519710000030217,-7.729436593691077,-59.92223028102942,3.813054870878588,-17.02445949306749
1.1514894230594905,-7.738827344089937,-59.957385397907196,3.7355014509965514,-16.750352767351576
1.1477718379091326,-7.811320254521913,-60.22876911388332,3.653738707683587,-16.532985675673277
1.195255361628579,-7.88981594497488,-60.53235638296394,3.6166310821421064,-16.215920678790823
1.1947854028654632,-7.897217795493954,-60.553504527304156,3.5893518023014934,-15.904114735878478
1.1896811574670993,-7.977609660518184,-60.783195570230525,3.533582317024397,-15.636690146585217
1.2141604700273518,-8.179347428900435,-61.37209166127552,3.444257822898365,-15.299431265913672
1.214359512103054,-8.190866963149547,-61.405100982928,3.469733567832762,-15.077779564795133
1.171701503977461,-8.29729546890537,-61.68788939499088,3.4087023033152803,-14.670174887417497
1.2751420786014311,-8.581685472736465,-62.49750420523491,3.3972498170336536,-14.40081617220133
1.2723704925391517,-8.60044697838882,-62.53417442082815,3.344635769326757,-14.048704301954713
1.2612840766968632,-8.76040579543278,-62.95554585213573,3.293973731467986,-13.780341655952686
1.2631986462276907,-8.765830409103456,-62.98968900876881,3.289477627169987,-13.356405965431582
1.263839036725933,-8.767644848848477,-63.00110930598747,3.321040532479472,-13.064292456728895
1.2247075284626627,-8.91941416562559,-63.3981405535487,3.3240774597720275,-12.638323349090392
1.2217635384255767,-8.929316677568515,-63.42169247384539,3.3133188935967723,-12.253007945235828
1.2190660062700358,-8.93839019481897,-63.44327273108971,3.346340945841945,-11.91290408984681
1.2196115594161183,-9.048931777686404,-63.67678790176124,3.342657189773476,-11.629349081431728
1.24755859375,-9.646921112279731,-64.88617476537706,3.3444355768428977,-11.182006982264886
1.24755859375,-9.682275464026224,-64.95818087627359,3.2774790204428683,-10.879721230975042
1.253914058902181,-9.754658194130453,-65.09230858295655,3.324974759425899,-10.54714080084813
1.25502406777244,-9.757433216306099,-65.09563860956732,3.3242285331013335,-10.166217601989386
1.2592003994887173,-9.767874045596793,-65.10816760471616,3.3271647706451546,-9.867582149703724
1.260240905041133,-9.770475309477833,-65.1112891213734,3.2974455296812124,-9.495313203276064
1.2682358308083186,-9.790462623895797,-65.13527389867495,3.281014831033872,-9.183107464186797
1.2960923517567822,-9.860103926266955,-65.21884346152035,3.256544215376536,-8.84406925950428
1.266717856920974,-9.947992125372764,-65.35879935232356,3.287397530542677,-8.484301153486827
1.3030102914056185,-10.133706300735987,-65.57862249162119,3.2626153692282713,-8.116227312486991
1.3267354076900502,-10.276778226719188,-65.74109578537906,3.2407857084728704,-7.688324135389416
1.317502087987524,-10.426050228576694,-65.91498997310997,3.2331836873493103,-7.352973300950258
1.3168739855096367,-10.436204551969206,-65.9268192364435,3.215800384227066,-7.067925196598598
1.3587062938947039,-10.593472891015304,-66.05118376982398,3.13192970409051,-6.670659336828974
1.3957291444351414,-10.818306318609908,-66.20796895008372,3.1653415644764635,-6.301911762727329
1.400296058880933,-11.003757956902778,-66.33047882795685,3.1304867160424834,-5.927400654890654
1.420090689074123,-11.160592334587282,-66.44315595367193,3.0741439768883083,-5.582603798420777
1.4217988866785416,-11.176639857270088,-66.45277069453044,3.0419204917845946,-5.239249241581659
1.4387547539341066,-11.354335799326824,-66.54454678199669,2.990767493503199,-4.805136146229868
1.4795428926160255,-11.579870213215083,-66.62852236163593,2.95632239734212,-4.469391655770813
1.5243368804770172,-11.861699422200521,-66.73182391615772,2.8797516677782227,-4.132219192071467
1.5262527062148643,-11.891873677571615,-66.74212147949865,2.864248554790734,-3.6927080016216602
1.5382280299272486,-12.080485026041666,-66.80648884445272,2.8211566862506032,-3.234031982471089
1.5392331723813657,-12.09631601969401,-66.81189148514359,2.7508777862533833,-2.91124209124728
1.5261253265734567,-12.243917037142799,-66.83444984152459,2.7196595364672476,-2.4132785370890346
1.5106601838532723,-12.390885973461646,-66.84203166404909,2.6654492147780786,-2.047128855480091
1.52622514790155,-12.529555348418947,-66.78877938705887,2.591655377637963,-1.6880905655821907
1.5366690192699006,-12.753540210838556,-66.68836890576029,2.5907273101705215,-1.2903590260569233
1.535103124350374,-12.762309222387904,-66.68231411207145,2.5521997444514426,-0.933058348775017
1.534379322510234,-12.76636251269269,-66.6795154116229,2.577929571744292,-0.3786309598140466
1.513197084050812,-12.870539294878887,-66.59893734007042,2.605490286983226,0.05958500008775219
1.4728304696822792,-12.926193929230683,-66.4232572496364,2.5702281082943585,0.5321510625547777
1.455261736622462,-13.066626514132649,-66.1792728728419,2.559110719677534,0.834614437347691
1.422541164297818,-13.089861264981817,-65.98689996498491,2.503160796481694,1.2512462228541048
1.4272074566669681,-13.128747034724734,-65.9122392870785,2.454063383467428,1.6316896850557268
1.4262061471619458,-13.21383437659606,-65.44833107620197,2.4243274836993294,2.0688241611477904
1.4261301186088564,-13.216723461613453,-65.43145273741614,2.120623401113207,3.045417393961971
1.3772819126335383,-13.253175804012221,-65.1536805562581,2.0587951078962305,3.3977295482079644
1.3570660579999565,-13.275680209875066,-64.90724560742426,2.0310605667914103,3.7242162882492926
1.3402680713449262,-13.289128605395561,-64.63842676283214,1.9940769905417,4.070187084477085
1.3388836227667469,-13.287917212889653,-64.61990976309899,1.8938205352130808,4.387689827898375
1.3211072098434886,-13.280943571406512,-64.2679313252504,1.8494007240630737,4.6965566662360025
1.2999340563770476,-13.288955782999414,-63.87700521759424,1.7586013095513096,5.055045708284927
1.2697394143883225,-13.312710728732236,-63.48479970060531,1.6561281518935687,5.497302686987453
1.239929781008628,-13.316019634431933,-63.15463001868023,1.4676141527385909,5.7847167372392985
1.21684066398496,-13.29054198806099,-62.87994914374349,1.4129791276628367,6.149069123676921
1.213999226212265,-13.287406608449741,-62.8461458323097,1.38963293004187,6.516594825391134
1.1888159055412384,-13.259618116674815,-62.546551155361286,1.3174399427567067,6.869447883930306
1.1604121476832596,-13.25803605179873,-62.2790261831737,1.268357764185808,7.204040371697931
1.1199531073213276,-13.226886701071328,-61.89475223340562,1.2792754705358078,7.503044554851425
1.0813927115437312,-13.188326305293732,-61.52299046898572,1.0967718060735479,7.9602938302600155
1.053074792549435,-13.162035443149717,-61.15933086158192,1.0663815493279287,8.267877655892965
1.0524303716454801,-13.16171323269774,-61.138709392655365,0.9620478132154489,8.640121863148677
1.030164385069845,-13.148000404982898,-60.75125696003997,0.9813159233756323,9.037708444639122
0.9978523872308943,-13.126929329485671,-60.326075104321696,0.9349045052331633,9.327219319324676
0.967669248601808,-13.097916230586748,-59.935115583409946,0.8931784203409734,9.651328805266843
0.9121348985011164,-13.02502739607959,-59.48563443728247,0.8754546622314763,10.022446270303416
0.9030788370377729,-13.005854044674454,-59.170138309647164,0.8200729953287436,10.32328621940884
0.8682531921821419,-13.000361505133164,-58.844932495489786,0.7775309216416986,10.655109715317643
0.8651310773048009,-12.999915488722115,-58.818171510826865,0.7494421600834755,10.942493017388488
0.7865267478813559,-12.983048456626648,-58.35148268302731,0.7942244306500044,11.240890564166607
0.6720336284079653,-12.901524085046004,-57.771302685401785,0.7186161894255036,11.55608965609391
0.6175947867298578,-12.860772734004739,-57.42837770290284,0.6943887485702049,11.949804718106218
0.6200198012317338,-12.865218593924846,-57.379877412865326,0.7137819880601342,12.231490509786449
0.6205491582740916,-12.866189081835834,-57.36929027201817,0.7369866206778255,12.528708866131911
0.620844275941819,-12.873358391036001,-57.089520260950735,0.6737820864801876,12.86309410144446
0.5512694086894453,-12.834323132373243,-56.71656719652046,0.7197128856088142,13.100382015308695
0.46092992301786145,-12.791649289594783,-56.33105377984068,0.7074219081463866,13.34695824119065
0.4491059831955164,-12.784069840990716,-56.27102454689647,0.7638380458311786,13.615406855780792
0.390625,-12.74658203125,-55.97412109375,0.7608922744351361,13.94674913761804
0.390625,-12.74658203125,-55.97412109375,0.8188084844927488,14.153769280996954
0.3205095912660992,-12.709147384311176,-55.351949282068766,0.9150173160141577,14.489081593941693
0.3201752429741394,-12.70787686080173,-55.34532918588796,0.95834235173362,14.775554299396466
0.3020586534932295,-12.684499202378374,-55.188826254310754,1.008343360077518,15.085416273383318
0.22110327673460012,-12.662573787839579,-54.85657189553054,1.0030596021939857,15.278210601948588
0.20614800922283869,-12.622673588108645,-54.536199932976565,1.050628429234166,15.530236007015626
0.14740251730601397,-12.596146545119606,-54.19592079833287,1.1056830161692233,15.82410709726397
0.14199826196048876,-12.594255055748672,-54.16862930883797,1.1196115425442912,15.99374071374284
0.08289714487224813,-12.537372812476113,-53.568666519657256,1.1976299413321243,16.300076070122017
0.08079613955482724,-12.53381726501586,-53.534565587197584,1.3396512635443116,16.81712543236883
-0.03748544254658385,-12.474620106456044,-52.98060592600334,1.2384376726893578,16.71822910679162
-0.05658160199175824,-12.440834593591505,-52.682412051590234,1.2692847585592801,16.949673413807687
-0.06083335821786909,-12.433312255653,-52.616019242828656,1.446770915112495,17.594290194030656
-0.07622346055084074,-12.420194209529663,-52.50913978228109,1.3671659071944333,17.46917332900021
-0.11257733185279187,-12.405652661008883,-52.41219612547589,1.420585599127051,17.66743332982491
-0.17567140502624562,-12.339035616459757,-52.1039854767044,1.4126210471061,17.971112694207406
-0.21365072185076256,-12.273976197044663,-51.79948646169317,1.4351817900237478,18.107195876571726
-0.21823648354183758,-12.241875865207136,-51.557969679296555,1.4507647886469641,18.36799688161706
-0.21843476017739952,-12.240487928758203,-51.547527109823626,1.481725845398259,18.660148914819388
-0.2657838927791143,-12.242573720368142,-51.0966641530219,1.6411800539599994,18.813876880269436
-0.3026053296803497,-12.18370971654063,-50.9124511657251,1.662666120893462,19.080463990147326
-0.30390910765171714,-12.182949179390665,-50.89419827412596,1.6844389141179619,19.24654606257396
-0.3238507607175469,-12.171316548435598,-50.615015131204345,1.719549121308546,19.457995836305393
-0.33189743431532764,-12.164342536254486,-50.5086251609413,1.7939151076062956,19.685491678371182
-0.3547407483722213,-12.128445899879367,-50.25082204515636,1.784605824246043,19.761383959387274
-0.40228643245549756,-12.096750130133865,-50.01061509055753,1.8130064922785465,19.970291233965042
-0.4334215900809807,-12.079216335779346,-49.78601605996954,1.8273269565863615,20.21893545663603
-0.4343971280274625,-12.078565977148358,-49.775610321873735,1.896791183826764,20.29794185709408
-0.45345923730000715,-12.065857904299996,-49.57228115629992,1.9245167015189253,20.49142160880449
-0.49707634323094124,-12.028314489725298,-49.32810773963213,1.9426975848258934,20.68855366966443
-0.502045665526512,-12.023516523370954,-49.31388519651033,2.0224453248005005,20.854202762054758
-0.537485792559335,-11.950134891068032,-49.03101893004348,2.2344107843821206,21.12340104590266
-0.5499638133504885,-11.92279227363922,-48.80363597457257,2.0970188622429333,21.289412953356386
-0.5755890977240705,-11.897264044887965,-48.57026048058131,2.1477398962243086,21.476091590196578
-0.6418855504349628,-11.8798828125,-48.277272203996034,2.207254544130251,21.69441221255648
-0.6972463321655156,-11.869523030938804,-48.00387754602674,2.358782656810291,21.94342146046336
-0.6986325929067619,-11.859588162293205,-47.98839763441616,2.469444142914824,22.17236213031396
-0.7111199826165882,-11.775036496523319,-47.83538332708913,2.552060596865502,22.33015971817159
-0.7501779676163286,-11.772223430443473,-47.38353893901079,2.600692160687828,22.650516321991308
-0.7560266240710836,-11.771135308312356,-47.36449680171624,2.593726417101891,22.914295920755546
-0.815247671057137,-11.760117439105649,-47.17168409059886,2.6601029376965926,23.04514240178546
-0.8399519896859606,-11.744265701970443,-46.92198805033867,2.686448934118147,23.27900006215197
-0.8506697034473398,-11.704026014098128,-46.66658979285423,2.839289941774311,23.51058454040988
-0.8535199712352342,-11.647538763544006,-46.476099889971195,2.925472875079734,23.673422730597355
-0.8543736815065822,-11.649124225476509,-46.467440828647526,3.0053124691721393,23.91898143880345
-0.8700663534224292,-11.660703837673832,-46.34137176256698,3.504099831507574,23.64727339788432
-0.9188007394083907,-11.609852368854966,-46.09981122202294,3.558065171955036,23.770707059697365
-0.9617160489169595,-11.577058195648876,-45.820545573344624,3.6493076043710317,23.9350182874033
-0.9635596491969636,-11.575505690149926,-45.80880475050881,3.6703379134591074,24.19670574317694
-0.9913309307685257,-11.552119347773873,-45.63194553628991,3.774866886414131,24.222458597227227
-1.0245804990764489,-11.519184338901358,-45.38425427740506,3.817275278047944,24.380727809571134
-1.0183439874674605,-11.486442652954167,-45.1472668362635,3.8131127281352093,24.52760748865875
-1.0433139835894654,-11.450016781878428,-44.8851951399204,3.879376148357963,24.727590420769662
-1.0550064688165601,-11.415267343084398,-44.597972306809105,3.941453667448158,24.857620600725017
-1.0940654649527213,-11.371881033528368,-44.28944214431264,3.9525201972709993,25.10693433793252
-1.1044975817306768,-11.319200555466676,-43.811922103098894,4.03787881683121,25.23118579600079
-1.1075677823614747,-11.314197265549819,-43.791795232297,4.125138781640899,25.317036989015154
-1.108844072375765,-11.31211738552653,-43.783428442203316,4.19743552229815,25.48992421213194
-1.1475844221534701,-11.248984963666567,-43.52946392699392,4.252396011146729,25.7852341643899
-1.1867959865760391,-11.211800506902179,-43.27258571570683,4.33381195773444,25.89105627807573
-1.1914519430240442,-11.213356059737977,-43.12942746752774,4.460018526345209,25.967390732031944
-1.191123699259482,-11.21352018162026,-43.123929384471325,4.559929909161781,26.101491024284805
-1.2257972520500686,-11.199380111060437,-42.966500681851024,4.644339954253127,26.31392616952515
-1.2809219964615723,-11.149083194301848,-42.72132819375183,4.900527781465314,26.439930283826794
-1.2741978243083278,-11.10070936402338,-42.44467656931808,4.994266444135349,26.573216838322193
-1.319806402898988,-11.091841029297418,-42.26984368472055,5.086170968521671,26.828934859346266
-1.3250804387939839,-11.090815522317836,-42.249626547123064,5.061310189066845,27.344864106295848
-1.3441144123873363,-11.076508635934543,-42.07453999718341,5.118451439732837,27.52202709064696
-1.3415632155123067,-11.046743496663924,-41.8200033763237,5.115299397946288,27.70336674851801
-1.4191181295093716,-10.998129182675028,-41.52502595080347,5.156619855643456,27.84585752445127
-1.4192595610458236,-10.996997730383411,-41.510741365621826,4.912839192250544,28.92239178320083
-1.4206716504902777,-10.985701014827779,-41.36812033173195,4.991792783015256,29.08442321770844
-1.4207933055830733,-10.984727774085414,-41.3558331673596,5.025315303804703,29.209316667241424
-1.3961748445195101,-10.928587125307804,-41.07383337838584,5.037539972627229,29.418402163827515
-1.3936776364597803,-10.927588242083912,-41.06284566292303,5.078107822702933,29.487086364939962
-1.38125200818331,-10.92226763318331,-40.964611771481486,5.072947187155378,29.61803654144877
-1.3796554654005577,-10.920671090400559,-40.83848489164406,5.04781133354652,30.034912065238125
-1.3824213206429683,-10.889988472950238,-40.71232321375435,4.987514300350142,30.25984954239249
-1.385078300248352,-10.888255660164118,-40.704929879200236,5.020191556178304,30.27352127574478
-1.4126331529825125,-10.870285104033144,-40.62825550637475,5.135255035086502,30.119040143506854
-1.43310546875,-10.85693359375,-40.5712890625,5.014893899933938,30.390353277052466
-1.4236803443030974,-10.861122537948624,-40.5262579123648,4.943848351968683,30.47855857698102
-1.4097233327373278,-10.86646430545622,-40.45996593481797,5.0014104878388395,30.50806755740107
-1.356127636612177,-10.828930957137823,-40.385859861682654,4.963348172188049,30.65270597257103
-1.356237495452892,-10.828821098297109,-40.38750774429338,4.9270077476389815,30.664452558976514
-1.3563465549972717,-10.828712038752728,-40.38914363745908,4.825116070739227,30.72312094063357
-1.3564582788627684,-10.828600314887233,-40.39081949544153,4.787965091949431,30.73432122233473
-1.3577553849358313,-10.83984375,-40.46142578125,4.706611633928475,30.794716880124945
-1.3581195635042467,-10.83984375,-40.46142578125,4.626532038665658,30.725985878734313
-1.3591827122511062,-10.83984375,-40.46142578125,4.626495033966506,30.76953309988002
-1.3462414211995233,-10.840524843002523,-40.489350594353475,4.65695266451354,30.61037745852382
-1.3171444685939093,-10.841979690632805,-40.548999347194986,4.554377689393377,30.726248483720347
-1.31103515625,-10.837950013214861,-40.56585858053514,4.533082522854301,30.705435680934354
-1.3214092802903499,-10.836105578244956,-40.59234156010088,4.565618635231871,30.65192999686111
-1.342675799002454,-10.84868491595278,-40.632187524853435,4.517508231421175,30.69784495153923
-1.3468431876022542,-10.853407956365889,-40.638021868893155,4.543715267911722,30.645861848723445
-1.3393859140686661,-10.879940041991416,-40.69083029393992,4.5265062442184245,30.61570961271039
-1.3209676470962164,-10.864647166141172,-40.747206387624594,4.481091665109261,30.61776675650465
-1.3140038743882545,-10.854023023297309,-40.799853276661906,4.478887029436109,30.50794527195672
-1.317352543841762,-10.897555726192904,-40.82496829756322,4.400290965147363,30.54915665278003
-1.3005062715111433,-10.901717979505571,-40.919999738345396,4.423636300727409,30.43038349285132
-1.2992025201799604,-10.90106610383998,-40.92638811986819,4.368547662980063,30.41863234300622
-1.2752150029131684,-10.889072345206584,-41.043926954475474,4.335167022693042,30.428399774789394
-1.2503231736242884,-10.91024056421964,-41.18222378291034,4.196568220352333,30.457681541759626
-1.2276103614976062,-10.942629729110562,-41.31042356279922,4.211328991771708,30.290855211014343
-1.2338093154052443,-10.958654974299762,-41.41374881276073,4.22496489603644,30.258148884719553
-1.2663975476726173,-10.958111837009442,-41.49211128259627,4.115490347728596,30.215608063760367
-1.1994051464162834,-10.982457328999425,-41.64388992297873,4.060724596275534,30.05231950680498
-1.1994883893410269,-10.98258219338654,-41.64850990530199,4.13906538049369,29.64459557036584
-1.2023933356890903,-10.986939612908635,-41.80973442761951,4.162465096313028,29.483734934525675
-1.1872242267552582,-11.012806811175622,-41.99107218408021,3.898880622292239,29.362616314009642
-1.162519831068323,-11.063947779622051,-42.18591040471646,3.9300809340047493,28.850592722629383
-1.1605089164698006,-11.084856898127232,-42.34705064006434,4.5039874954290156,28.229745491121214
-1.1631957086508125,-11.062405714817812,-42.48491316258197,3.7938033098534305,28.92884197050345
-1.1619862323496206,-11.062955476772899,-42.491455329847504,3.8607729503355728,28.488833651628035
-1.1166951106386873,-11.08354235027787,-42.73643912455665,3.8197558481338802,28.415729259095563
-1.061597619203675,-11.134606931367408,-42.89588762638496,3.7835929150717504,28.317775399513117
-1.0503281004211882,-11.183441512758185,-43.17199083655589,4.234670159175678,27.535692346142575
-1.0176299322333675,-11.191531726657338,-43.42302900034979,4.257135988454081,27.248687482068217
-1.016352552918818,-11.19132734596701,-43.43069327623709,4.192180428928552,27.170592935539
-0.991218580465137,-11.207482532350587,-43.66044303489639,3.964324392553877,27.071193938989126
-0.9952922239006841,-11.26687565174315,-43.85477209587843,4.009956453255953,26.521346364670475
-0.9738344415517762,-11.285651211298445,-44.04118658003457,3.9814801277813814,26.360992447279504
-0.9523861626418281,-11.319878809067706,-44.26916171389942,3.9166989742332703,26.215535024311183
-0.93505859375,-11.357421875,-44.47998046875,3.8617201332905893,26.06064927192858
-0.8853022105929678,-11.387377842390494,-44.90593020197035,3.839706279159472,25.96600483543856
-0.8872518437127532,-11.387702781243792,-44.914920176911586,3.7609643777034165,25.865453656306
-0.887903661352801,-11.387811417517133,-44.91792578047403,3.7302487331315035,25.7509944760925
-0.8467506954768047,-11.458771351069586,-45.68543342449226,3.7413076946338606,25.598627704918123
-0.8456682828418084,-11.462018588974574,-45.69907182369322,3.6580446588529867,25.449162661205477
-0.8453592508321127,-11.462945685003662,-45.70296562701538,3.629438503252942,25.273364966719274
-0.8417597484601133,-11.47374419211966,-45.74831935690257,3.552907389334848,25.193938305121687
-0.8198359988052007,-11.522873361716337,-45.98185333448117,3.531096866043697,25.05483866273071
-0.7748373899139728,-11.541247280848728,-46.28760722607851,3.473745871886308,24.89933539032217
-0.763960693157712,-11.603399833741646,-46.604585245832396,3.4458407139153735,24.693735493597874
-0.7371096642294267,-11.61909114610879,-46.93599497401893,3.435767336284542,24.466652631471753
-0.7095303988391157,-11.681144493236989,-47.27556467913714,3.4018999006394495,24.280932502302264
-0.7085222276946266,-11.68341287831209,-47.28797778635366,3.3544365030623595,24.107150440323363
-0.6703878888307907,-11.71725616054585,-47.84736372980233,3.250912777308855,23.966311756431814
-0.6696756518106135,-11.717530097861303,-47.85843079734662,3.2767415917105467,23.680882344758988
-0.6040169348907585,-11.769220246097849,-48.12161255340279,3.2119811557224125,23.496639900589635
-0.5651316874057961,-11.787388373741093,-48.47395583550288,3.1170104391713664,23.40739541815344
-0.5365466460050795,-11.801607168646953,-48.82386712569739,3.1421308509860353,23.115849535345106
-0.5358930427830169,-11.80199933058019,-48.83706991078306,3.069317062823515,22.907955062994642
-0.514001237920478,-11.817868212184642,-49.16173102546843,3.0209796583308304,22.76560369748038
-0.44616343660744584,-11.895460119399003,-49.63533004399143,2.988946538947644,22.58893739579262
-0.40821279718188686,-11.926840435884253,-49.98691284118212,2.952772484876789,22.335544765986608
-0.4070812338687678,-11.927560521628966,-49.99899999475407,2.874426481838597,22.165640583449555
-0.36316656426716204,-11.960465593252728,-50.37615347134321,2.802545602742711,21.92081903329333
-0.35990675394940164,-11.963600026250575,-50.39132412705278,2.469913281289223,21.598919415277894
-0.3099807558813486,-12.014502397160642,-50.707916372749004,2.467597837270773,21.28990628685457
-0.2938651579236458,-12.039408321277094,-51.0565993103793,2.4016544076630595,21.029468287208946
-0.2279905160141363,-12.106123902871023,-51.482117732429316,2.3236272868608694,20.796538950945674
-0.17683813506987717,-12.120615291748264,-51.84606744522766,2.326840807377124,20.483086959340817
-0.144051440663911,-12.149321901365925,-52.204945664134264,2.2849499893476946,20.221621378896856
-0.14422087894213104,-12.15073388701776,-52.2120620718195,2.2776928198177586,19.87480890741196
-0.12914382483475562,-12.204777873561433,-52.602542043798636,2.214930877221562,19.682857954533947
-0.08304324142095959,-12.23935331112178,-53.052022732083145,2.1859747672077674,19.329241258049514
-0.03588218479808098,-12.275273651676509,-53.515140322681624,2.175438515868777,19.017710159592845
0.012632501120307879,-12.313392333469528,-53.998554514511284,2.155008351371336,18.70592146274859
0.018857672628429783,-12.318429751065478,-54.06083312603466,2.3198350829885044,18.752286870018352
0.020645107742110175,-12.319981997348412,-54.07889562823606,2.1807841372536387,18.148478903012855
0.07140238310005811,-12.364060683843471,-54.59181125290585,2.320123456719301,18.133202905048737
0.10986328125,-12.3974609375,-54.98046875,2.1542839100154794,17.391605002816835
0.12536572844614624,-12.412963384696146,-55.21482927525939,2.1766163630742597,17.630194449087607
0.15851967453801258,-12.441535268779285,-55.6503780480382,2.093190546452732,16.872467016568354
0.16023089948048078,-12.442150240242984,-55.660538446134105,2.0869124019252894,16.520292616926614
0.2973281767699698,-12.491419574268896,-56.474553530040446,1.9956489881493837,16.70291351328164
0.30031740515048383,-12.492493828218143,-56.492302073549745,1.948405936534101,16.401167209861057
0.3134335980734643,-12.516419706782651,-56.94272166401494,1.8246637479422816,15.68091874721666
0.37525674332232895,-12.543441937321804,-57.334180889152535,1.8894097059843205,15.721626898358588
0.42885048287291017,-12.558396804793626,-57.66372073713972,1.8955722128180668,15.452790060824595
0.5022781356125914,-12.575673899555904,-58.00782287448842,1.75625672599638,14.69612755391455
0.504260088084509,-12.576140241314002,-58.01711084783721,1.734429521006362,14.350403549404675
0.5535790266786276,-12.614920342760765,-58.4082405669362,1.7783104163177228,13.98138266921222
0.5905147237609946,-12.639465744989005,-58.815830008748094,1.672375259065447,13.653860985961455
0.6043942339204161,-12.625586234829584,-59.207926170751755,1.6957360549356082,13.485360418988268
0.6435048496189495,-12.66437338439032,-59.592724249540424,1.7251071692011948,13.023238711848366
0.6368578173442928,-12.653738132750869,-59.91178179872395,1.7157941390565412,12.72716838245352
0.6367179257093465,-12.653514306134955,-59.91849659720137,1.7597560915784385,12.393162884213847
0.643480867616418,-12.651048458627171,-60.245525103541354,1.7672795405043473,12.048736438485609
0.7478320176048407,-12.598170636594077,-61.36002558682802,1.8497966203351268,11.670764248068085
0.748122605633641,-12.596814559126342,-61.3697118544547,1.9032366788228217,11.36710763112389
0.7483321306442123,-12.595836775743676,-61.37669602147375,1.8897501593439046,10.70550457250393
0.7485456953400775,-12.594840140496304,-61.38381484466925,1.9079035132406261,10.48296440906285
0.7643635162349812,-12.562255711225424,-61.927491765253954,1.9544575563226658,10.025832992280762
0.7630826149988369,-12.560159691020823,-61.94915064070148,1.9919435754242159,9.703698288788539
0.6242316955269439,-12.153395506826344,-63.94810455162576,1.9605162821329998,9.352496219536906
0.5117616252675724,-11.804737127553693,-64.64617670865725,1.9901995700347754,9.064066863285102
0.4431614487631743,-11.553435547145854,-64.9946933016832,2.1927454918547795,8.613095435738165
0.4430476056274702,-11.545694213917972,-65.00175157609685,2.335366625281523,8.013933090833875
0.4419160302510921,-11.468747088324262,-65.0719092494323,2.4261335471866516,7.685793044706122
0.42683816086481696,-11.447066601732754,-65.09130983196222,3.321943593384205,4.855685746913742
0.41146691698158533,-11.426425217089557,-65.1097553246221,3.3971670062302195,4.614373082611252
0.4096216905682899,-11.423947341620275,-65.11196959631805,3.459582272904399,4.368120864773067
0.3832163313072054,-11.388488716326819,-65.14365602743135,3.5431523547021158,4.077817493172539
0.3778567103673033,-11.381291511064664,-65.15008757255923,3.763281498194843,3.266321908246626
0.3761570706251486,-11.379009137696627,-65.15212714024982,3.8321517172280295,2.990674915054856
0.33448784757757494,-11.23389369476753,-65.24996140203481,3.8912686058289836,2.761026968757665
0.2745124863118143,-11.137504721304701,-65.33349851236926,3.975149735755082,2.4770662209489087
0.20604648639373385,-11.00231397367571,-65.39195925690407,4.069515181698094,2.19099014536048
0.20408452943313954,-10.99931333361833,-65.39507530619443,4.1773231209129165,1.7810672737928055
0.1807242080040033,-10.921107677025594,-65.4483889091156,4.289571280765443,1.4557381563244882
0.1910650017911499,-10.849360340652424,-65.45422607967379,4.361268380032442,1.1783089301971437
0.189833665294801,-10.84719318841885,-65.45530965579057,4.429273913401033,0.9750959033608552
0.15768056397440983,-10.790603730094961,-65.48360438495251,4.505453095908294,0.7463762840317941
0.15858037494136962,-10.697548883090993,-65.50287417184569,4.520119051027947,0.4525663160132231
0.19032430175708945,-10.621543871849779,-65.53333708962104,4.554323328136121,0.2571381412203438
0.21916207764820858,-10.560714330191097,-65.56840548262676,4.620929808296296,0.06577381650983073
0.21947119148037803,-10.559374836918362,-65.56953890001138,4.611634706701992,-0.18666920260283645
0.224609375,-10.496071423024354,-65.59027296557196,4.626430928774241,-0.48192351432767416
0.224609375,-10.39121350995589,-65.59511256155973,4.6178283244000085,-0.7074252005519303
0.22438675342818643,-10.32800393597416,-65.59950781745403,4.605866023177086,-1.0524091210271156
0.2698425848313537,-10.15749085636116,-65.54714377682541,4.605044015983438,-1.2145561509630158
0.2691706427678167,-10.149965105249548,-65.54445600857127,4.625611522279968,-1.4618944053541219
0.26891030919346204,-10.147049369216775,-65.54341467427385,4.598674492804022,-1.80820946096157
0.2618456198986681,-10.067924849115084,-65.51515591709467,4.635167747223008,-2.0434904763629285
0.2610155106557991,-10.052651790576165,-65.50775127633338,4.6300424874525845,-2.267199117385658
0.2593694493543424,-9.988455399819355,-65.46989186639988,4.606480767814901,-2.5319980396673745
0.25588202647638963,-9.952738650393753,-65.44782186067917,4.641516585902735,-2.7497253320093678
0.2529355891801129,-9.884637346236886,-65.40015611599486,4.642134081465272,-3.010441718899915
0.25753155764892477,-9.789079854208444,-65.32680287266845,4.643836513548422,-3.2467318082995793
0.2939409570663636,-9.754018951065724,-65.26612054030606,4.693286206836987,-3.4391968654126024
0.30091927335430785,-9.747299090936593,-65.25449001315948,4.676254814818364,-3.6647595631937184
0.31210373251458795,-9.649396268044766,-65.1344184058853,4.606671948634542,-4.041782582629245
0.31232065706218226,-9.648203183032997,-65.12899529219544,4.620653330258065,-4.296679542418494
0.3147903806181535,-9.634619703475156,-65.06725220329616,4.619077357677909,-4.440963677477148
0.3412030472288792,-9.58710170075977,-64.94238121798628,4.613834748010333,-4.674239227212078
0.3431072052268777,-9.583716530985551,-64.93360093388439,4.6010940076780855,-4.899906696296446
0.3616960980930019,-9.534125487536986,-64.84023772856798,4.577257712402712,-5.086328032306067
0.3708998651971844,-9.487789399507038,-64.72507267154927,4.5736504480834554,-5.301042554124713
0.36899328522598124,-9.431642370988504,-64.6534145823444,4.599190886171584,-5.482282639519131
0.36671551464269875,-9.371281450531518,-64.57938703838771,4.598367028299762,-5.622307939306926
0.3716920238481911,-9.300358749593993,-64.48214225761419,4.630517976395723,-5.858171072080025
0.3723381205651609,-9.29357473406581,-64.47261233103887,4.6224287685520835,-6.071192570456174
0.40454925206874603,-8.929606275196265,-63.79072481119377,4.675965095723825,-6.317210443754224
0.4560829910533439,-8.69334344301254,-63.32055129999264,4.685675176001553,-6.475263943463135
0.5129679374706756,-8.456225593574054,-62.790288319616046,4.733531519890931,-6.677449252392399
0.537109375,-8.04860901937573,-61.767862922817244,4.72978927532867,-6.8987456041862085
0.537109375,-8.034973830196257,-61.67923419315067,4.894915181505226,-8.897444164433537
0.537109375,-8.034017190378696,-61.67301603433653,4.902624534857978,-9.086099772763125
0.5401200789681675,-8.024480582591801,-61.62701348812411,4.967323203827931,-9.672561736903102
0.5453198777151695,-8.01531903241851,-61.59507186724967,4.9640898738038715,-9.918574810213048
0.5558517524255968,-7.996762872214425,-61.53037606545705,4.9761804941968535,-10.083967296002438
0.556844763078464,-7.995013282016516,-61.52427614287515,4.975607275003256,-10.250772286969005
0.5649397561116865,-7.980750675243695,-61.47454975709964,4.983030611911829,-10.403193689399984
0.5733831412501362,-7.965874234761665,-61.42268324839202,5.009563711818714,-10.656042948738136
0.5744264545064319,-7.964036016167239,-61.41627432410335,5.024148456952702,-10.891908247530317
0.5770664096567372,-7.959384666616701,-61.40005745675147,5.024693355803649,-11.084878287418864
0.5807217321725444,-7.952944336469803,-61.3776033327258,5.041930726229793,-11.338401552892579
0.5627651154664204,-7.877019509965025,-61.12245435613342,5.079098956622403,-11.540267018184453
0.5512340835548251,-7.823143830896924,-60.93711572732527,5.07702334268987,-11.751187572862523
0.551722180501384,-7.817774764484776,-60.9177545484451,5.107400461138127,-11.889037881414703
0.5670750925880451,-7.749443055561756,-60.6135686343068,5.111078390030613,-12.145055698752428
0.5675997895700878,-7.748727559677153,-60.608083165858176,5.120135916036986,-12.397318077500152
0.5833368621247366,-7.72726791528445,-60.443559225514115,5.135952910852865,-12.561816989512234
0.5586998588378871,-7.655634026953097,-60.30313602342107,5.144404121586007,-12.734173881952557
0.5573847345598605,-7.578996698525523,-59.92544328270685,5.234265095926901,-12.90509846283616
0.5576762571740578,-7.577903488722283,-59.92158060806874,5.194634119782776,-13.119360177994748
0.5666709384614174,-7.544945559038897,-59.74912444606055,5.221733695371938,-13.388117709154015
0.5672015452675776,-7.5430353745367205,-59.73660212543517,5.201329438100402,-13.541152533240012
0.57373046875,-7.51953125,-59.58251953125,5.283036646246302,-13.751739725577021
0.5580186931687385,-7.487525781223356,-59.47486477263765,5.274479000166579,-13.886782656320404
0.5221259747640423,-7.414410984473049,-59.22893318356844,5.259105662305544,-14.10967609617358
0.5178861108713168,-7.405774224691571,-59.19988226430347,5.3395358744093215,-14.339577690253122
0.5078125,-7.38525390625,-59.130859375,5.408070321761258,-14.486605715000833
0.5061093201840141,-7.334158511770424,-58.92988415671367,5.440330794156026,-14.676830054017206
0.5036047793124865,-7.283750687749784,-58.73679457124919,5.493048740263177,-15.058218761870673
0.48899820083075735,-7.252587815156492,-58.56018915426971,5.531648364474194,-15.218416437397629
0.47214118545804695,-7.22795063884253,-58.39550908101323,5.576694851181628,-15.46258110307532
0.47358417561266664,-7.220660335572089,-58.368045421593735,5.643846009671876,-15.631955820712944
0.4951135834055133,-7.1675544630164,-58.2044219223681,5.653030515062156,-15.815290766677318
0.5054195219517853,-7.071620061448202,-57.85664746118745,5.729971187558462,-16.01759551644341
0.47233245486951186,-7.034278608493294,-57.72508730203293,5.792419162054131,-16.249602832211355
0.47417536652538606,-7.0312838770524975,-57.71402983209769,5.842093483192997,-16.426248699001142
0.49589698512995445,-6.995986246820074,-57.583700120470276,5.876492425827081,-16.609672246690366
0.4975619988280972,-6.993280599560592,-57.57371003828142,5.884952327078011,-16.766624780130414
0.5055063603277743,-6.961974271674992,-57.42753229139717,5.926306644050214,-16.993813102135682
0.49180556626631905,-6.931147485036718,-57.22544557899071,5.96597953995412,-17.1118379521569
0.4618028864724969,-6.839814054774413,-56.86564177900958,6.026284208816264,-17.327889371890773
0.4605992641378245,-6.83583284243665,-56.85175382899413,6.081283945804401,-17.505879453433707
0.44032400382209147,-6.7578125,-56.565604640112284,6.039092038465569,-17.712874995259753
0.4426166760751574,-6.7578125,-56.555924468377114,6.051399816430035,-17.849352787356864
0.4435022826379682,-6.7578125,-56.55218524066747,6.056275427942424,-18.04646593355138
0.4625737484085122,-6.726704597126227,-56.39468915543152,6.087786796777451,-18.183230281267466
0.4486511437044389,-6.677782078082286,-56.246959365491165,6.145312254682338,-18.39087534263504
0.4340889832060723,-6.6431737036558465,-56.10966560841521,6.115541387656421,-18.529418756310378
0.4475886463410563,-6.612695292938756,-55.95545363567887,6.151072424762489,-18.71504562109777
0.45686890590190393,-6.5868446648802035,-55.80384723482817,6.195502591112586,-18.87931847835874
0.46827952644111764,-6.596625196770958,-55.71582244781138,6.206292744182335,-19.091130566655888
0.46941889636149386,-6.597601799559852,-55.707033022711336,6.228115936440119,-19.241354208879343
0.4489640237450019,-6.546821370208828,-55.570455024678246,6.20910588444336,-19.395253928609623
0.43960395707055966,-6.493298349691892,-55.41836814917625,6.228568963259946,-19.574542892365073
0.4686272610504862,-6.469396805237835,-55.28520240150365,6.255246803043519,-19.761661558081492
0.47117025866072565,-6.467302571911755,-55.27353453011549,6.298809177084422,-19.883919810344793
0.4736328125,-6.4231673619308145,-55.130513576886244,6.329931386236467,-20.059026377282102
0.4736328125,-6.412693705781291,-55.05021554640656,6.331762138757668,-20.178669353926285
0.4736328125,-6.401959735742295,-54.967921776107595,6.355235436869563,-20.329344731333236
0.4582774732662617,-6.396280358051495,-54.782401660741215,6.3830897423492985,-20.519270292701382
0.4479303845149962,-6.363514577005821,-54.62891984426411,6.386436974686575,-20.688155881509633
0.44718702543659833,-6.361160606590895,-54.617893351267874,6.367633086164133,-20.793014875025143
0.4523290646106274,-6.3631740498362355,-54.51307524132354,6.32808175084935,-20.965492239467764
0.4638256663098096,-6.294194439641142,-54.36854653424811,6.32999537164936,-21.02386403028007
0.45518215450410404,-6.267779478768284,-54.26906812978059,6.378928716409149,-21.17196512748174
0.4414928534214543,-6.262114159972801,-54.175731107154036,6.363060368020044,-21.286006290736964
0.4514423161467309,-6.22806984704173,-54.043749780184996,6.372127322598985,-21.449400202339394
0.44567086117040905,-6.167220628590818,-53.782026534992355,6.3874490798499295,-21.64981943273391
0.44497246353178366,-6.165823833313567,-53.77373306303368,6.363894235515971,-21.762507989744226
0.44280726613562094,-6.161493438521242,-53.74802134395425,6.3988901385281025,-21.90246348695623
0.43701171875,-6.144693768033321,-53.64599454855617,6.429105506020562,-21.993246539524847
0.43701171875,-6.133164804193038,-53.57249740407437,6.440627529724765,-22.14987667349599
0.4393954539862205,-6.111301211860236,-53.50939653051181,6.470133367601548,-22.2647209039302
0.4402677673539408,-6.108046784250774,-53.49887420544011,6.526113474658928,-22.429126431640363
0.4517205506999118,-6.06878009849316,-53.366349141008165,6.538101842128498,-22.54793569150872
0.45427091542475573,-6.0726945736771984,-53.18103983546108,6.5273168020066805,-22.603836648258536
0.4541746259654455,-6.073561178810991,-53.17555133628039,6.563888447765166,-22.762266874847143
0.4560552229651819,-6.037099201161544,-53.11277690479454,6.61973851598583,-22.84003131983447
0.45526573638839785,-6.009950778187569,-53.03428291316989,6.577604147695766,-22.97722467880679
0.4466570562008506,-5.996444033612181,-52.95094900999037,6.618901912346942,-23.044553747383823
0.4444910966839191,-5.99725626843103,-52.943638896620726,6.5930900300924264,-23.154676902630275
0.43364203123694,-5.99262203113246,-52.8591007805317,6.650782474931404,-23.208165373241535
0.43074598518907736,-5.97900390625,-52.7634326167017,6.651124075053261,-23.307160481344575
0.4197443947326966,-5.97900390625,-52.66441830259427,6.664273894109229,-23.40916394565881
0.4188993392811246,-5.97900390625,-52.65681280353012,6.701862927133547,-23.49004209227263
0.4109912136977106,-5.9421261129169025,-52.49829833018301,6.684203862121876,-23.57037515681062
0.43268830107403805,-5.917409355175962,-52.40977214082501,6.7085760707118425,-23.66472303537466
0.4330769643202715,-5.917020691929729,-52.39966689642294,6.776784756699044,-23.78161977759452
0.43589716973506587,-5.914200486514934,-52.32634155563829,6.776993994443117,-23.844111135115426
0.4199222520511583,-5.922580085666024,-52.26793142193533,6.821058787487118,-23.87924575795874
0.3916895179460403,-5.933369335088121,-52.218049709244106,6.896173817750082,-23.98756356047307
0.3859791195782788,-5.916238139984836,-52.20299502263819,6.975913476989263,-24.09373022382135
0.37285411461037554,-5.882271063868337,-52.024774062175496,7.091228656252284,-24.201909820756946
0.3736201702578747,-5.878878531715126,-52.0155813944055,7.154720219419559,-24.267475914074232
0.35598015933892796,-5.830775692780201,-51.834774779058726,7.252855273829994,-24.323227645431363
0.3526605983398567,-5.831398110467527,-51.83083280037233,7.3191984923670645,-24.430928117778596
0.3549012093856764,-5.822242628892904,-51.716850684236206,7.389775064420974,-24.467563775890063
0.3552444965959144,-5.821813519880107,-51.712387950503114,7.447655800006032,-24.590658703767122
0.34460630484100796,-5.822680301531799,-51.656524717709424,7.495538575825492,-24.629894294048068
0.34392623109655784,-5.8223378393787435,-51.651112768787435,7.552163089827673,-24.713963977401455
0.3390264257664199,-5.815804765605226,-51.58578203105227,7.571719638731679,-24.761952271573346
0.34457493406991174,-5.814265093178318,-51.53080413700531,7.6539184430157405,-24.82369150266176
0.34634034145752896,-5.814559327742922,-51.524625211148646,7.916581428337295,-24.890474741790158
0.3170555946775414,-5.8154296875,-51.46778111500725,7.959486807795031,-24.925660167067747
0.3145237621723388,-5.8154296875,-51.46495141985438,7.945200145764545,-24.948615349818457
0.3218924911003137,-5.790983194183189,-51.368752915183386,8.001851705789576,-25.00143608775317
0.2773232144717171,-5.811410779304629,-51.361324702411956,8.033016717495954,-25.01485266088322
0.2782460064054643,-5.789124679042311,-51.347403014085835,8.060224519285654,-25.12312561479752
0.2867251907718792,-5.771204287793759,-51.32816468930309,7.894797893306318,-25.209056607416418
0.28704620114555257,-5.771846308541105,-51.32527559594003,7.903271363060497,-25.245043329462824
0.2900442858590591,-5.777842477968118,-51.29829283351847,7.928707719327917,-25.31266982529797
0.2965716635832569,-5.755792821750229,-51.23743779399954,7.943046942864498,-25.36428161841166
0.2796033668780586,-5.757691307085373,-51.181664333410595,7.9912021908246516,-25.366673311920987
0.25303389249837516,-5.739978324165583,-51.113764565551406,8.015401115554752,-25.424496778298007
0.2425529620398773,-5.726520561733129,-51.06037912193251,8.08623561571767,-25.403481204998716
0.2388238924068477,-5.720305445678079,-51.035518657712316,8.092608376900387,-25.4825061987245
0.2350428404682425,-5.714003692447071,-51.01031164478828,8.110138245455374,-25.613462153563436
0.24960996502106686,-5.693359375,-50.936216898265464,8.154420191092953,-25.630892103592377
0.25285314003001036,-5.693359375,-50.86162387305976,8.163951164689493,-25.69499191637405
0.27512490133467277,-5.674262588798794,-50.80557436674799,8.205123840673394,-25.769478252617187
0.2636632669524429,-5.673015279366395,-50.742153067809774,8.231485497996403,-25.853263666463853
0.2629899946613709,-5.673090087398736,-50.739459978645485,8.256444226936566,-25.92490246033804
0.25861057140512383,-5.676091040155124,-50.685735643138514,8.256273865300528,-25.952803947123808
0.26335879020064984,-5.68083925895065,-50.6287570175922,8.282863157672892,-26.04297920325839
0.2622789302128501,-5.664437006304201,-50.60131993861845,8.280265047327958,-26.092142443148045
0.26524015874145784,-5.654528595410972,-50.572803587106115,8.325383266302467,-26.147515541450847
0.28074966928862943,-5.664868269109086,-50.53144489231366,8.306768954114588,-26.208366028308184
0.2820139358508922,-5.665711113483928,-50.52807351481429,8.302017543224139,-26.21422938920449
0.26261047967230433,-5.628502801577696,-50.49261205813108,8.323329710180587,-26.295189001730172
0.2715815874899138,-5.619531693760086,-50.48902361500404,8.344407052843607,-26.357959509644523
0.2719455122335117,-5.619167769016489,-50.488878045106595,8.346607839116189,-26.361390477922058
0.27885433862979775,-5.6203842005648985,-50.46390547616591,8.35696361302061,-26.397768642665746
0.27535266310699547,-5.627792235012003,-50.440149024490395,8.3785160711045,-26.36202118408007
0.2494044959384476,-5.645091013124368,-50.426310002000506,8.315897970334817,-26.426594019537042
0.24739175472619399,-5.646432840599204,-50.425236540020634,8.337658820557905,-26.459788414646074
0.2613505541793699,-5.63220413332063,-50.45434173335874,8.315513785167482,-26.442404417853936
0.2899529344187137,-5.65336345983666,-50.497328863335895,8.324874818345577,-26.446602884820575
0.30423111013531096,-5.677293930827966,-50.53702964653672,8.285109079141222,-26.48487770560353
0.28993569697371524,-5.693984402625531,-50.56853111371405,8.31345261242835,-26.442464148783618
0.2735826225780202,-5.729663837670683,-50.602723905632324,8.33287695075289,-26.478221406462705
0.2753449606180541,-5.730510318921682,-50.60567659460841,8.341668741336761,-26.467608143628265
0.3231112030458132,-5.7501191176788184,-50.679925735357635,8.287901853088812,-26.44107560809832
0.3431770203438148,-5.777902557014513,-50.73549261402903,8.313725924523723,-26.439928081052287
0.2979929826855002,-5.800076842790318,-50.793785215870955,8.331785668961402,-26.352729585931826
0.3089730414515842,-5.793031029884809,-50.857900198421525,8.36098057424853,-26.398440244604306
0.3112936376379494,-5.7917049749211715,-50.86850863813063,8.307936312399292,-26.328679053022256
0.31811488410150646,-5.823902803308823,-50.951829688620876,8.313996065660632,-26.288384689486044
0.32549646013607425,-5.867137748654149,-51.05411724224275,8.304655682662272,-26.22352880986676
0.3387927908822242,-5.950832386985551,-51.33267687582093,8.31750327320951,-26.137131500853748
0.33794218955232047,-5.952533589645359,-51.343248635206876,8.319064669370448,-26.033708601847113
0.32868733581436077,-5.971043297121279,-51.45827324595009,8.272395821589143,-25.978632920394443
0.32653838523423817,-5.975341198281524,-51.484981631731614,8.320618212634585,-25.861533430451498
0.3371718973820115,-5.9976463547949335,-51.603444208713434,8.2994233983205,-25.737947734051687
0.35098143886945277,-6.026280952399038,-51.72157561533136,8.308906044376542,-25.568445819305936
0.33964187593131945,-6.0748325741668925,-51.90079185963323,8.302517646450738,-25.42057689342202
0.32809714357075126,-6.123897686699308,-52.091279943582606,8.352806084498411,-25.28781358857567
0.34722600477470794,-6.164995965545614,-52.298442696985674,8.351256029434992,-25.114272169684774
0.36163846562154245,-6.200282171857713,-52.45259521994606,8.317033231586464,-24.979107645243328
0.36223223467017374,-6.203251017100869,-52.46185801710471,8.285038722156486,-24.792129285249757
0.3701543243274392,-6.242861465387196,-52.585442615758055,8.302260082670642,-24.548751819920078
0.3864800709236922,-6.28602439605923,-52.83550836638249,8.285804269809958,-24.336657237101807
0.380986382866375,-6.346510816265576,-53.105132425293384,8.224147814433934,-24.174537411982783
0.35173483455882354,-6.423426011029412,-53.372414981617645,8.210044202745905,-23.945893666606878
0.4042265363274707,-6.468562430206589,-53.66535913072306,8.147660487883115,-23.729802136673747
0.4074878788473618,-6.477259343592965,-53.695798327575375,8.14700041655965,-23.506232935259863
0.4100985367131666,-6.620224561056899,-54.19251622414445,8.030729292143192,-23.184528221574418
0.41089095356308414,-6.625454512266355,-54.2141492041472,8.02698471518434,-23.062164350120284
0.41969182715434306,-6.683540277968664,-54.45441305318857,7.953838976980663,-22.766476692539516
0.4541504970935718,-6.830648673696431,-55.0317336744368,7.922161710367035,-22.46028079208158
0.4550165779756164,-6.837866014380137,-55.06045869035795,7.790651155685268,-22.177879517220433
0.4638671875,-6.913117986709106,-55.36373371048419,7.8234547818078255,-22.004355922152406
0.4638671875,-6.914148758569555,-55.3704337275771,7.778133549509192,-21.747488387166552
0.4638671875,-6.938926442445395,-55.53148867277007,7.727569194162243,-21.349712192262945
0.4673754311386085,-6.9867302903671,-55.75684642238834,7.6858705127516345,-21.098530888571016
0.4758964998926347,-7.086142759164072,-56.19568146322069,7.628838824887836,-20.7327425908332
0.47663044207644406,-7.094705417975181,-56.23347948568687,7.608239414311711,-20.523168637321938
0.48943873508094493,-7.144006993952362,-56.48622072490347,7.605263805873591,-20.24056136171513
0.4819035382694203,-7.199428350884217,-56.6952535702586,7.5237125423004585,-19.8895208532917
0.4735028437511165,-7.3190630031273445,-57.038486904174405,7.517382162386184,-19.639021099632174
0.5186508469287041,-7.413873809800279,-57.351513059539016,7.496102741384831,-19.319641614035543
0.5045846614148383,-7.467253239293103,-57.69695246071212,7.487878324332527,-18.982523555598743
0.48587584860677824,-7.537984662300293,-58.0340018788996,7.468578650257953,-18.603733144347768
0.48525361082553414,-7.54254773936275,-58.04551327785262,7.459507592572763,-18.301199087215522
0.4833862409000526,-7.635977646071616,-58.329190661872246,7.431752632031831,-17.97171457943732
0.49998251571154095,-7.733969129706754,-58.687703522149114,7.403860539419455,-17.623106856326064
0.5179279682702149,-7.8600344188660625,-59.09942560018826,7.330052826700012,-17.298671602475423
0.5493701008752088,-8.065922998373122,-59.876299429349444,7.2771991850463,-16.871540574536272
0.5488990834667317,-8.070162155049415,-59.89365978526189,7.2508638857026995,-16.492058153716957
0.5633774391863511,-8.300510904915745,-60.63372429936129,7.241405386083898,-16.214362497069068
0.5602136006065922,-8.311009096566762,-60.666369361070615,7.163538735137237,-15.804315521306915
0.5589820392802431,-8.31509564096783,-60.67907683475613,7.1231528900301555,-15.38882889573577
0.5856542459570407,-8.425899954781922,-61.011976398536845,7.014147372751523,-15.103569819845962
0.6372584148046229,-8.541451422846716,-61.35412920307166,6.945211775796039,-14.674087053431306
0.6373977862521117,-8.551904281408378,-61.384930292966686,6.8596399530339625,-14.332835076378247
0.6387392579156108,-8.65251465617081,-61.68139553059999,6.7454268348552375,-13.949220776342253
0.6375502448017408,-8.736964118411509,-61.94369635517408,6.672414929649477,-13.542445601143724
0.631098132253385,-8.786967990661267,-62.13242064721349,6.533813307281889,-13.231686688800623
0.6509439902120995,-8.902071442945536,-62.474156401231184,6.430431781296974,-12.892785591046609
0.6786805038693896,-9.007044229348384,-62.80358141604861,6.299529233024302,-12.387718785534423
0.6799420543673178,-9.018650493929323,-62.82919089115655,6.213076578524976,-12.017067895238595
0.6934510159323967,-9.14293294032805,-63.103422810927654,6.066135291968465,-11.645580653172843
0.7270204358517481,-9.237927081218478,-63.4131998892706,5.9952660152758455,-11.29986070005164
0.7533738157414975,-9.410611177807562,-63.804427230457854,5.898656333341947,-10.895182746408917
0.7763671875,-9.5751953125,-64.16748046875,5.792599053226212,-10.469879786427336
0.8254105068593465,-9.74480345861774,-64.56187049526474,5.716650927148393,-10.082428707954334
0.8287171518932065,-9.75623893935984,-64.58846143241203,5.634273351205977,-9.662638727610727
0.8299495332486833,-9.760500924880862,-64.59837183247899,5.489067326077034,-9.343774599954447
0.8511182778760904,-9.89963352023899,-64.83255995951309,5.360280305391129,-8.943351291715151
0.8650329777314612,-10.027563358723672,-65.03643169461661,5.3285935230629775,-8.48452150384651
0.8614359765962036,-10.185795017930328,-65.26490584892687,5.132288355397776,-8.135210203757259
0.8974663300798101,-10.372497758709017,-65.48436345650885,5.098507190274191,-7.741396176488148
0.9002932215271786,-10.387146196209017,-65.50158179532464,5.002817173125976,-7.337996952351727
0.9250080943619233,-10.551031873973143,-65.65496572950197,4.870063266416437,-6.884256734661661
0.9543886420875892,-10.773464793739944,-65.82194909960036,4.7842023124358235,-6.5726960645104535
0.9780364153693835,-10.959218508327782,-65.93199456073543,4.674047173906445,-6.123834705008822
1.001798711423696,-11.09288142363329,-66.05971690202736,4.6307486307564005,-5.696976128223699
0.9966534351664592,-11.35200844531088,-66.18434263022453,4.565955149560864,-5.275766329499179
0.9954277266680263,-11.567601423774473,-66.2718235188975,4.483818436079417,-4.894459072063297
0.9966371287017187,-11.589370660380938,-66.27948306511088,4.435079217316456,-4.473032519096281
1.0076203251998588,-11.719837947118503,-66.3042231427798,4.436108470013352,-4.0574277852308755
1.0030270566664625,-11.873065296193655,-66.33394346559591,4.34603323980204,-3.6430793215126194
0.9938990761013801,-12.015200993564225,-66.36393540173832,4.284588498921323,-3.270454584941401
1.038726796156287,-12.182243572290005,-66.33676884742886,4.273664304213014,-2.8103354033703165
1.0244037954183964,-12.357091257346472,-66.30157710305083,4.204627522528952,-2.4253763845915137
1.0201074844469136,-12.365855731728296,-66.29951487378452,4.332262021692756,-1.7652719552771232
0.9552488331156616,-12.640842654169148,-66.17467220235356,4.289971931724679,-1.2721460975459364
0.9548338918574396,-12.644513288376496,-66.17243790327083,4.223084947289848,-0.9148814939238464
0.9405772662255711,-12.770629592043024,-66.09567145756077,4.233648556714485,-0.42542107171614596
0.9191766674223175,-12.890689780893592,-65.96061067849766,4.204713301877263,-0.027804611426898954
0.8450221602314754,-13.089933519305575,-65.63455136951714,4.158892839406633,0.3989306034623781
0.8420920497517825,-13.098723850744653,-65.60901754962268,4.126999644244833,0.8728243697252543
0.8416285616191611,-13.100114315142516,-65.60497858160983,4.051013510188255,1.2437453046220206
0.8210524721724574,-13.161842583482628,-65.40779034672457,4.00975359620989,1.6546631874136954
0.7951048316855854,-13.239685504943244,-65.14831394185586,3.994337466291938,2.0429153528281665
0.7867076736767485,-13.307173949964556,-64.86650169098534,3.9251948982870317,2.4501402526709706
0.7284222244986502,-13.367279205734189,-64.56355132056257,3.9118605428081565,2.9400003219551136
0.691298418616096,-13.37667093938839,-64.24267229416544,3.8388718802020634,3.275442210005573
0.6900484329220838,-13.376795937957791,-64.22904745010071,3.8196573189457865,3.7339676361049117
0.646713846709816,-13.384573094221027,-63.94584228404113,3.8368862324166173,4.1291189143017695
0.5597939855785201,-13.406729137254494,-63.73791634172705,3.8655194284781373,4.657798931830266
0.5342581878814687,-13.407438887643254,-62.98749022232728,3.787426894946023,5.076576127507967
0.45104058023063603,-13.44928414114977,-62.59288894819873,3.8323560681105704,5.601313742611597
0.45038564379329343,-13.448148917991709,-62.586645220829396,3.858538545177865,6.043674190882104
0.4252443866105164,-13.404570738874895,-62.34696523568692,3.599984594582466,6.6618186256643845
0.3817633107776515,-13.382454576287007,-61.951494796998865,3.8304736136394126,6.852149740749715
0.3324305186657386,-13.362614943581477,-61.4895654926546,3.631807235931319,7.456454378472887
0.29581797996976567,-13.305642889465728,-60.99045424433479,3.6498689455241475,7.860837011748219
0.29469231268896445,-13.305346661233939,-60.97303602430556,3.6766607650206566,8.287049714911996
-0.015340920803100264,-13.010077403529024,-57.186967915155016,3.6580833543587232,8.699000214749878
-0.13927307350057547,-12.832209940248145,-55.21271695098363,3.6664208266060285,9.204861285721297
-0.22859588935067765,-12.715585247087263,-54.16398699578198,3.899088639426182,9.383233658759492
-0.36047890028090906,-12.50820001044591,-51.98253895340582,3.6620517515125357,9.934196216735018
-0.36161788875513706,-12.50620678061601,-51.973540944459415,3.5350972126791618,10.251658417139012
-0.36230891277982374,-12.504997488572808,-51.96808185466439,3.50401767468162,10.992685578904933
-0.3633814838120062,-12.50312048926649,-51.95960854351015,3.466346492372537,11.356421792990472
-0.3637630308195019,-12.502452782003372,-51.956594322150934,3.3835338032846636,11.791240477534037
-0.3663787475264449,-12.497875277766221,-51.93593016016609,3.4003878529670715,12.164277864628538
-0.36772405401213354,-12.495520991416265,-51.92530223892914,3.223800606689906,13.333206044243394
-0.384137641019774,-12.466797214152896,-51.79563490156879,3.1875709740607903,13.525920900323134
-0.3850872691273189,-12.465135364964691,-51.78813283951918,3.1878750672411655,13.925028390216374
-0.386654438132181,-12.462392819206183,-51.77575220438077,3.476324947333069,15.473998913359384
-0.38760406623972593,-12.46073097001798,-51.76825014233116,3.264034893589397,15.837423034600109
-0.3891147097619961,-12.458087343854007,-51.756316058505234,3.1185027120728392,16.947829823631164
-0.39001063866107866,-12.456519468280613,-51.74923822020248,3.090023996888405,17.159399952777065
-0.39156791570648714,-12.453794233451147,-51.73693573154375,2.9780693386920944,18.325783486948257
-0.43560461225039154,-12.426024191386507,-51.3398629378159,2.9097791941488538,18.07290467016251
-0.4794625917174285,-12.402551412102296,-51.12311934042111,3.152262969804468,18.763728832240716
-0.49805173835906374,-12.311419604783989,-50.72394260847236,2.861127669194829,18.50209839190683
-0.4975459490164343,-12.30952289474913,-50.71711445234686,3.0170470795680586,18.703697961132416
-0.4973741103295153,-12.308878499673183,-50.714794630073456,3.0461317424569785,18.9221707135552
-0.53100074534642,-12.32914650396328,-50.594642816407735,3.0646287919683175,18.998007993400382
-0.5334492802423194,-12.331007390484162,-50.58798280149089,3.0020622469350116,19.483438380461973
-0.556640625,-12.329032620873695,-50.46669571407188,3.094243647639857,19.41117347566663
-0.556640625,-12.28096233015576,-50.323941517394374,3.0975061060142934,19.447964351785
-0.5936558365303286,-12.276923436367206,-50.15507885659588,3.1057550348900804,19.61967895167285
-0.5993552044314886,-12.228478809207347,-49.99692139733869,3.1084524839128846,19.679775083284074
-0.60302734375,-12.198435821889598,-49.864594412120454,3.1025501524310783,19.920057498057357
-0.60302734375,-12.198539685518853,-49.86189395775984,3.0780529720576197,20.10236374870082
-0.641608107293359,-12.208784857966085,-49.724878504836006,3.1167975149070344,20.089111742014833
-0.6615808163521633,-12.18157336585555,-49.60209979226727,3.189650538255435,20.171438359988525
-0.6488977316115667,-12.156267172575351,-49.50835229897605,3.1678860656077887,20.32974591372786
-0.6458037385005487,-12.141733952210295,-49.4144760294581,3.1565999182194133,20.42550146382718
-0.6463732520405364,-12.141494157035563,-49.41195818012342,3.17139711370433,20.60310813612218
-0.684419361661204,-12.114935112152223,-49.22739338932083,3.1765805263571423,20.671928950203736
-0.6846029395130688,-12.114620407263311,-49.22621324598742,3.2135461997193744,20.674797363428194
-0.7184467217106882,-12.081689841635223,-49.07853225483964,3.2306951099725723,20.82859340744683
-0.718877086900685,-12.081382437928083,-49.07696449593322,3.334598639811688,20.82346068458023
-0.7379636986032643,-12.06685560361739,-49.0057965390576,3.3884614065395766,20.90147046053328
-0.7640852779086885,-12.0556640625,-48.9398660314777,3.403602215344307,20.951562616909705
-0.7651306788395958,-12.0556640625,-48.93876560944516,3.4528254430980923,20.980472173208454
-0.7938845835100693,-12.043783368526851,-48.887472639536924,3.4745272868857455,21.05281335643021
-0.791015625,-12.03164764964844,-48.83658665933595,3.7297518304340542,21.540980310438833
-0.7919971245795729,-12.027711623631653,-48.810226862478586,3.77184936568527,21.687199148401195
-0.8379488004541347,-12.016807246626186,-48.740660340722435,3.846377924666811,21.689075519489744
-0.8605471730732545,-12.021907452725582,-48.722851487981686,3.8886604210494085,21.7501778751079
-0.8628497889641358,-12.021139914095288,-48.72227583400897,3.9472113566749556,21.77637926427651
-0.8636702355971003,-12.0208664318843,-48.72207072235072,3.9912712770319274,21.78512175911622
-0.8980261589088134,-12.009414457447063,-48.7134817415228,4.063048187076845,21.791599605454582
-0.944960787906537,-12.003085588448586,-48.655644481385515,4.107483716816418,21.898067494445787
-0.9457009406377415,-12.004812611488063,-48.65589119896258,4.2219226528024905,21.883543638180804
-0.9458072747970887,-12.00506072452654,-48.65592664368236,4.25739691934227,21.90138661080166
-0.9506375933728497,-12.012182711738944,-48.657342882765356,4.313000576280999,22.026186807444297
-0.9786852154524852,-11.964980615960481,-48.649040167772206,4.383820263267168,21.99331847283421
-0.9807827658700855,-11.96327635624618,-48.646680423552404,4.449759289705625,21.99589148547444
-1.0073013414455592,-11.941730013591108,-48.616847026029994,4.507839756203865,22.0077708677643
-1.018320630695957,-11.965360278410662,-48.591280346589336,4.569565614349344,22.001714729344975
-1.0218928580211302,-11.965757192557904,-48.5908834324421,4.594527537649469,22.094407940532825
-1.0580667930074257,-11.972187306621286,-48.58379583075495,4.60412198866976,22.088680235297176
-1.0561545750428407,-11.97314341560358,-48.58252101877856,4.663715068036723,22.074835953824437
-1.034141755521706,-11.984149825364147,-48.56784580576447,4.731967239408547,22.08433464475584
-1.0305251513565912,-11.971725126889547,-48.55448627435402,4.752831595014214,22.116053333973248
-1.023813636157398,-11.9417064631713,-48.52712531272686,4.731748261225434,22.14121313711847
-1.0096479402497804,-11.94878931112511,-48.54270757822524,4.763213161179465,22.120531216143018
-1.0086216197536804,-11.94930247137316,-48.54383653077095,4.80419538449641,22.11614421379073
-1.0100654788540906,-11.957020249866039,-48.563931843348115,4.829916731127909,22.098133661645182
-1.044900811887255,-11.92629633884804,-48.57421875,4.817309800808076,22.14208850043457
-1.0464074204996099,-11.92924062224922,-48.60838629649103,4.845145044763285,22.122224183833005
-1.0536643871080806,-11.930522233164192,-48.6454937478094,4.851801556868068,22.131618505054167
-1.0710129132944601,-11.928787380545554,-48.687130210656704,4.884553457149494,22.12463359166365
-1.0708446126009874,-11.929352190164947,-48.690422236170335,4.865110336042605,22.13888200058823
-1.0210218360493515,-11.969385415350766,-48.75637800420036,4.880525053674575,22.06509753282436
-1.017819263727472,-11.973170273549352,-48.75812486183047,4.8643894129542815,22.138883375756343
-1.0273439074592874,-11.981553749462538,-48.94609874670805,4.932843636781101,22.08173188839742
-1.0254449484541277,-11.98239773124261,-48.951268135110986,4.919019631015544,22.02919320264434
-1.0162539429581172,-11.984999354443454,-49.02149924811649,4.910536146972007,22.00872239576981
-1.0333669270622368,-11.975416083345147,-49.03518963539979,4.946758605266794,21.961910697900613
-1.035883687798728,-11.974006697332712,-49.03720304398898,4.929452378775721,21.992868454166306
-1.042882353218787,-11.9826601231071,-49.15404552793957,4.978133561079389,21.930679073766786
-1.0421033878264092,-11.983550369269818,-49.15743959143493,4.969736444416739,21.905417217924462
-1.0097505581595938,-12.017593191840406,-49.24246907287119,4.952495083001921,21.842738798988304
-0.9970133522598421,-12.04138440490634,-49.32128436748798,5.008771291211531,21.73526101352543
-1.0235796791375635,-12.037189721715121,-49.39539043719952,4.9945777805482265,21.69692325546217
-1.0249497367958544,-12.036973396821708,-49.39921217698317,4.987922938700535,21.64388481175445
-1.0302734375,-12.083871596128608,-49.488057614624346,4.996403184200247,21.58690016796398
-0.9800828804593238,-12.083566755359982,-49.58455047927128,4.971245400878772,21.51477292647325
-0.9525970934084134,-12.084876672998096,-49.70447598154397,4.961179302696152,21.487862149133196
-0.9729076024904773,-12.08559653059167,-49.83200547707022,4.959774205192218,21.41026877357665
-0.9726327924586055,-12.08463469548012,-49.83763908272359,4.955092130804971,21.325668577554733
-0.9696914900594683,-12.074340137083139,-49.8979357819059,4.945288944485867,21.251016425825092
-0.9394078855199701,-12.104641570651067,-50.036834488775305,4.86759496962334,21.181992466346756
-0.9092850915084567,-12.13684179873234,-50.16771283517016,4.849273078016083,21.096686898469933
-0.9129959379298487,-12.170275156894773,-50.3143264091873,4.832391522705123,21.014276416859325
-0.8697759186927269,-12.147206820022909,-50.467452807675635,4.776573076592399,20.937147728193843
-0.8680465976636671,-12.147898548434533,-50.47275605883142,4.743271605337171,20.830307851531746
-0.8445329712589263,-12.15730399899643,-50.544864513139295,4.696993727306918,20.72396768897713
-0.8144732093364817,-12.187478858593177,-50.74497765421497,4.647233335945842,20.607110242681188
-0.7958984375,-12.20703125,-50.8740234375,4.644386309309525,20.558828540726413
-0.7603824125601619,-12.208807051246993,-50.962813499849595,4.527909704818654,20.44845054536977
-0.698907453472137,-12.212911961458206,-51.13413044583129,4.496549810269855,20.358214301087777
-0.6992008297724622,-12.213352025908693,-51.141171477039094,4.414820275255437,20.234112339424055
-0.6927310292193019,-12.22921649319947,-51.28316382809121,4.353124233130586,20.150953438560126
-0.6600642639085363,-12.260576587897805,-51.43343094852073,4.314611602282682,19.982249294297425
-0.6215461417953013,-12.259000304458192,-51.58630426292856,4.245693760168123,19.93585954391574
-0.5402670674309243,-12.309781347353304,-51.95531853015406,4.094028873137702,19.123506505394396
-0.5373270849216573,-12.312165116955413,-51.969064934859546,3.974206041196254,19.127611355449528
-0.5361468173068707,-12.313122090697131,-51.974583483436795,3.96733681086684,18.91481557287135
-0.48631151167550385,-12.336268558608165,-52.19656059827928,3.921271039690069,18.786700547900917
-0.45401691213404133,-12.34745443455798,-52.354025769589555,3.6830855406900724,18.672381331746337
-0.316783977004717,-12.412247567806604,-53.184791420990564,3.648184754660349,18.480389215507
-0.3136752514128989,-12.414713108793219,-53.208053264212104,3.604861848924429,18.32859914350066
-0.3117371830582284,-12.416250197488301,-53.2225553619005,3.5256852061383483,18.48289690343556
-0.26563452577287033,-12.44243283229539,-53.46250572305398,3.4681959344373468,18.331869643104138
-0.2541495177454143,-12.447537280307595,-53.50793531036258,3.3953716613059726,18.109125984285065
-0.19281786707091364,-12.474795791718483,-53.7505360619195,3.3081813644235893,17.559461136099642
-0.18524687168961865,-12.478155916597306,-53.78238262333535,3.222629975112966,17.70293256834735
-0.15663389375923614,-12.491885401639633,-54.01668289403082,3.081516961160645,17.140075325619843
-0.1520900485391524,-12.4943964739981,-54.040358719124946,3.0734756065430844,17.32839353208384
-0.11058176131315753,-12.517335264307203,-54.256638742039335,3.00175560158641,17.127518673204765
-0.03976623647559853,-12.566926363950277,-54.65173587131676,2.857926001347124,16.547994721638975
-0.00326186262661142,-12.59772692938536,-54.86848059104512,2.813829478672517,16.272415721448112
0.061210020643450554,-12.577562401382783,-55.16386408405086,2.757354790224909,15.994270281374321
0.07257226783049685,-12.57273344632829,-55.214426084033214,2.603033466030155,15.778247969046895
0.11729238674017367,-12.595424617230348,-55.465874541176305,2.5538360727083784,15.583404851399496
0.15448413878088735,-12.626653996358648,-55.75635390094586,2.4717624086013217,15.338322270707211
0.23774972116950377,-12.658089087786227,-56.30808323837883,2.5416031558356735,15.637718173939781
0.24087779341991505,-12.659501765576735,-56.32564080520372,2.4944825626889156,15.383333113886128
0.26303360337593823,-12.668845318917292,-56.5719942039681,2.4633473426719377,14.9898516855146
0.28175569191109573,-12.666898956900427,-56.87089167632468,2.4181138060295524,14.804723266768445
0.28534465746988863,-12.667036994037304,-56.8950481752781,2.3309428577141915,14.07681146890185
0.32840622267471986,-12.67805171511675,-57.18270099767634,2.3343827431836246,14.273672744411396
0.44171976368785787,-12.756606057860074,-57.75790772522301,2.354238970527632,14.08252957194778
0.44426694241024256,-12.757747896597696,-57.78056883247733,2.2409320691927235,13.38687915807071
0.4699857920511513,-12.769277036091895,-58.009377908593,2.2871835076432347,13.030316471224802
0.47305493362648365,-12.770652858177389,-58.03668268536665,2.245625613593603,12.814850501075185
0.4993982539164491,-12.785096330368798,-58.28281810949739,2.220024196627122,12.52943156234465
0.5315159520012719,-12.802645548687659,-58.512176017317216,2.2271696370305705,12.25496666875752
0.5705381314864161,-12.819632083717343,-58.78131879295059,2.232962533782839,12.025621298445966
0.5701430726613158,-12.846550145858869,-59.06605727910505,2.2209380100820084,11.726895945187872
0.6021944933180452,-12.843345003793196,-59.33528921262158,2.2203723899036305,11.455394310859567
0.6469720965511806,-12.863768971551181,-59.68022391534846,2.240609770783365,11.220718436071863
0.6467045605155318,-12.863501435515532,-59.70323201441426,2.253784570866273,11.00802876716649
0.6465959789445782,-12.863392853944578,-59.71257002951628,2.300368091223717,10.744941921668484
0.650566139427597,-12.859935458209016,-59.96487650319947,2.308297677648042,10.536764751835424
0.6697048382096876,-12.855518835413148,-60.20190192657767,2.339412273905367,10.301975093228059
0.681888226165297,-12.83602408252105,-60.439402843645254,2.3764200159745315,10.063592766894207
0.6837945366842266,-12.823525120245584,-60.667037838999846,2.3699646706044177,9.880804860325231
0.682977404805135,-12.825023195357252,-60.674800591851216,2.5295332359264933,9.541816982671955
0.6984319759448395,-12.841796875,-60.85193287013108,2.543461843184133,9.309417175632595
0.7285627199807162,-12.822016523785354,-61.037937242294305,2.6159055407050147,9.088572955842169
0.7369331134493552,-12.820580454311694,-61.207671858306625,2.601056382286643,8.901695052875223
0.7422731026426039,-12.826806026929585,-61.36683816568643,2.622399526157963,8.681691368541138
0.7423483196704802,-12.82650515881808,-61.37511203875282,2.637887358610854,8.459056753424985
0.7436903456584354,-12.82113705486626,-61.522734897427895,2.615112649476373,8.277809526306426
0.7467815192753631,-12.804108365510261,-61.665799903469214,2.623128068399936,8.075179404475316
0.7577849490636113,-12.736253881816063,-61.86936335455181,2.6574994621006454,7.842524619642561
0.7738607488291089,-12.72705078125,-61.9803063995592,2.684511090661246,7.685998726331981
0.7881608411533401,-12.728524987956668,-62.143523783623415,2.6781162743913995,7.491396363272848
0.7671070993261289,-12.719525955055198,-62.303223050489876,2.725096096907052,7.31179664859862
0.7626916127103907,-12.71799751738052,-62.31273332935454,2.7557398655346645,7.057891164134394
0.753471871697276,-12.679992612492024,-62.45079506068288,2.8043414520268186,6.9620894016144454
0.7601799825786548,-12.651089973732455,-62.56839148559474,2.7960169289662247,6.712060914188497
0.7549452626015218,-12.631459773818207,-62.674394565131685,2.827739816411153,6.476542462433696
0.7026511861995134,-12.558027703794405,-62.79546984172263,2.8297467264635543,6.3279470339471375
0.6995166365238934,-12.521980382524774,-62.94122640163896,2.8024992125988746,6.180179490169125
0.6721346740160479,-12.50732421875,-63.0927348288933,2.8932467287553294,5.981574662632703
0.6699681292178865,-12.50732421875,-63.1003899538468,2.915154200057458,5.791107039337696
0.6588807231028562,-12.468959029689987,-63.20524300529645,3.170976094105697,5.3578041248478705
0.6426095115135925,-12.428368266447695,-63.294183791939865,3.2292679585148534,5.21620829824394
0.6133903446063375,-12.395097484161548,-63.395164859159024,3.2942725123948833,5.031366119758227
0.6125876269665448,-12.392368244186253,-63.404155296724696,3.337035405232484,4.90200270178432
0.560702636336982,-12.311189008747068,-63.55307071259285,3.4123086628602266,4.748611208068789
0.5132516757069325,-12.250796877036096,-63.62640401538474,3.45918822489395,4.587149253097861
0.5072380664418816,-12.243143192516941,-63.635697775158,3.495067499761433,4.423890319760026
0.498046875,-12.2314453125,-63.64990234375,3.571138900974816,4.257030971116158
0.49589056345574606,-12.163837327977776,-63.70358066128698,3.5933632826838675,4.115227430238478
0.48957775211422616,-12.156209347606774,-63.71331291210515,3.655285838753514,3.981554949601804
0.43313725622615357,-12.09377497587412,-63.812422801843624,3.786149097659731,3.815922657727167
0.43192552850269267,-12.0928229040914,-63.81536556917203,3.8155449445773257,3.724262464489098
0.4088953640001056,-12.073498862706,-63.86905592630863,3.8005945077104855,3.5420131413144107
0.38060115231486374,-12.04187592023426,-63.920651253499365,3.8981321325807414,3.427920995353507
0.35958053999901723,-11.968566967772427,-63.977644893475606,3.902329643110889,3.275305566967135
0.35799671216819423,-11.959943905137946,-63.98310030044844,3.9364030640826257,3.164180870094173
0.3383315463910242,-11.90965935786655,-64.02789446015501,3.984675523988386,3.067297065909062
0.3071448768628947,-11.90398905431598,-64.06900416089664,4.004738677470641,2.92646019636559
0.31821808284607017,-11.836355135173035,-64.11543343227325,4.003002721389947,2.9255049510103515
0.3154161425754691,-11.834954165037734,-64.12131750684152,4.002901945072196,2.8052983917557075
0.2980412979283191,-11.806712254915489,-64.14873139826194,3.9826660849781064,2.6486421735625862
0.29713190943602197,-11.802468441951437,-64.14888296301066,4.0823840433121745,2.529144133544056
0.289365693381415,-11.76622610036327,-64.1501773323531,4.104995009717939,2.4250066534198162
0.2551871980317022,-11.749287659760567,-64.17597853347534,4.181576952733977,2.318739199076085
0.2141540094312807,-11.723255076277402,-64.20065841133516,4.245856978827206,2.199455187606578
0.19394999866109683,-11.700080752597472,-64.2165921901778,4.266491791013905,2.0972184577634847
0.17656183054841473,-11.696919267486075,-64.25136852640317,4.320828799560644,2.024703488946495
0.15848324972122443,-11.689183099725172,-64.24913256548759,4.3826730048819655,1.960542541239397
0.07477308597454302,-11.649918406368538,-64.2333243514662,4.407455255143759,1.8886612421746916
0.06778121653355024,-11.62754442415736,-64.25150321201276,4.43850416878152,1.8127552576384078
0.023474567986432857,-11.583305635876737,-64.27595560119342,4.557176536634827,1.6585491524708322
0.0041725251606901225,-11.519182383288227,-64.33413039686232,4.6083945755749625,1.5825712188027516
0.0035076631744756434,-11.518137600167034,-64.33603000253721,4.643657408739671,1.533853261202335
-0.006709928280379143,-11.507366221823206,-64.37152427254831,4.719506960356739,1.4270647719943599
-0.007324934914931064,-11.507161219611689,-64.37418930129803,4.742526100709426,1.3391119317775446
-0.008309482653912438,-11.50683303703203,-64.37845567483362,4.754783180254151,1.2961069353546926
-0.03557502691865451,-11.497982623460398,-64.39941231156942,4.8044918491015665,1.2013354136830126
-0.03551991066904428,-11.496770065968974,-64.39979812531669,4.813540079839413,1.1337498950511546
-0.03428695102997349,-11.469644953909416,-64.40842884279019,4.849854961060657,1.0983866393287318
-0.09345619856573338,-11.487437116324712,-64.41917289952191,4.939867017513464,1.0847593401187787
-0.09382760377167541,-11.4864467024422,-64.41929670125722,4.9646913303798925,0.9945763457156036
-0.09823402479221324,-11.474696246387431,-64.42076550826407,5.036369780884428,0.8979154578843868
-0.12044951715396507,-11.467691376409604,-64.40714041611723,5.090860874105644,0.8333725594173527
-0.16112215880394085,-11.457462843064796,-64.40161806231313,5.12700626370173,0.7947884238743782
-0.20647671854376548,-11.445294546549233,-64.3982994359907,5.224023562148616,0.8297937184934898
-0.2672148320779382,-11.438908064032931,-64.41066726745362,5.2933190632708005,0.6947992529352535
-0.27264902791179035,-11.438713985610294,-64.41241397325736,5.3469359951374,0.6404161049427881
-0.281067933048736,-11.414747022905237,-64.39191486415072,5.382483395630587,0.6539627238954797
-0.303152271145323,-11.348326129259211,-64.37794537247778,5.456072122178384,0.5574254174072375
-0.3508614850734254,-11.376329363521359,-64.33853341314587,5.508843645184257,0.5241525970020043
-0.3984147123907773,-11.404241040425022,-64.29925031231849,5.595888546810457,0.42123485893074575
-0.4847239662993604,-11.390916665218299,-64.25545962527809,5.647571102084967,0.4131525814285074
-0.48833257656076196,-11.39026055426168,-64.25086684858175,5.776337931710685,0.39116157765504533
-0.5346410834086485,-11.381840825743883,-64.19192874895718,5.861012032659616,0.3037257262463999
-0.5864609886839165,-11.33147876695874,-64.15918175852552,5.933676947997768,0.28695372993179213
-0.6284142164555276,-11.3253202527605,-64.1454585868547,6.060331293685692,0.22959470309610702
-0.631144196441309,-11.327906549589136,-64.14387807212609,6.174056029841111,0.22422614592773776
-0.6737751329820745,-11.36763620950163,-64.09683160888885,6.274853546588247,0.11064718537884785
-0.6886962414845272,-11.366279745092315,-64.08530166140969,6.341769903997118,0.12040216118869344
-0.79318781972338,-11.315652457725465,-64.02668654082986,6.397728113451208,0.06521555493098272
-0.7912441310036946,-11.310210129310345,-64.03251760698892,6.483756469059131,0.005600786363439244
-0.7630483686993047,-11.286680502245074,-64.01623209824015,6.593012385700234,0.034838806671127064
-0.7641837310496331,-11.2872997907998,-64.0174706753496,6.654244894737133,-0.10491246988581192
-0.7649645284134801,-11.28772568027099,-64.01832245429198,6.742691584602795,-0.19496121248781723
-0.7661159216275589,-11.288353712933214,-64.01957851961643,6.777784504428652,-0.19971081042631988
-0.7669268947349362,-11.288796061900875,-64.02046321755175,6.846589166158111,-0.3213342682832313
-0.7724265159223921,-11.291693500169938,-64.03864306190522,6.842876603607024,-0.281719023253072
-0.7584410728706222,-11.27999833310311,-64.06786835432783,6.848647231852453,-0.3544460050197028
-0.7582013319236655,-11.278799628368327,-64.06870744764217,6.8258471603399755,-0.3652664347391376
-0.7485178001560073,-11.276742848160424,-64.08790798109399,6.8204040990931105,-0.39431001297647167
-0.7467271592391992,-11.28191581080898,-64.0896986220108,6.825072696303025,-0.4449338899625139
-0.7355181915853141,-11.314297272920204,-64.10090758966469,6.842562478107453,-0.4497277189241664
-0.7221201206463991,-11.284090332607732,-64.12145116956907,6.828799935504378,-0.4908888331418636
-0.715953397758897,-11.283062545459817,-64.12556231816073,6.818448247525566,-0.4265149481295169
-0.6956307837356566,-11.29292532741394,-64.14289640873565,6.8012038421835115,-0.4745023407432869
-0.6926767571062882,-11.297462889212577,-64.15775175936616,6.832925679111838,-0.5258985490469409
-0.6795436253985603,-11.27119662579712,-64.18664464912317,6.8055069167581195,-0.5481804615236056
-0.6594356146399247,-11.274158135360075,-64.21648976243209,6.829781002258599,-0.4774334994278718
-0.63720703125,-11.290236279053063,-64.25259473670197,6.800233543480871,-0.6103125566836612
-0.6168959158673895,-11.253610741550725,-64.30977970811377,6.80437814926556,-0.5412569418347365
-0.5935671490565054,-11.246541418274699,-64.32179755768301,6.735277879057975,-0.6017917089987961
-0.5651132617024603,-11.237919028167413,-64.3364556208654,6.711340142630945,-0.6405314535721832
-0.5040598165302377,-11.247485595223791,-64.40418692783535,6.659911606404535,-0.6428499468194009
-0.44908886558068245,-11.240874997857576,-64.49943099529646,6.619312631248718,-0.659131991722663
-0.40508596576321626,-11.2294593087182,-64.55946677567759,6.532700543598864,-0.6925048662243825
-0.33698376630938504,-11.217793574156044,-64.60981216512312,6.468192308423099,-0.6643075509878851
-0.1836493686538666,-11.195769562814538,-64.73666713228975,6.351939432154239,-0.7454640907451513
-0.17757440647593564,-11.195563631893252,-64.74212430170383,6.2402367552642914,-0.7981877119231261
-0.17142286914450133,-11.195355105204051,-64.74765025896765,6.131458330756317,-0.8052012008460705
-0.06537636720472788,-11.21508102100699,-64.84492774109387,5.979550313522552,-0.8631090305506706
-0.05609117575416308,-11.218257270168484,-64.85357234441432,5.829755756610467,-0.9067048553299613
0.03807695383677305,-11.211408678925508,-64.94089188276229,5.754276011246404,-0.9100531689260227
0.04997752724904464,-11.210543182677343,-64.95192695992638,5.637026809920869,-0.9483338964942695
0.12949961422299974,-11.201382685626815,-65.01122324832487,5.470279408429903,-1.0218826474651972
0.26247920472338204,-11.190575458311587,-65.12243728796973,5.371732474334621,-1.012748556151234
0.32406660808650833,-11.191947029129697,-65.18475940680455,5.1763512161508345,-1.0384857425621181
0.38536731186390916,-11.189095833605167,-65.22752733967249,5.0689022398120045,-1.081168124786509
0.49072265625,-11.16455078125,-65.29052734375,4.891796894074574,-1.088074958467639
0.49072265625,-11.16455078125,-65.29052734375,4.771024829184412,-1.1237575594220715
0.53241288512792,-11.165543405747094,-65.31980976641425,4.594053616416545,-1.1691973824230137
0.6838062079895697,-11.169148008672371,-65.42614555270994,4.452348735213505,-1.1788412182934054
0.7097227775393977,-11.162472595605301,-65.44576843995017,4.261111132519844,-1.2199796325527832
0.8203641787311676,-11.110982741878532,-65.52873319061912,4.129473934016218,-1.2477514691247062
0.9206217625248901,-11.092803779656798,-65.57962737703465,3.9486454917993115,-1.2893400252589253
0.929264232416078,-11.091338954251512,-65.58724446914214,3.775300720464486,-1.3555261201426345
1.0094384286827967,-11.077750107426645,-65.65790647263145,3.5890769295647544,-1.407834919181414
1.1028931572774503,-11.087422335414082,-65.71588028749224,3.4247390765134185,-1.4895438797901206
1.1837103875171604,-11.083464790871831,-65.76068815573917,3.2659206274315977,-1.5479730931346707
1.2561926014077174,-11.048856548092798,-65.78750464511435,3.1488698244758098,-1.5737756336752164
1.2688642121232967,-11.047556895711713,-65.78896675404307,2.957037862687656,-1.6648341808322278
1.3509590569225973,-11.039136911629734,-65.7984392361353,2.8390218308438335,-1.659673616465458
1.4436794581179742,-11.02151289421773,-65.81686601203226,2.650154011782064,-1.7896252106171473
1.5562726769428108,-10.987494304657297,-65.84010803318047,2.4616354366194173,-1.8792393468472233
1.63818359375,-10.97412109375,-65.830078125,2.3328569398508847,-1.8440971904075782
1.6672939832312221,-10.968402981530474,-65.83631606560311,2.1933656592952104,-1.9121025768948379
1.7519563366950457,-10.951772876385794,-65.85445799848823,2.018165374369744,-1.9314898274422037
1.7658902583832838,-10.949035856054177,-65.85744383884999,1.8813070055245618,-1.9624442060910796
1.8313781357948389,-10.931863136260498,-65.8580914592717,1.6994404739566136,-2.0531415331007983
1.934360918331737,-10.919178905804227,-65.87145546340072,1.5558818436567634,-2.050047822127792
2.049970162719535,-10.90660250916773,-65.86923644157181,1.3864369866238633,-2.164780968158035
2.141811947347267,-10.88715286500201,-65.84412994875402,1.2337517606721775,-2.177150454454624
2.153581509427068,-10.885444380183975,-65.84071297911795,1.1161060939551248,-2.22859500205277
2.2536393795331224,-10.87091985065245,-65.8116639200549,0.9155094219023283,-2.282152510173921
2.3203634842887535,-10.8576635450207,-65.7881632000345,0.6903251301623072,-2.3198916835190806
2.45361328125,-10.810546875,-65.7275390625,0.5091764256962108,-2.3655939145688905
2.45361328125,-10.810546875,-65.7275390625,0.32625979097656455,-2.4502927076256547
2.4983488087624215,-10.798948775274557,-65.71262721999587,0.1438609738400629,-2.493505824911961
2.653945232904376,-10.743750037902679,-65.60368173348657,-0.06463645603159307,-2.5167003449264107
2.6590353730533183,-10.741326161641277,-65.59774323664612,-0.2925167675697935,-2.5057193567654537
2.660862092622016,-10.740456295179992,-65.59561206381598,-0.47820520618505213,-2.545229365429412
2.7442349871530216,-10.745435741650962,-65.52944981967315,-0.7006960985981721,-2.615228280878177
2.839945781154112,-10.756374475011507,-65.46241837507671,-0.9050441487335519,-2.6587092529511795
2.9439198504570747,-10.702705031548092,-65.3796367311705,-1.3922501726856638,-2.253738347245994
2.9998122380990444,-10.687250106443974,-65.31021874158203,-1.5089695474331677,-2.3296751417042394
3.00318532415298,-10.686905913989492,-65.30519353174658,-1.7019666573367402,-2.316791422104896
3.037643807541111,-10.683389742215192,-65.25385742384181,-1.8610283762565984,-2.421042365028097
3.080286843304399,-10.679038412035265,-65.19032800321487,-2.005543568030589,-2.49017291196398
3.1478716735567565,-10.66261704254831,-65.09776199344533,-2.221815800802034,-2.427169108402102
3.5955051097749444,-10.538165819271287,-64.45020544771896,-2.414339887621665,-2.4498143666023573
3.7528010502572666,-10.509864627899086,-64.16618714132365,-2.636268429192455,-2.4972956335357455
3.9167793538004165,-10.468063486050069,-63.78295687944889,-2.7858041636021085,-2.4950230079699596
4.015932526897645,-10.446849645490943,-63.517162023241625,-3.0458005939493944,-2.463729446273936
4.020288095542804,-10.445107418032878,-63.5095397781126,-3.2623663536152065,-2.495731864250436
4.024584285946609,-10.443388941871357,-63.502021444905935,-3.414360936028828,-2.518666562486614
4.032921689600173,-10.44005398040993,-63.487430988512195,-3.6474554134337183,-2.4934630769526533
4.041342921359178,-10.43668548770633,-63.47269383293394,-3.863510760210815,-2.5124602152990305
4.067612553901472,-10.426177634689411,-63.426721975984925,-4.0702157209661465,-2.5617030293818743
4.069505671949328,-10.425420387470268,-63.42340901940118,-4.304840446298087,-2.582383622939751
4.078761691925006,-10.421717979479997,-63.407210984443736,-4.484996176463767,-2.6005988246990195
4.084395639178127,-10.419464400578748,-63.39735157675078,-4.720047210722342,-2.5814792240661215
4.090437446123761,-10.4201854121844,-63.37731111257552,-4.886433412551767,-2.622686420043995
4.093348321465719,-10.427462600539297,-63.34674692148496,-5.036115570903775,-2.6168262959236728
4.094797265788261,-10.431084961345654,-63.331533006098255,-5.2218379540066735,-2.6499813221671444
4.09593044785255,-10.433917916506374,-63.31963459442323,-5.365918304703143,-2.652269093111799
4.096785343555274,-10.436055155763185,-63.310658189544625,-5.477796682528279,-2.6261222591652755
4.098384562513061,-10.440053203157651,-63.293866390487864,-5.603059208622213,-2.742911109694
4.099512212052363,-10.441821196568307,-63.28552169015256,-6.229454155504385,-2.7583721610694383
4.109899750389004,-10.439873533130188,-63.269291161501556,-6.424978131532853,-2.632910711219708
4.113388102815488,-10.43921946705022,-63.263840610835175,-6.7808842044862985,-2.649331274882022
4.121598063576808,-10.437680099407473,-63.25101254714561,-6.951727865270513,-2.6133874222995694
4.12560790707311,-10.436928253751917,-63.24474716668264,-7.34281068756799,-2.546335605012396
4.166369651043476,-10.441987695998282,-63.144989914468546,-7.499386288122565,-2.581787124957596
4.210172288708749,-10.439665683692015,-63.07761606662243,-7.71413738728603,-2.538948784174592
4.21606314154835,-10.438029335681014,-63.07401610099823,-7.896400784616446,-2.496271121347917
4.242881075474183,-10.440855197082454,-63.02061637661354,-8.07424615054073,-2.512651393374037
4.2650353911375305,-10.45054771018517,-62.94999949543662,-8.176903741589712,-2.517436346133816
4.3204105844157885,-10.434101790855088,-62.87730522984333,-8.330996945330469,-2.454755973246825
4.289407321103475,-10.41756671708852,-62.838034429647735,-8.50685969382478,-2.459045311710175
4.35063963367358,-10.409646490280569,-62.68491182420888,-8.669624626435109,-2.413011445213406
4.3516680519133395,-10.409235122984665,-62.68210081435354,-8.908135337043376,-2.446068098072243
4.37689918613185,-10.39914266929726,-62.61313571415628,-8.996741235773484,-2.4718993594741288
4.382396515518224,-10.41303143685934,-62.55596325989465,-9.212530936337274,-2.444379491524755
4.4017588868585635,-10.41207353851914,-62.49823448302455,-9.348833033560538,-2.429507789366088
4.470269491564797,-10.3719257680216,-62.42623250785961,-9.470435145595857,-2.3862151824567337
4.510344286879492,-10.385284033126498,-62.33940378467777,-9.601981695775365,-2.4298017535813323
4.511234784112497,-10.385580865537499,-62.337474374006256,-9.718776439019834,-2.4539699906297527
4.529899606242566,-10.391802472914188,-62.28794349793649,-9.957332181244425,-2.386107510473139
4.530235117586133,-10.381647160110742,-62.181297156865234,-10.064540117049575,-2.3858901207459966
4.581254770981794,-10.38633457863575,-62.04861232289894,-10.155604467601691,-2.416946548637276
4.59157193255646,-10.370121896161278,-61.94396682692734,-10.649404109765385,-2.4788633852832693
4.60383878834561,-10.36206932717729,-61.82420484618036,-10.838410065150228,-2.180800986636994
4.6192964978558955,-10.363668424532662,-61.679291498690425,-11.000230671854041,-2.174065427591145
4.770884992306065,-10.298564783301716,-61.08702242728009,-11.101840814193864,-2.115097569637265
4.814585296725126,-10.237212921425378,-60.57851603778857,-11.376031904605696,-2.1489656441871876
4.837280877293041,-10.223326730935439,-60.2902436231391,-11.529826310727458,-2.072211964494642
4.841833968066459,-10.181141574795221,-59.724682364582385,-11.817274901394086,-2.071199614006905
4.913655270209787,-10.118978522080425,-59.39973001973926,-11.999277172640163,-2.07808213303074
4.9141265163078405,-10.118036029884319,-59.39399652554627,-12.099446651975938,-2.001632077007209
4.9225427779562985,-10.101203506587403,-59.291598675490036,-12.300367091482912,-2.0279204143818235
4.922934945085843,-10.100419172328314,-59.28682730874725,-12.49798167957151,-1.9523675630481827
4.923067819271025,-10.10015342395795,-59.28521067282753,-12.624433025000542,-1.992350685066704
4.924371857748422,-10.097702459582019,-59.26960364501183,-12.799828842621437,-2.00291688793666
4.9247877439865935,-10.098049031447161,-59.26648449822555,-13.040514705375045,-1.9456520209058874
4.925899854593848,-10.098975790286541,-59.25814366867114,-13.124623734788187,-1.968680189233429
4.929698282235805,-10.102141146654837,-59.229655461356465,-13.29880720074162,-1.8968153023741379
4.930584479330967,-10.10287964423414,-59.22300898314275,-13.70766738220442,-1.8553035093108436
4.937570496017244,-10.102194368719845,-59.13993820787505,-13.82214213477566,-1.8139245675252291
4.936216477356942,-10.094747266088186,-59.12030493730067,-14.688771495057395,-1.6658253660130264
4.9357588821388045,-10.092230492388426,-59.11366980663767,-14.806649982456378,-1.6779750356401235
4.935189483551488,-10.089098800158185,-59.105413527121584,-15.395103933406432,-1.7519035959053888
4.933796923510324,-10.02090327392085,-58.9480565478417,-15.536169446431316,-1.7219692653361842
4.946142249248782,-10.002137513721951,-58.826093235426825,-15.629435776118953,-1.7322006959176015
4.9467178734812824,-10.002265430218063,-58.82129636682265,-15.740390331654538,-1.7040325525004962
4.960120762321281,-10.004439721071469,-58.713691914108004,-15.805106286890506,-1.68250894298156
4.977009242575292,-9.999833771911284,-58.61543166535739,-15.943230158808433,-1.7138537296874239
4.97314453125,-9.9560546875,-58.388671875,-16.158818852945586,-1.7138164330653742
4.97314453125,-9.9560546875,-58.388671875,-16.289151797716826,-1.716701686053521
4.975210258519069,-9.953759434978812,-58.3739822588644,-16.400583537150865,-1.6762756479987684
4.990549401704852,-9.936715942550164,-58.26490390732105,-16.48758967286237,-1.6641082638507405
4.986129809813515,-9.912542447416218,-58.200966053097304,-16.555982051925824,-1.5940401055865012
4.977512167256594,-9.892062948506593,-58.152826159753204,-16.681120019516342,-1.6475415987347686
5.020467032262696,-9.89421444203662,-58.07611959778027,-16.77393238953978,-1.6817617548071855
5.019486984614714,-9.894144438633194,-58.07653961820084,-16.782040373475652,-1.6093878846095595
4.960260965737952,-9.911226939006024,-58.076613092996986,-16.8548141965354,-1.6783842522618395
4.954805906866101,-9.91395446844195,-58.07524932827903,-16.86988153677082,-1.6638015170564635
4.94695924822697,-9.936208055981426,-58.13492331575929,-16.905358644926267,-1.6208808967098405
4.949339689333693,-9.93508784840179,-58.135483419549104,-16.966995149798663,-1.6305114358450088
4.950207634783376,-9.934679403484294,-58.13568764200785,-16.950861508280383,-1.591576422921123
4.952529480416703,-9.93358677024508,-58.13623395862746,-16.957059970486924,-1.612878136320364
4.954151842586363,-9.932823305694653,-58.13661569090267,-16.95211946650015,-1.5847363400865864
4.982611663640365,-9.922173492609634,-58.15711441955197,-16.919739398783477,-1.586025709758408
4.96683642325575,-9.93794873299425,-58.19542571762889,-16.87739561794521,-1.5992234511299905
4.955244645558306,-9.947909146383388,-58.24167755317198,-16.83530682485889,-1.5863445621324315
4.951231130435699,-9.964429249997366,-58.288589032608925,-16.775921511913907,-1.5054992261090099
4.955096366654621,-9.990850432362718,-58.317163743583805,-16.765424929195277,-1.5339131717140093
4.95592560961953,-9.990739866634062,-58.31904336097093,-16.69337293170541,-1.481482422136877
4.976366321908975,-9.988014438328804,-58.365375642160345,-16.62367886706224,-1.5375213384837059
4.938126021194827,-10.010345890194229,-58.433329709110495,-16.55407220639401,-1.468366752263944
4.901899741909394,-10.021881280363601,-58.52409849124902,-16.46409556333147,-1.4789216299350467
4.891242362176677,-10.036838369273346,-58.61626905602669,-16.4001040396183,-1.4104340340562018
4.892078997812546,-10.037794524285767,-58.6180020869867,-16.310888422559103,-1.3811107653858214
4.908775337920177,-10.07358358832719,-58.6775455287421,-16.24759181124189,-1.39492058028433
4.8961307500048745,-10.095711617178969,-58.705995851551535,-16.171153755283072,-1.3276461902130394
4.920897825717656,-10.135712565393613,-58.81353152423637,-15.994745283390074,-1.305036602086893
4.9021693282430086,-10.170960730984639,-58.97019999298326,-15.969440026328812,-1.311550396656685
4.862630377678679,-10.188639153571321,-59.1003135129457,-15.774144978100367,-1.159578159019163
4.862239971524971,-10.189029559725029,-59.10298128832937,-15.688576471764776,-1.2000347133044615
4.852231471828937,-10.199038059421063,-59.17394100926106,-15.560182119940507,-1.1425056335970478
4.8345963192705765,-10.216673211979424,-59.32971819019324,-15.41473456453815,-1.135294228271851
4.827310158388458,-10.245599231580748,-59.48785199910185,-15.254587184198158,-1.0286018888641182
4.798730367130593,-10.295577116935483,-59.668099432557234,-15.116546139646914,-1.0132411619571522
4.766595806293925,-10.34132226473943,-59.86484179067601,-14.939606380636405,-0.9729089188818437
4.766103576876937,-10.342491309604776,-59.87302510473343,-14.750863865505465,-1.0042759765589089
4.754218487280851,-10.370718397395478,-60.070614719268356,-14.557146237797653,-0.9586473636861534
4.748837517326865,-10.384953940112357,-60.14566449879545,-14.357023264836798,-0.8453259566310688
4.729108164202032,-10.44523807466046,-60.34076587969658,-14.139382146000557,-0.8926192162961324
4.709555698164352,-10.504981720886702,-60.534118043846966,-13.992971850444675,-0.8234653990542405
4.669512940291175,-10.541348062536471,-60.717379554162946,-13.734373403268506,-0.8211326859324011
4.6678033189984385,-10.542601784817812,-60.7237621403225,-13.527179933431825,-0.7836167444846602
4.633592325124657,-10.57468833793128,-60.86356122493265,-13.296593435633056,-0.7370594763007527
4.6106356085295355,-10.627143098495132,-61.02510081942754,-12.92516744959812,-0.7883847369157668
4.59061452311716,-10.682586104252481,-61.217611256085,-12.872526029493244,-0.7569788050990306
4.598695071142206,-10.682219031584093,-61.39329083675615,-12.57514107073763,-0.6215818509440596
4.583582008339443,-10.691316039681086,-61.44475835089809,-12.310673607714534,-0.5658058089635124
4.492726917227788,-10.76226939020775,-61.74156825677656,-12.08877087880444,-0.6664030440889471
4.491468923201189,-10.765540174676909,-61.754399795847874,-11.915614349127424,-0.46934992746532767
4.423118221722853,-10.870958638412882,-62.10508631213301,-11.827690257085166,-0.3874752292767387
4.422866754091655,-10.872467444200069,-62.114809727206,-11.63694626049795,-0.39849446905440417
4.4178096265393085,-10.902810209514149,-62.310351992563405,-11.427826375171222,-0.440477396625042
4.375544280048657,-10.957139242073147,-62.480397671580945,-11.25499947834561,-0.3560525437708934
4.3155129412095325,-11.021598541479317,-62.653683537544964,-10.9900657337991,-0.2794349529476573
4.264411763718857,-11.06021892115013,-62.807999254993554,-10.793086482921595,-0.22296217250539427
4.261662706722508,-11.06208118556701,-62.818108690399484,-10.581081851242757,-0.21300762371107462
4.220283807184279,-11.090112052996133,-62.9702762564433,-10.382808987058908,-0.1360825904994788
4.157917168436229,-11.125942738630492,-63.12393026722615,-10.17446382578872,-0.08304773343169408
4.126880209995214,-11.1737393182634,-63.32411716755743,-9.901635112043536,-0.06714984952359562
4.125660805214316,-11.177153651649915,-63.33875002492821,-9.644802842411579,-0.023032123372650825
4.1057952812939265,-11.209069101167467,-63.4685158972524,-9.41949215371784,-0.07871244853286936
4.07207001508141,-11.226734716802595,-63.52151274415778,-9.155950691050634,-0.008141963688746158
4.017705065138797,-11.28414641035364,-63.6550999093563,-8.98757317688316,0.08654184231865564
3.9852068716229185,-11.307407215605439,-63.794764208655664,-8.734847008987657,0.10101457615515927
3.9267583233613204,-11.342828406178072,-63.948213681438325,-8.476677750922036,0.1470071987170723
3.9196699181967984,-11.347108197975517,-63.960250595868644,-8.191265142148282,0.15215588816177888
3.834105083713476,-11.398442413596477,-64.10603949679088,-7.98007566375891,0.1255802353996311
3.768497618740907,-11.432377309271944,-64.2259427948442,-7.685120600089888,0.20743809689660567
3.7323128221175836,-11.456014358991114,-64.37291453112748,-7.436790346150985,0.16953928358917947
3.688710429564983,-11.51131495442368,-64.47713488405809,-7.234663449146694,0.17506461685004107
3.6436847979899047,-11.568420633494512,-64.58475712538389,-6.925911401137441,0.27118057411707824
3.636128693356827,-11.57340723632954,-64.59786475508226,-6.676968331955706,0.2627615994720947
3.5742579420194502,-11.607779875961416,-64.69823286280733,-6.462435778570196,0.33932926907648153
3.5048949238463707,-11.642350211481935,-64.8019118520482,-6.249654770405272,0.30878288728248665
3.4447651475368213,-11.667186423435878,-64.88034199506066,-6.02920978942457,0.3722403962240703
3.392887267505077,-11.72382329008756,-65.00526376767512,-5.745553129946131,0.4549119442235117
3.386227938795337,-11.730142385848445,-65.02034589540155,-5.565235722784365,0.40928238388757765
3.313656467543745,-11.736491661277274,-65.09597178092785,-5.376961374648602,0.4382313205155755
3.309619248488548,-11.737470381048231,-65.10123239969674,-5.155726464717347,0.46428090145552636
3.2586265042701865,-11.733995293090063,-65.1776797845497,-4.9937213156171225,0.44810912711775636
3.1624974685283447,-11.797482606754551,-65.31903621339828,-4.805090501533442,0.5163558983614996
3.158667412611742,-11.799848229526571,-65.32185243098401,-4.597019582025553,0.541433730637253
3.111510987229672,-11.828974256968438,-65.35652627317671,-4.478707334980342,0.495392920400118
3.107735559685889,-11.831306138686656,-65.35930232284126,-4.300399142478653,0.5647960653513934
3.056739833220177,-11.848685559840828,-65.42054177903717,-4.139889243040244,0.5484845502219271
3.000369325674161,-11.861168798573795,-65.50095380158197,-3.9908045896785467,0.5641907425306844
2.9466113398017137,-11.924531257784476,-65.51373045318105,-3.9091182496781443,0.5932688402495349
2.9212043140086843,-11.91848405417464,-65.5495866354964,-3.7095027266373535,0.5922269681815024
2.887725282073337,-11.923443910757653,-65.59918520132653,-3.554112808509913,0.6324064508240335
2.885524782321718,-11.923769910720857,-65.60244520095857,-3.441279837699483,0.6809987596937378
2.846884067625041,-11.935944320638871,-65.6407442416597,-3.2973061330012996,0.5944452606546462
2.794605265972149,-11.951273829482336,-65.68531081498324,-3.133170442277418,0.6237581154251106
2.744006187259574,-11.960480242843945,-65.73733571159394,-3.023730127822745,0.6219441034156982
2.6902177721701084,-11.9677734375,-65.74621351850571,-2.8634707488704976,0.559020592117631
2.6383225493066664,-11.978397073609049,-65.75604934097095,-2.7490628581753924,0.697386743540483
2.637354546991814,-11.980194792193775,-65.75715562933078,-2.6190502795014794,0.7263150333939733
2.6296925436547127,-11.994424226962677,-65.76591220457318,-2.5632514901041787,0.6887032798522743
2.5779726148839806,-11.995927778985413,-65.75948579604443,-2.418565547073513,0.7002098494134774
2.5242604075611887,-11.993809413243007,-65.74561912696679,-2.3281598457424195,0.7204935237168815
2.511463186653643,-12.001807676310223,-65.72642329560547,-2.2606704499691403,0.6621823083529622
2.491732044380252,-11.990361574317227,-65.73736623555672,-2.147422411239191,0.6682350982318934
2.485800810708899,-11.98502346401301,-65.7438905925952,-2.08216995330703,0.6781562345912452
2.4497681106239435,-12.008199021598044,-65.73418173920098,-1.9810122726966597,0.7073574613473953
2.398988862238666,-12.0263671875,-65.72166084272502,-1.8855607020556278,0.7847140004328973
2.3961565979718213,-12.0263671875,-65.71958384892933,-1.8622616055120176,0.7200133385190901
2.3897014765722644,-12.0263671875,-65.71485009323632,-1.7412160672420072,0.7506973737289918
2.3271127428187848,-12.060352909327664,-65.68828259682766,-1.697746774679075,0.7594873952567398
2.329016667379644,-12.059536941658724,-65.68746662915872,-1.6094219646288792,0.7870468930960315
2.3411962748196102,-12.054317109898738,-65.68224679739873,-1.5299854913781417,0.8359202402131363
2.2747844038749347,-12.104454241942905,-65.64765476848926,-1.4947334629769955,0.8657764737087896
2.2702091501008588,-12.107853001889362,-65.64543250237041,-1.3872752257263983,0.8284146726864928
2.2494294789020524,-12.097689285147254,-65.62317316171095,-1.3171821005745414,0.9351133084600084
2.2356129248390886,-12.083276989377664,-65.61590731719416,-1.2628315594583341,0.944470027750147
2.2349722600868707,-12.083643083521789,-65.61682255255447,-1.2016574905701276,1.0177452319966804
2.219214961017455,-12.10946828093018,-65.60452279993224,-1.1846666439301146,0.9911561765755276
2.181255764546391,-12.112678604917525,-65.57681926898798,-1.1185299727016371,1.0442319912177354
2.136500899150039,-12.104541356663644,-65.55918856443789,-1.0122791034643512,1.0923528200919466
2.132418050398013,-12.10406858546089,-65.55526961289802,-0.9989160155855075,1.0977116258960755
2.119002278940124,-12.102577944187791,-65.54185384144013,-0.9341734335792609,1.1775222079911996
2.1182545745488737,-12.102494865922097,-65.54110613704887,-0.8738822948113665,1.1624220881294607
2.1182805201531085,-12.138117046519652,-65.49805602826173,-0.8746041622319751,1.2562921882266909
2.085556905365493,-12.156816254969717,-65.44974973976572,-0.7742777233289644,1.3607870488802005
2.0170227834462886,-12.197517799154948,-65.37399280094186,-0.767958517363013,1.3660098828396299
2.015942064263366,-12.198958758065512,-65.3716255113031,-0.748062659320226,1.4492557060605105
1.9786272694912472,-12.24871181776167,-65.28988834180225,-0.6233520024136538,1.4473436512512439
1.9753184831395878,-12.253123532897217,-65.28264052407957,-0.642439444120015,1.5349295860935415
1.9569688559494887,-12.25440487124021,-65.24990640892423,-0.5075321745098762,1.6069075099296293
1.9340324913654,-12.235769075015638,-65.2155018620481,-0.4809238384506358,1.576576105104332
1.9091540757383936,-12.260947081592851,-65.15052199936699,-0.39528337569247185,1.7141716402847063
1.9075918514140822,-12.273444876187343,-65.09896859666472,-0.33987712523558855,1.7757420275566684
1.8687824589085626,-12.295979295020596,-65.0577125666495,-0.3547241872039848,1.752817020173986
1.8613830753892069,-12.299041108890673,-65.0551610550911,-0.32021949886704704,1.8412232086294633
1.8453208536055201,-12.273913568799022,-65.01260664577013,-0.2747660663751361,1.8436505268296015
1.8368934609215686,-12.289436091183006,-64.976188908817,-0.24015193540931534,1.9249197937002578
1.8228226810223813,-12.322267910947778,-64.94335708905223,-0.12448030000284405,1.9676759417125667
1.820894166466971,-12.278333703108753,-64.90338437799544,-0.17526806396519135,1.9674261867391942
1.7906641814893385,-12.323731637395289,-64.87500701187173,-0.19590478390850308,2.0782437462064927
1.7948696046834203,-12.321891764747878,-64.86396777598728,-0.14809653903911624,2.0885405747382935
1.823815857376384,-12.333514737554887,-64.7729919130632,-0.1245902437648283,2.1526147647333596
1.82373046875,-12.33477090481955,-64.77058962929135,-0.12205063907624947,2.146121794112449
1.82373046875,-12.34539245932906,-64.73872496576281,-0.13132802026784418,2.2151654436717236
1.8189772741910553,-12.352459359542456,-64.7011521505307,-0.10967100832812093,2.266410906809472
1.8015832555399118,-12.34950559730044,-64.64965461633815,-0.09461624031328597,2.240895307753348
1.8001580201647107,-12.356631774176446,-64.61972467345892,-0.10733752037501176,2.304568877842623
1.799977826825285,-12.357532740873575,-64.61594061333099,-0.10967161095170752,2.3305677263351705
1.7927690074580966,-12.357566144354049,-64.57978962535753,-0.09857116999755533,2.347865248935165
1.7751289282706586,-12.348950030828922,-64.51881638422934,-0.09727575450868642,2.3707827705405853
1.788335072358138,-12.365771684144326,-64.50428648699507,-0.11630236396092641,2.414517152516848
1.8204687421217731,-12.367057030934872,-64.43744845388672,-0.10403459899769985,2.445391598062052
1.8315176036729643,-12.367498985396919,-64.41446682186023,-0.10882365336217958,2.5324070481045986
1.848456468604374,-12.368140067318894,-64.3790189859802,-0.1353259604193795,2.5643556530448945
1.8700379620313492,-12.366479952439896,-64.31925485033626,-0.14133215785632558,2.5703344725351567
1.8955475655521878,-12.356323804418688,-64.26849505792171,-0.14683021722305512,2.6049539489392117
1.8898472204650247,-12.384790079331609,-64.23610488770336,-0.1866365050575638,2.543300708841033
1.8909190100110818,-12.38567743042036,-64.23382810394078,-0.23939680508763672,2.583420033093667
1.928067611034206,-12.379815700359657,-64.13776009997284,-0.27791666191478726,2.605470758454775
1.92901364963905,-12.378238969351584,-64.13239921454539,-0.3101858350280793,2.6253662912999554
1.9412236067787223,-12.379930849257327,-64.08864231334965,-0.3538078772386797,2.6397739957768778
1.9686549336559784,-12.386553831328351,-64.05808434289577,-0.40410357434073774,2.676035069709083
1.9983152487468567,-12.360156146605346,-64.05707888908648,-0.3979390557368703,2.744833063596919
1.9954122823025575,-12.358497308637176,-64.03800225245251,-0.469196250488082,2.746550596422506
1.9797545918552852,-12.355816055451715,-63.94789488204829,-0.4865553010114638,2.8112489116508623
1.9620806453947794,-12.387236404714837,-63.916474532785166,-0.5110994613523161,2.829612643384478
1.999582988737735,-12.387273272165531,-63.85821425145028,-0.5929429640507635,2.798890219748934
2.0510608247535576,-12.383506601237544,-63.78539194684253,-0.5777771489614594,2.8531013727559986
2.061520935453882,-12.360852353980588,-63.70411907682282,-0.6646645513009304,2.838210881680191
2.057867993238119,-12.351030772086704,-63.66865599721941,-0.6660934777199543,2.8819810701591004
2.032823164180991,-12.383231266588727,-63.64182225180106,-0.6883010089182307,2.942424366416632
2.0311352034722483,-12.385209753739327,-63.63968636314113,-0.6940514737094503,3.0249351038895553
2.01422697675069,-12.37870658961565,-63.57335408907963,-0.7224408620872822,3.019791008829579
2.0192426462939848,-12.380093634837138,-63.45784156933547,-0.7067259100192445,3.0772669860153705
2.0291982940374536,-12.406970615277308,-63.39905259897066,-0.7302439508849261,3.0803088773623344
1.9815135295817008,-12.477706287020172,-63.24778464877709,-0.7357483511881924,3.115293770039372
1.9792300210641913,-12.479023695780274,-63.24084629597389,-0.7262036045464981,3.1739176287594533
1.978325322659024,-12.47954563716787,-63.23809740466588,-0.7303078397957847,3.266570052571141
1.956926562786978,-12.49189107555559,-63.1730780958239,-0.7140853643976754,3.3290764711627014
1.956578320896297,-12.49267578125,-63.135046171849055,-0.7079517532091444,3.3092797256874866
1.9599805595628528,-12.49267578125,-63.02107117651943,-0.7422230088880468,3.383131588203495
1.9170275232532563,-12.497732704798047,-62.922800484658794,-0.7147594830661887,3.5152911110454705
1.9138830559986955,-12.499619385150783,-62.91431042307148,-0.7287955846337866,3.480868372122944
1.8741336154103363,-12.543314322424036,-62.75233368186924,-0.705758312803269,3.5849209342239257
1.8743101252142942,-12.54543244007153,-62.746685368142586,-0.7025713221826777,3.666236446653587
1.8201538956763785,-12.583092779101941,-62.667804481236246,-0.6565394967662286,3.703724379672782
1.779553064492648,-12.599361218085784,-62.57706050564584,-0.6049174775426422,3.8042337673176108
1.7758189817932013,-12.600605912318933,-62.56648060466407,-0.6050760938821895,3.9208118762531963
1.7309617975317741,-12.612375792642386,-62.460155343433755,-0.5483195544652517,3.997428630511295
1.5437301474870402,-12.684216431951036,-62.249413075641705,-0.4865921641801805,4.12828068210537
1.5298350972606523,-12.685328035969148,-62.24052024349682,-0.4162951663144412,4.1258969918906665
1.5157584821965637,-12.686454165174275,-62.2315112098558,-0.3787482372656257,4.24316684205501
1.4933542082677844,-12.691754074729252,-62.20740293031521,-0.2800338894885783,4.330444908541957
1.4857520699633038,-12.700623236084478,-62.17952842319878,-0.2639537013515252,4.378930141179854
1.4849703346755407,-12.70153526058687,-62.176662060476986,-0.1409381617962424,4.416113952246211
1.4652963924446523,-12.706662620362414,-62.17028082983724,-0.04034923331713003,4.5677944666652195
1.425956204193811,-12.713491831229641,-62.18547212184446,-0.02666027453679476,4.589953613762107
1.413543854799008,-12.722801093275743,-62.199436014913616,0.050053442123171976,4.635929400483985
1.4176133706466079,-12.710352147077463,-62.21510955379322,0.06846677174107185,4.5766703464687755
1.4167136282185901,-12.711006337312819,-62.23224211331264,0.09592926641366262,4.5858090418742385
1.4137076133354638,-12.717018367079072,-62.23481869749818,0.10323061608694672,4.6695624324190605
1.4436818421669793,-12.69606141167331,-62.24433025768058,0.08693038775304274,4.565351882668185
1.4803484595491374,-12.689071001042118,-62.25273862552106,0.09667758832806328,4.557797501629748
1.5249331254848522,-12.666882324883295,-62.289250911862375,0.05159686746692671,4.519538713293907
1.5681419889657848,-12.643220328215165,-62.325258298096486,0.017652142431430207,4.477909750009485
1.5721946515699003,-12.641001012979578,-62.328635516933254,-0.06806904019508409,4.366495588469212
1.7415724078428398,-12.58877119045813,-62.360809029884706,-0.09448862410849301,4.371966564447202
1.7405199958282767,-12.586816711002514,-62.36171109732576,-0.17348418062681503,4.3074154359942955
1.7390267085103155,-12.5840434631263,-62.36299105788402,-0.26504463347352214,4.253958164154742
1.747969487828376,-12.582842083808258,-62.36572265625,-0.3794429369432635,4.184912947381281
1.7763504379477855,-12.593879119965806,-62.36572265625,-0.4730677844657407,4.181291950662795
1.7790441475792445,-12.594926673711372,-62.36572265625,-0.5209503942477625,4.168035754678815
1.7883647184998788,-12.589086585000087,-62.34488657650029,-0.5789797038171542,4.176494694761626
1.8008522318022822,-12.584454078609921,-62.315179586812995,-0.5990266866606646,4.140477018886615
1.820698541854693,-12.593784079798436,-62.26318359375,-0.5765417871056968,4.187925122521059
1.7941144451909836,-12.599204620971623,-62.25492561523468,-0.6446633365972758,4.162410101784791
1.757150822594905,-12.603028443998802,-62.23453189242305,-0.6644803848221983,4.1830334811674055
1.7425706256941507,-12.622137971526602,-62.18408692060459,-0.6484779059524044,4.264841039563039
1.7277664287131254,-12.632295228190348,-62.15080642985087,-0.6159368641070557,4.279436447084261
1.7258054634988798,-12.632077343166543,-62.15026171729136,-0.6387270739496529,4.329147428061962
1.7003122898552663,-12.630108107576623,-62.14244467988081,-0.6245391261434179,4.363384389416774
1.6759810481582325,-12.642989353180935,-62.12240718671855,-0.6301358346049426,4.385410391905826
1.64890362949445,-12.644133360032146,-62.09812237949445,-0.5796046227903702,4.464862764582675
1.6274420735655557,-12.638187597643334,-62.086186645491665,-0.5601061440473956,4.468384301284738
1.6283263743084029,-12.643493402100416,-62.09281890106302,-0.4946488033681504,4.496973665607254
1.631067853765645,-12.658170209335887,-62.11160792748436,-0.4090504907137955,4.4817983106361705
1.630211300092862,-12.653316647679405,-62.106282901113865,-0.3796473718300035,4.504049852461462
1.6086026951539405,-12.680009630251014,-62.10374071229752,-0.3784642622606782,4.490582135152638
1.5952332052491,-12.696524882486406,-62.10216783113225,-0.30220395359611985,4.536748316821389
1.5552186190736232,-12.703379124460628,-62.111238183055214,-0.25958470583093174,4.515360455970422
1.5578560302227316,-12.698983439212114,-62.11321624141705,-0.25845474720794925,4.4965441498777885
1.583776211182356,-12.663577297560597,-62.13134765625,-0.1971161261739951,4.494648819577702
1.5848318566957356,-12.663376369309594,-62.116779894252666,-0.214105306839528,4.5035837621744115
1.585935984217997,-12.660892082384507,-62.11608981455125,-0.1665480086138018,4.494807292626191
1.5863468409188384,-12.659967654807614,-62.115833029113226,-0.17307813740812605,4.459960982821027
1.589432653965158,-12.653024575453394,-62.113904395959274,-0.16287196536747217,4.4404952109014335
1.5955849674398517,-12.638066097766336,-62.109711836941585,-0.1474463265843724,4.410164001326287
1.5877646608373335,-12.647691090507896,-62.11211808512697,-0.11183785375611421,4.4390331355687005
1.572278856529692,-12.666750541963456,-62.11688294799087,-0.1540378850554589,4.384655466055625
1.56494140625,-12.677299789782035,-62.122177704564066,-0.19860241343846496,4.37311373814151
1.5922985502005265,-12.664544084274736,-62.13770200947526,-0.19127215216299476,4.327198201978294
1.607902772578309,-12.657391784140563,-62.13835619906225,-0.13950027311250324,4.40631392949539
1.6158466491508565,-12.655685184481143,-62.127858499552,-0.18256721686090316,4.344000157792592
1.617217105452438,-12.655513877443445,-62.126059775656174,-0.21033714566877393,4.3587485948017894
1.6387436730386677,-12.652823056495167,-62.097806155699246,-0.19979171837620413,4.417493026714186
1.6458462606700615,-12.670680735902238,-62.07002252934267,-0.20197044705311384,4.449812064483003
1.6472209753209046,-12.637904632742462,-62.04027345341789,-0.256121970150744,4.418018930532393
1.641617512853814,-12.639433984575422,-62.049971289363135,-0.324111113805273,4.475424641146224
1.6411160370702924,-12.64003575551565,-62.050873945773475,-0.34787024553128276,4.451464933966423
1.6388051246007773,-12.650057801617573,-62.05646295886563,-0.34171125479976183,4.444430431553301
1.657732880921002,-12.67214018399117,-62.03122595043867,-0.36265713553582657,4.545617974016863
1.6616786155036813,-12.683064381783085,-62.02340463042647,-0.3805461290741192,4.5500906053263686
1.6556215094754017,-12.687390886088998,-62.0268658338712,-0.4105479754775416,4.4841169948991295
1.6549377849941433,-12.68787926071847,-62.02725653357478,-0.377973410696157,4.573636908165644
1.6463891454489834,-12.675710287438818,-62.017209340290854,-0.38086796125634237,4.554796595260871
1.646158057523061,-12.673168320253671,-62.015129548957546,-0.3989570930647801,4.567059228649258
1.6399816813494832,-12.66933130369031,-62.007066891289796,-0.387761309371939,4.54114070613568
1.6379777019141808,-12.670741554492121,-62.00959110976576,-0.38909100298631927,4.601726872152462
1.66466095528555,-12.65591752484136,-62.03923916906728,-0.3766579164016406,4.550069849158249
1.6121381726574708,-12.652755658961325,-62.05513759510566,-0.3533188241178067,4.569275324041474
1.6017419700497926,-12.674652173749424,-62.0448254009003,-0.40398467266268767,4.569219711610684
1.6099786625563886,-12.701600165744825,-62.02859998745771,-0.3423997465068993,4.5998140235026375
1.6090470605429879,-12.69962051146635,-62.02929868896776,-0.3615705445752866,4.538157618287731
1.5986153462698953,-12.666887647850348,-62.03470290121021,-0.32613800240454793,4.5669290673158445
1.603597087814416,-12.650281842701947,-62.024739418121165,-0.29954654794018154,4.608810189869489
1.5962021993452702,-12.68325329163081,-62.03172748815473,-0.31193147172629665,4.550689124687721
1.5891290353187122,-12.67862616161841,-62.04547025138451,-0.2766140644372683,4.610408834217057
1.5677935906695022,-12.704102526847432,-62.007811535652564,-0.2499645243587736,4.55149705723453
1.5673828125,-12.705078125,-62.0068359375,-0.26355711618451494,4.565544812622712
1.5673828125,-12.705078125,-62.0068359375,-0.254571879125038,4.567868802151443
1.5735641495570996,-12.687417161979715,-62.01213422640608,-0.22323782278681392,4.589369668993658
1.5855778300604557,-12.658460347620911,-62.025905070241826,-0.26255689131940585,4.530204189794004
1.5856828824518674,-12.658670452403735,-62.026325279807466,-0.21321990457427376,4.594737774930742
1.5871796293299758,-12.6611328125,-62.030718866340045,-0.18633442416259527,4.593763988914052
1.5885094012503307,-12.6611328125,-62.02805932249934,-0.21455790343230774,4.617136080405944
1.594271363718938,-12.6611328125,-62.01981266087475,-0.18775222230458155,4.591399706779481
1.5946344713009681,-12.6611328125,-62.019328517432044,-0.20311862074257192,4.615455311733084
1.5930810132758288,-12.649734438246917,-61.977919673404976,-0.22903255555344515,4.589776581498494
1.5933326832955859,-12.651328348372045,-61.979429693523514,-0.2314605921806816,4.535115258085286
1.5961947944776407,-12.669455052525057,-61.996602360615846,-0.21314796723108032,4.608222241478802
1.59912109375,-12.68798828125,-62.01416015625,-0.26153386897925657,4.57245563005323
1.5969339934231561,-12.68744150616829,-62.01087950575973,-0.25351245709279624,4.565542756603752
1.591109936762825,-12.685985492003207,-62.00214342076924,-0.24044451875798245,4.616040511076368
1.5925493888557223,-12.685640939231964,-61.977633126731966,-0.2854662285932932,4.565025890269965
1.5930478161644153,-12.685703242645552,-61.97769543014555,-0.24490924677911607,4.606170434239836
1.604177503051823,-12.687094453506479,-61.979086641006475,-0.2799013548952871,4.609507202955697
1.6161798709000659,-12.680364109121324,-61.98344600153576,-0.30400420081622315,4.602799069960879
1.6284295687474835,-12.661103812506292,-61.99215850000629,-0.315807188447792,4.606965419419745
1.6316256629693477,-12.65311357695163,-61.98416826445163,-0.3135433326114736,4.587453539945668
1.6327379779997289,-12.65961904300515,-61.97829205899919,-0.3360949340426771,4.614488647891742
1.6312785612515248,-12.687347961221027,-61.973913808754574,-0.3232946279686928,4.6179606472208
1.6311632374633611,-12.689539113196139,-61.973567837390085,-0.2993628930560135,4.675098383309196
1.6138619087837838,-12.671940983952704,-61.970531566722975,-0.30852694299937866,4.620196033298834
1.6180052586901472,-12.701342548630295,-61.994452297709486,-0.2992608057949724,4.640164649672334
1.61506010445442,-12.69545224015884,-62.00476033753453,-0.2615974337359859,4.671427500756453
1.6008630018714993,-12.690289787874299,-62.0049751672905,-0.27073919645062006,4.659313751673797
1.5944972342140438,-12.689016634342808,-62.00285324473801,-0.2790755955401636,4.633749720939574
1.5765813321767714,-12.682711348383856,-61.99650320717677,-0.27791798621410635,4.667694177911928
1.5398020516908573,-12.649707838269924,-62.04973178214073,-0.24793112511633808,4.677198440007706
1.5427997659551032,-12.649443334070138,-62.052288656072,-0.2684529592733753,4.698120097923336
1.5527772906781812,-12.64856296424163,-62.06079889774757,-0.28166160303942434,4.640402829553543
1.6018413664187794,-12.64423378108805,-62.102647668232194,-0.24534191554435836,4.656228357571223
1.603401262981622,-12.644096143156034,-62.103978168241674,-0.2251104252283369,4.644484549139126
1.5512134125247503,-12.657810293923252,-62.115458849900996,-0.22963647655495834,4.599618979982875
1.566698160951594,-12.64165209966584,-62.14201692718372,-0.315145865652795,4.496206629799791
1.604770775176369,-12.656110569286115,-62.16791646348229,-0.36682794730101875,4.41534058061484
1.669055269312979,-12.644422479443095,-62.16353342979116,-0.29340681160662996,4.302292014175313
1.6948678364733227,-12.63972928541394,-62.16177348203023,-0.2708784256391823,4.288865798340586
1.6869649755481901,-12.622042266578914,-62.1687981331506,-0.31270820939136,4.2399446254878175
1.7211733398813882,-12.648912231473542,-62.13373260509809,-0.3518900009184023,4.255263508531306
1.7205643527061012,-12.648455491092076,-62.131829520175316,-0.34537760839786813,4.233206555487453
1.708272447161894,-12.63923656193392,-62.09341731534967,-0.3390289970429592,4.225899277082857
1.6533844430672953,-12.616576248916342,-62.071144715810576,-0.3246225661810058,4.222076854371177
1.6196871453260422,-12.628375851217498,-62.03364304161938,-0.3135730145347253,4.2461667535049115
1.6185347068619738,-12.631141703531263,-62.02880280007029,-0.3370128314330145,4.326323615499511
1.5928407909845324,-12.677178740265468,-61.96963395671091,-0.2966502324975977,4.3644041945610015
1.5896563853267713,-12.680302962607874,-61.96925191070433,-0.36506788625703734,4.4550945083003635
1.5963395559991536,-12.672283157801015,-61.94786576455271,-0.3886895180176566,4.530913727338026
1.5928021770489726,-12.664469685655702,-61.92239202079897,-0.3302097607526946,4.630276854296761
1.560754669119108,-12.658814243079842,-61.890344512869106,-0.3276229240762234,4.662246197106418
1.5596263122184093,-12.660852813907955,-61.889994262725274,-0.3023642082127367,4.751406136059483
1.554188980953727,-12.688039470231365,-61.89434412773702,-0.3139783140245811,4.7383265993257675
1.5464238482227861,-12.718298848222785,-61.8994140625,-0.2437372442815331,4.812091473231519
1.5386033170208941,-12.710478317020893,-61.8994140625,-0.2245877237622267,4.855887675210365
1.5801670045893033,-12.678408683297379,-61.89427685403777,-0.2272084002437822,4.8207995735089515
1.5800106813236945,-12.690434485322502,-61.908015187438586,-0.282814837403663,4.805132274535275
1.5567633860236678,-12.72072469168303,-61.92972123144688,-0.25615965749695135,4.765686514605126
1.5843571584634737,-12.694652694965368,-61.954329112282736,-0.21464561124216175,4.818694859300706
1.58488934163454,-12.693943117403947,-61.95628045057665,-0.23953054122789297,4.753811795567232
1.5878591284287715,-12.68798828125,-61.97265625,-0.1804977188977972,4.749158968054436
1.5800059601334928,-12.680130094007895,-61.985515101850716,-0.23740408513684486,4.6859168305325145
1.580541400626955,-12.678657632650875,-61.987924584071294,-0.20554729898010748,4.703190050670361
1.5869140625,-12.6611328125,-62.0166015625,-0.21307920519888057,4.6903428408274594
1.5869140625,-12.6611328125,-62.0166015625,-0.24403362370682657,4.687067681522737
1.5849075893383773,-12.6637125637078,-62.00943558692278,-0.17400787417628294,4.65659971626115
1.572583577529813,-12.679557721747383,-61.96542125903505,-0.2649712463680487,4.6030058686974895
1.6060926039177343,-12.678126463000291,-61.96558854658256,-0.2314500361768097,4.592441031078196
1.5866504871124187,-12.672824067507932,-61.97972826789552,-0.24073738653412136,4.611809745702445
1.5830522124015984,-12.671842719859526,-61.98234519495793,-0.23932581082394222,4.575764121815424
1.600346316881634,-12.664294105139934,-61.98108937704425,-0.23067269897106257,4.646628167732868
1.6243442768926548,-12.655407969528097,-61.97317840531628,-0.2745983114436683,4.585010574164044
1.5620674673966535,-12.664783936919994,-61.964965408376685,-0.2224968615488052,4.64462594416755
1.554728393991589,-12.661638619746395,-61.976498238013214,-0.18408250958154326,4.664138296519747
1.5458934426406552,-12.66260764596869,-61.992091202711734,-0.16919153314385937,4.595163750557383
1.4913580969371139,-12.696296161937429,-62.06074180175022,-0.11982054015562937,4.6188696936725995
1.4900108453140102,-12.696048707557676,-62.06151165982057,-0.0682387610349906,4.561763372770659
1.4071247081433584,-12.680824723179393,-62.10887516677522,0.047464622039441906,4.499745652476164
1.2939338272047063,-12.716446178399384,-62.191067700247686,0.15022476971563492,4.518130067289747
1.2002716116136953,-12.728729747657221,-62.237131084964574,0.21034825289434878,4.457382157812532
1.1012023453791597,-12.729545326110273,-62.288244759366314,0.36790884377676036,4.350435354939521
1.0109862065208368,-12.723907516304687,-62.340652640626296,0.44017778605180524,4.310534406976146
1.0105759951436162,-12.724061345571144,-62.341242319481054,0.5785399330287646,4.283227197821388
0.9836204056325751,-12.734169691637785,-62.379990979403175,0.7095383469378618,4.214522769507231
0.923059450737023,-12.757562486576461,-62.42944508147382,0.827437000391086,4.195300671779445
0.8471098918343388,-12.778165329145814,-62.47701978457916,0.9621843574135909,4.150581006446849
0.7441959993131868,-12.742339886675824,-62.48737744677198,1.1319891798002146,4.097146768590339
0.6630685225455515,-12.744961588667861,-62.52599125163549,1.3157411994370705,3.9965050152203143
0.5796469535683323,-12.719953616359946,-62.523914544008115,1.4553396566849273,3.947786092134776
0.4726177073772373,-12.726122509070962,-62.498086874175364,1.599637154142684,3.929416619115545
0.35972793390029834,-12.706093678292795,-62.49990767697338,1.745076978010971,3.814646317256219
0.3557752983019734,-12.705392404235027,-62.49997142916045,1.9463767118219408,3.8056615148692035
0.24736722489873572,-12.659223079622867,-62.458141644834754,2.129975806706284,3.712327536671446
0.23568875046029214,-12.659603899441512,-62.45788776495566,2.302201875637124,3.6325043087000566
0.1581961726709218,-12.662130831325948,-62.45620314369937,2.749522736677733,3.4123295969162766
0.06446511177427272,-12.665187278963883,-62.454165511940744,2.968327669939285,3.2782339580518514
-0.08447445040600735,-12.597158964117963,-62.43538651807534,3.1772307961769,3.2703833613385327
-0.20836044535065112,-12.580482244189726,-62.38870596372536,3.384665586259146,3.2202224163793822
-0.3267593768340468,-12.576948715196265,-62.341575103677584,3.5924362145950255,3.2009236324456816
-0.3291488633764586,-12.576842515794379,-62.34093790726628,3.7998294591253625,3.136343684931232
-0.45434737727880914,-12.566264641087557,-62.31119546668548,4.030978761186063,3.058965549039759
-0.6058956942383779,-12.537042725333828,-62.24118485719585,4.2781622563436486,2.9847302089633363
-0.7251542436375857,-12.51192318891387,-62.16916930801502,4.452313843643978,2.933009192204892
-0.820308516247914,-12.490777795000463,-62.102712355715745,4.662563242376436,2.938519332723569
-0.86669921875,-12.48046875,-62.0703125,4.881062977618825,2.893533459560856
-0.86669921875,-12.48046875,-62.0703125,5.14567543439108,2.8145419713981275
-0.9783272347302978,-12.434061597289089,-62.013871368324565,5.314784098974243,2.7042642214340358
-1.106007980851906,-12.385144701423568,-61.94400492638058,5.540213983095626,2.6515010088942232
-1.2252556664306602,-12.358115226025717,-61.85496665448177,5.839798938386096,2.604989524890036
-1.3495728729347238,-12.34671460251896,-61.720147129773835,6.153879261136808,2.597086795742249
-1.452521171278626,-12.307223021529103,-61.58378868976622,6.336773692851082,2.4781208580685012
-1.4593577864764053,-12.303911536042678,-61.57460198809421,6.609498708769166,2.410384390358071
-1.548177436363352,-12.263770574046363,-61.464558610369565,6.90133860963725,2.400060149248347
-1.7264840262276786,-12.204777308872767,-61.31451416015625,7.117327955594163,2.345802902538434
-1.85927276802408,-12.16039332491608,-61.159758243372366,7.374771679402187,2.213632643297823
-1.9587806244130026,-12.12495217058578,-61.00027304888601,7.636208320716861,2.1904454025668
-2.1043001554216025,-12.091685093926035,-60.807772876066565,7.9313094589743685,2.2154967910164083
-2.10704260406096,-12.091102323590171,-60.80424197344339,8.197579386013985,2.1132435358588206
-2.339722040155637,-12.017333855989088,-60.486083480707194,8.44593203748353,2.0333563684535165
-2.3445018476510358,-12.015631458798946,-60.47940484557664,8.786272406846777,2.05725654750174
-2.45883621882379,-11.981747389684179,-60.2960108517193,9.093584123592336,2.0222191773561815
-2.5854346721387786,-11.942279693189342,-60.09903252105056,9.445412445755338,2.0542913013798327
-2.7298168022357263,-11.889955667804895,-59.862888045782626,9.750444594641394,2.037334744683432
-2.911057035696631,-11.88359585781868,-59.573184854110075,10.041199840528336,2.0298362711455544
-2.913684590488367,-11.882676213641572,-59.56776552235212,10.287951861918373,1.9086193461359293
-2.9835169120687346,-11.858234901088442,-59.42373635909261,10.57652481903476,1.8195137557131351
-3.103955791273803,-11.816209637583194,-59.17544381326262,10.939736935266055,1.8787556442929783
-3.232795149721529,-11.78892600873544,-58.92534388215821,11.261626171465124,1.8801423673087274
-3.3804206428461567,-11.749959215651238,-58.68085427165514,11.593093013527493,1.8195377754396889
-3.386634424648053,-11.747958167274355,-58.67253412314074,11.981311593948448,1.7891140080838974
-3.5261977463068668,-11.722704435100265,-58.43243004224923,12.276007921870615,1.7931006542831482
-3.644548118960578,-11.717135005798914,-58.185982795664444,12.650964424893033,1.7754726516273593
-3.7568533761160716,-11.678888811383928,-57.88429478236607,12.927796482351894,1.7206507304336134
-3.894901132225094,-11.626737436853853,-57.592860630580354,13.338759286296181,1.6900661416821479
-4.0071700156084695,-11.595818037725811,-57.32219552839379,13.639718555015406,1.7041665536297461
-4.0113941266369855,-11.595154248849902,-57.31054905084374,14.03870016725456,1.7125962717612804
-4.099201944346488,-11.581355877495552,-57.06845035344468,14.388199459889734,1.7569326665971436
-4.405246787987193,-11.44711558599313,-56.13927761454014,14.698404218003688,1.7502997622718302
-4.4108011559384686,-11.44398636461213,-56.12339681603156,15.059901185050435,1.8488871635296467
-4.415295474581396,-11.441454354109073,-56.11054686272854,15.443291701597502,1.7628963899866876
-4.539599094792886,-11.421189319333651,-55.72332592144504,15.797508913439557,1.867931725424952
-4.558372765570112,-11.416353676860728,-55.66444486309829,16.14482093269619,1.7774070062151675
-4.607712613894175,-11.403644928049985,-55.509697156990995,16.526374019463077,1.8793561000427652
-4.703125771579536,-11.365721498880696,-55.17901143558031,16.769228667382933,1.7902852010746924
-4.759468833130619,-11.319945302719928,-54.92902320522327,17.157533938957798,1.840975390412948
-4.835415984947644,-11.300060332133508,-54.675048402050614,17.41032773747756,1.8426977369703308
-4.909676490237784,-11.252533608747818,-54.319588116728475,17.73015484202753,1.8301591052921025
-4.915509448625654,-11.248800515379582,-54.2916676892452,18.043253406369573,1.8317674821302194
-4.978372464005235,-11.208568185536649,-53.990763388961604,18.365744495712946,1.9083846883838715
-5.161705939790535,-11.136834017202704,-53.371251717900925,18.61735137321844,1.8471407245781521
-5.229609319457504,-11.115605524292496,-53.124079965427484,18.88717435854511,1.8845889730712304
-5.234383734505435,-11.110831109244565,-53.10413976140377,19.138800562298698,1.8653322536416062
-5.236611033391432,-11.108603810358568,-53.094837513115195,19.630975126776818,1.9518377424211466
-5.291954260730582,-11.074260200021222,-52.87262740078523,19.91567820430511,1.962897707346151
-5.36376953125,-11.06689453125,-52.60009765625,20.17639954647906,1.967777166388217
-5.374845933174872,-11.05100230240127,-52.52689708700737,20.386071462813362,2.037477228379648
-5.410048835259558,-11.000493790714547,-52.2942518210564,20.570496759757916,2.0203499766563846
-5.462977258691467,-10.976197446484361,-52.064380380370864,20.840441952313682,2.085233529249496
-5.465691213399571,-10.975558868905983,-52.054003494722224,21.103976944003975,2.0971335367711275
-5.5102002635849825,-10.963161586957508,-51.88762819266956,21.276781405457783,2.07474425412039
-5.559515026865209,-10.9423828125,-51.63606936936316,21.529037793744862,2.11411896743599
-5.650228897873461,-10.856816745858023,-51.14616631107709,21.7306386140518,2.123108729455177
-5.651897317000185,-10.855863363499894,-51.12066333299717,22.20182771635629,2.1690283359874147
-5.652566975110658,-10.855480701722481,-51.11042713045136,22.403181211888338,2.1972330860358564
-5.6898836784174875,-10.841551531711822,-51.035456915794335,22.535498050631944,2.2045322322903877
-5.715674855208926,-10.8142599221859,-50.937138577494316,22.7140368304877,2.2326293780250674
-5.731166241768523,-10.772433178474985,-50.78842126652217,22.84622746200759,2.307153246050254
-5.838051702743186,-10.751953125,-50.15372293037281,23.022146224331294,2.3401125918327184
-5.837730006167763,-10.751953125,-50.14771792763158,23.200641922726362,2.3380121941884324
-5.837427124941259,-10.751953125,-50.14206414473684,23.62109505765372,2.369291959199309
-5.860376206036729,-10.731531914078463,-50.00503471446223,23.77879638864553,2.4724441936043804
-5.8864833634213145,-10.708221800298805,-49.85936138259462,23.90519214199992,2.375575081658018
-5.920565107098779,-10.677238396955655,-49.71993606755045,24.11638433234134,2.406108021752056
-5.921930907484193,-10.675996760241642,-49.71434870233739,24.252686453672823,2.389041467687512
-5.954040118321854,-10.652381561801937,-49.568657142940246,24.4596854775327,2.435052992377676
-5.9944272720410625,-10.634966881793478,-49.43032099184783,24.56857211458049,2.374027257357608
-6.031178286800204,-10.617355710273829,-49.31001694127026,24.729790718182144,2.4154501845842686
-6.062722301841704,-10.557245737679116,-48.94037357516227,24.91408419553288,2.4579917647197074
-6.086017927684082,-10.52563024546446,-48.79560790028464,25.05834588746842,2.4251288170455854
-6.088632866534103,-10.522081399882289,-48.77935792314522,25.213569203374405,2.4438359238307457
-6.0915274003623185,-10.517359318387681,-48.711996999547104,25.359851032284425,2.4882090627270617
-6.09120754076087,-10.51767917798913,-48.706879245923915,25.49449211011563,2.4687807112614117
-6.086824048913043,-10.522062669836956,-48.636743376358694,25.66413810963863,2.4790255840251483
-6.156961019511829,-10.489905419542902,-48.38191480577587,25.807931164581547,2.464239061830364
-6.1419103817476035,-10.498935802201437,-48.3171970633897,25.98344774323418,2.550038979845006
-6.1574132349757775,-10.494065956009688,-48.22918721776492,26.071886220487656,2.5320044732719524
-6.2227680659652025,-10.412360960921706,-47.80849865182373,26.179317988280204,2.801060595746195
-6.2216919108079916,-10.40993961181798,-47.795315751147896,26.352988632670005,2.527389029261405
-6.239874132057555,-10.419949488111449,-47.53029349199937,26.4962662992734,2.5669044415621785
-6.241953577498729,-10.419304142974532,-47.51968114974786,26.650438225294153,2.5227808651032584
-6.244341157268809,-10.418563169942438,-47.507496259886764,26.775985571714187,2.5771113722941643
-6.249664316184327,-10.416911155106588,-47.48032979369723,27.066490298503965,2.6431674111275347
-6.274248638330032,-10.409281537888955,-47.35486497722949,27.1796632228087,2.580675559807583
-6.296774333192266,-10.363988135527505,-47.178810865016615,27.383107326073116,2.616873401043971
-6.319708375938407,-10.34596853051268,-47.10837059086775,27.54763220750496,2.6193857096303503
-6.317170404206438,-10.321097809094063,-46.97662510524557,27.688327592309975,2.6081888974376137
-6.331295592826198,-10.31612934160508,-46.79598985543026,27.833844596934227,2.6857918009236963
-6.3518460364744955,-10.312137671826513,-46.605767628127424,27.95391898908622,2.6130836552483294
-6.352537547275019,-10.310063139424942,-46.591015397716255,28.193272542804863,2.6220756840678017
-6.371497975764404,-10.270457068531282,-46.39660139680541,28.353543881719588,2.6728667661983265
-6.4026822157233125,-10.215175915876856,-46.19673876797786,28.596087233960958,2.68760364302679
-6.444240477350023,-10.18093334303962,-45.94405975606706,28.783642274718602,2.7036350589492786
-6.4506245321697655,-10.170806911256578,-45.89496857590146,28.938508647640248,2.747190631464127
-6.472359895706177,-10.136330127716064,-45.7278311252594,29.207273742109948,2.775020048870951
-6.504172616534763,-10.085868570539686,-45.4832022719913,29.36564701464792,2.81542968557245
-6.52804604646694,-10.062586968983176,-45.25204036386365,29.601074970994944,2.9405725705825714
-6.543138451895323,-9.967694758277442,-44.71073001169719,29.788728343925897,2.8640285314961025
-6.543951870471548,-9.966648934393724,-44.70003936755251,30.022839339140717,2.9132015063640337
-6.563329266255939,-9.93987281159866,-44.537550269606804,30.28361590977454,2.9511508642353133
-6.612261774421022,-9.869969228505683,-44.24046004146165,30.505984244637375,3.0017493030127973
-6.618864146615995,-9.86017417759973,-44.197272811168666,30.694418039472282,3.011520386884846
-6.629098962739258,-9.828007612640905,-43.98526590575823,30.978620005148855,3.10388373823394
-6.642773983356069,-9.803613008321966,-43.738663414230935,31.221174155888207,3.1218759864780186
-6.650390625,-9.784537125867432,-43.47011093265754,31.465494344104542,3.116466933530962
-6.651194057990887,-9.78243364220319,-43.448974877186,31.738068972514128,3.1804725571775836
-6.679991980502701,-9.772354369324056,-43.33522308326433,31.944184495986548,3.193707690873371
-6.69723883968327,-9.754405508205197,-43.151702216541004,32.20324155744572,3.1496585028903454
-6.692408206371705,-9.727031919439662,-42.88923780661264,32.42608637739559,3.227849027926238
-6.70819540624747,-9.684109855119845,-42.650898647759924,32.76435751466744,3.3724829181954727
-6.695129082729686,-9.659592590721783,-42.41321743980983,33.00450491150855,3.38617443397707
-6.732602432281312,-9.638501995837474,-42.1998801462061,33.22245654183135,3.396722651517032
-6.758341712751736,-9.605169551244213,-41.97600539771027,33.4414731509807,3.5214626259420063
-6.758839164944366,-9.603511377268783,-41.96461926974564,33.66456459712546,3.504701944757656
-6.768018356226223,-9.572914072995923,-41.75451778040534,33.86679525061123,3.456654261752261
-6.761587787148179,-9.548785625591297,-41.55031375650426,34.089466395701635,3.495130832032754
-6.763751614326805,-9.449368383364437,-41.08542509403379,34.29326755583716,3.5200062436412796
-6.763544938409074,-9.447714976022587,-41.0772613952834,34.48912328584163,3.538097445070178
-6.768840277425687,-9.414231409436928,-40.845660232754376,34.71016380665972,3.520335919702071
-6.7702085287439155,-9.41309120000507,-40.829469258821995,34.91881073041725,3.473688569880877
-6.788794791274337,-9.397602647896386,-40.609531818878686,35.094551100241205,3.4865525228913636
-6.778745508109657,-9.36455683682897,-40.49407681654519,35.3397594912129,3.5186454463277634
-6.7834117873705955,-9.335594648196373,-40.33020176514677,35.54089770331069,3.5127005506644813
-6.806361163553259,-9.312983170728174,-40.12482805358208,35.77646603697994,3.509050480142067
-6.807826395444158,-9.31066322023425,-40.11676927818213,35.99130659952701,3.518209751729525
-6.827656790714136,-9.27001953125,-39.93646260715971,36.197607826541,3.5134954353828918
-6.810421517524273,-9.259973384192952,-39.73967945993925,36.35389327265955,3.521228772989575
-6.813349843012419,-9.238010943031863,-39.58154988357942,36.5418103128888,3.549926999597376
-6.809020896815609,-9.225041935086892,-39.40260914659757,36.774497311524556,3.5332085458513123
-6.789206338351276,-9.178207524171198,-39.21527150293479,36.940329538944155,3.489061234167294
-6.794274226923395,-9.14506586634541,-39.05495345913072,37.08600131157931,3.4981317680804995
-6.810499206381926,-9.116532485948493,-38.88001400856145,37.29617915629143,3.5482698153628762
-6.811980798565304,-9.116655951963775,-38.87087752343063,37.425962183599154,3.54735562341981
-6.826446721086191,-9.117861445507183,-38.781671001218484,37.539826434230946,3.5163198406979275
-6.833218145937951,-9.113213635625902,-38.660599387822884,37.75596397832578,3.506006105625431
-6.794951940405687,-9.10437387536321,-38.48448022891991,37.894766483949695,3.537253939766482
-6.792628460267757,-9.103276737372564,-38.47021256103378,38.01209739657935,3.5270230098334894
-6.824297709979089,-9.067083309131041,-38.2756728842356,38.186899544707614,3.532134056894132
-6.82671859545005,-9.063574605124876,-38.25984106469461,38.301475220625235,3.510247790197626
-6.841736986894164,-9.02602862651459,-38.1411957722861,38.41875969740423,3.5263892202864
-6.810968333277209,-8.99285941288389,-37.90010649582435,38.5573483051449,3.5384012945618606
-6.808132303172145,-8.993117233802533,-37.880512106007544,38.70122092046938,3.5276350502864178
-6.807596431192405,-8.993165949437055,-37.876809717783885,38.85303559602488,3.5545548546195715
-6.8009960109299605,-8.969414559420237,-37.77285704575779,38.94102462193291,3.5076812583142014
-6.810007789243866,-8.93458482807318,-37.71557879599408,39.108028317513714,3.55275307755343
-6.820233561815739,-8.931663178766932,-37.66591075778784,39.19457098970935,3.5976277502639524
-6.809605664949572,-8.919807533959224,-37.57345815052682,39.28481656644084,3.514678945342085
-6.835222232542413,-8.866439684807474,-37.464587738257244,39.3612759956051,3.556845951340789
-6.836201404079281,-8.864399744105665,-37.46042625922556,39.418760138048356,3.5095570603104074
-6.836588846054301,-8.863592573324372,-37.45877963083172,39.516633449893135,3.508344542266173
-6.7925468866778775,-8.843197092314682,-37.44283878053234,39.59934069334133,3.5689729182251884
-6.792216176166595,-8.858447729049827,-37.42781947665013,39.66612099748497,3.612175601729362
-6.809401064233103,-8.864618480556759,-37.41692838090338,39.68887145405006,3.596254652653482
-6.818760493392547,-8.86087470889298,-37.41505649507149,39.70348119450398,3.5572633627221633
-6.795376211564171,-8.892254344919786,-37.40591316427139,39.72595445909204,3.52460811001414
-6.786082903740723,-8.870877478709797,-37.477666322614425,39.69377635292881,3.600381604955946
-6.785784514749778,-8.869584459749039,-37.48134645350274,39.64781154164805,3.5583552343559575
-6.78466796875,-8.86474609375,-37.4951171875,39.63670684582286,3.51387307589024
-6.759371122117391,-8.973988536556513,-37.89347501738257,39.6060930272393,3.561804218283402
-6.760095848583321,-8.980511074749884,-37.92053147211063,39.370651335209715,3.436926247740152
-6.761209374667483,-9.004134855820388,-38.02820829564801,39.29173120609141,3.4034702288169543
-6.738482405803318,-9.007631312568721,-38.1907935344455,39.23067315167583,3.401349084089102
-6.737095530492969,-9.007844678001081,-38.2007150270503,39.13586145159735,3.3577220903831813
-6.73095703125,-9.0087890625,-38.24462890625,39.00282569371063,3.3542446858778505
-6.6913124596143385,-9.09284789856397,-38.53462359766103,38.89652577563601,3.3150945312789997
-6.6910352731558635,-9.09451101731482,-38.551809158086485,38.74345098977946,3.281537593253738
-6.687980642514624,-9.112838801162257,-38.74119625784332,38.56428452131695,3.237453666593679
-6.684771775842573,-9.132092001194565,-38.94014599151051,38.411088287581094,3.2020027192600575
-6.671717637859554,-9.15257979321067,-39.179165109287865,38.21285767422199,3.1539160103900783
-6.650074405922449,-9.19585244864456,-39.431556909197965,38.02309867352534,3.094049656957765
-6.648926512392376,-9.198403323155832,-39.44188795096862,37.81883771384321,3.1098562859425867
-6.571308293204563,-9.253071816067873,-39.97926472924849,37.62981709740927,3.0760313805708615
-6.5709827023140175,-9.258932452097682,-40.00791672761644,37.39102997622672,3.0143317255754605
-6.570508414992019,-9.267469623893657,-40.04965401195232,37.148977504874864,3.027208326640869
-6.558799855032793,-9.341969253367814,-40.42662965117309,36.86883752330709,2.9026724425525416
-6.541103189802479,-9.36973329013168,-40.59983021026413,36.57108927827983,2.9397916451061468
-6.53533058767522,-9.373581691549854,-40.63677486387859,36.29487961973197,2.9092193578249543
-6.496399091088625,-9.405097789230599,-40.905958801875656,36.05108171066266,2.8562309677513333
-6.461170987483072,-9.441793730486383,-41.178976604818686,35.7488477673233,2.8269167086129294
-6.436045139628399,-9.49652213097961,-41.901273557155854,35.44109489918233,2.798132335899675
-6.4352714278025225,-9.501164401934865,-41.927450807264655,35.17635851838617,2.7403680323585125
-6.434728310314653,-9.504423106862083,-41.94582628227091,34.892219416260104,2.727233649540598
-6.38100616714816,-9.603239620289298,-42.55118206802976,34.564726227384654,2.6368590889315855
-6.380031030489922,-9.607505843169092,-42.576901297390805,34.24419058476093,2.5590319255306393
-6.369561178766337,-9.653311444459778,-42.85304363660037,33.95088396599181,2.4388069406775577
-6.331826432401783,-9.718923321636908,-43.24254225188841,33.609568360562776,2.398813712409831
-6.312490857795538,-9.774966339181232,-43.51954739474405,33.30756594434527,2.3783512522521018
-6.303136064660932,-9.840449891123477,-43.821573573089914,32.992669369820476,2.3386911797255685
-6.286058371873744,-9.8852055403672,-44.18479152841044,32.65034549402978,2.3262791588993434
-6.284648086981203,-9.888143633893327,-44.2128797025202,32.34925762962064,2.2744168408975294
-6.2534421202031165,-9.924114928887102,-44.539454175437534,31.96704163234577,2.1398178710447198
-6.1730168131776555,-9.984910444131774,-44.97430668472733,31.657059022494934,2.115538800033748
-6.12548828125,-10.048828125,-45.3955078125,31.298851214526337,2.117452625116862
-6.12548828125,-10.048828125,-45.3955078125,30.911017954377968,2.018971405742706
-6.104731157023597,-10.061875460228025,-45.54733134969884,30.542555358547133,1.9188111008362991
-6.042742578952376,-10.100839709301363,-46.000733520734045,30.136691935386835,1.9375092683055437
-5.991092159783164,-10.15317378944845,-46.4914107731206,29.726934622430463,1.8491777619661691
-5.9346833737225,-10.221854460036667,-46.97234026521542,29.31820239351225,1.757333498522058
-5.8885978235583485,-10.275304200406072,-47.25336714300664,28.813507534490043,1.578945921791171
-5.884343667179035,-10.280049220982999,-47.27741948868969,28.448278287141363,1.5284253118709388
-5.738145050219152,-10.39287001552642,-48.06811333859728,27.980545901988393,1.463359130207113
-5.73164460613322,-10.397479421332807,-48.10297935687637,27.58554657527523,1.4286582026170915
-5.669067515642002,-10.438397130457698,-48.54307156003468,27.16325056232776,1.3311383650684985
-5.607832704741379,-10.482767279864532,-48.995443029043514,26.754821864800505,1.4072588053190969
-5.534518147445955,-10.543088607043236,-49.50584166884589,26.25998734679925,1.2632737957040097
-5.527149450496317,-10.548983564602946,-49.55300132932357,25.850173734187194,1.135698598971384
-5.441218811931978,-10.597283485181366,-50.00344398878218,25.422765355555512,1.136604615913104
-5.326258851767717,-10.681222040955058,-50.61665169995268,24.956990300145847,1.0267103862021933
-5.227193181769598,-10.79036218586824,-51.18921769095876,24.508625518112822,0.9846557282287581
-5.121778243170802,-10.857995201214251,-51.6709580877664,24.044022452637662,0.9098943267539268
-5.109194594611893,-10.867816585455353,-51.76947884843494,23.645583858071106,0.8955595356059765
-5.039919919547658,-10.921884624529877,-52.31184886540127,23.15529124835693,0.821227620620073
-5.036634851736663,-10.924448579894555,-52.3375685426532,22.726631719474568,0.7912345424045807
-4.875848357371795,-11.076952624198718,-53.146694878472225,22.24416852455296,0.7069372189108288
-4.739557143096596,-11.107635111145651,-53.61904834012946,21.745061918023225,0.6350778945785804
-4.624571387779783,-11.178556037973424,-54.14837738106236,21.26194723522022,0.6645577495588415
-4.563485760445625,-11.216201500488829,-54.434019914727344,20.813632673480754,0.471675300492289
-4.31640625,-11.318359375,-55.59814453125,20.29325492776357,0.4646993332788383
-4.31640625,-11.318359375,-55.59814453125,19.8119266992459,0.41441156080249736
-4.31640625,-11.318359375,-55.59814453125,19.304564878966815,0.33629466520262064
-4.271398064415538,-11.342161780837937,-55.799383053334374,18.89267093250315,0.28617914624696605
-4.124908817043835,-11.419632055890279,-56.45435901514055,18.339442267114038,0.2952370642970051
-4.0127266833004,-11.4789872981792,-56.87979054544,17.90232984413217,0.25797700006699475
-3.927606504591845,-11.518082788560992,-57.166619024339,17.41191966694403,0.19154747933670432
-3.92113785913561,-11.517788759222073,-57.208371190465606,16.966042191019696,0.12355132427557924
-3.8550911573580215,-11.52169299335435,-57.53341841305252,16.558751749010383,0.041271566982153104
-3.7004841994463193,-11.551250205896292,-57.99496565505363,16.074741824767116,-0.022984985033106496
-3.5513207065110324,-11.579755938895456,-58.44075071927535,15.668920344450783,-0.05981935807131088
-3.4206493589112164,-11.603209770515935,-58.89977570956188,15.22437135329001,-0.12624308118816238
-3.4081691364181115,-11.605449810450596,-58.943616491140226,14.837393211580562,-0.22139147333554415
-3.2760681487088665,-11.62409108076884,-59.300172857315154,14.38839868814597,-0.16839557552612683
-3.1261738388368374,-11.642133914364548,-59.638822964803815,13.917832008038332,-0.23718111588284932
-3.0143340559415335,-11.71234123913865,-60.07470296713451,13.462826239818156,-0.36441324535564734
-2.8578102044097684,-11.737544232181902,-60.383771250243846,12.980331078379464,-0.30467163117274443
-2.6983360736776145,-11.757140549598553,-60.71161436612083,12.572459155119688,-0.3524481705206184
-2.521644399947479,-11.753606716123949,-61.12860671612395,12.126020365447971,-0.3291915235496534
-2.506602704896934,-11.75330588222294,-61.16410511644324,11.5900233849692,-0.43742448224494157
-2.338574357591767,-11.76998324306094,-61.52398687162741,11.170243723410636,-0.4763930011083356
-2.2314453125,-11.7822265625,-61.75048828125,10.700586715739107,-0.5072959451615041
-2.064897719908218,-11.80464643073351,-62.06970450038425,10.287977545090484,-0.526256287594692
-1.8219104767784282,-11.839868418354794,-62.54164306620602,9.808096637876233,-0.5095976406984815
-1.817783733334444,-11.840785472453456,-62.550446785553184,9.434182434430696,-0.6351154745637013
-1.7658480363669216,-11.852326738446239,-62.6612429390839,9.051849292570012,-0.7441682772990672
0.03581803444281194,-11.943724040743671,-65.03312189195299,8.594487323754876,-0.735163640299126
0.08211513195072333,-11.934595035601266,-65.06833376893083,8.201579216893279,-0.7471278893096902
0.09006118084595388,-11.933028209058545,-65.07437724273848,7.795253000488145,-0.7478278405091173
0.14604538026803562,-11.922925547877288,-65.11600080568445,7.413999245145945,-0.7619244229914774
0.1527578728942091,-11.92227595181669,-65.12041805889652,6.9857727452054235,-0.8041156128767345
0.17341243294364736,-11.920277123424809,-65.1340100919613,6.58957516797598,-0.8588642966642839
0.1852957472789987,-11.919127125263323,-65.14183007945941,6.184526702429324,-0.8598865580891027
0.19020802790271768,-11.918651743267478,-65.14506267703115,5.789367827698413,-0.8988807932572841
0.22063927122080518,-11.915706784236697,-65.16508839844046,5.412288303047319,-1.0285371255147633
0.36428278318261464,-11.901805799208134,-65.25961509663469,5.065161064436623,-0.9854829845201203
0.38419044676294944,-11.899879251119714,-65.27271562363595,4.701383706155369,-1.0107439926580557
0.39008901374971533,-11.89930842205648,-65.27659726126595,4.276068558420164,-1.1220860110747504
0.42328760424178874,-11.896095655234666,-65.29844407565427,3.8774174700733965,-1.0984534401866417
0.4284775771424821,-11.895593399792663,-65.3018594126599,3.4917448641128743,-1.2775295880396567
0.6428672863891706,-11.892385297505642,-65.4037650262989,3.050168277182223,-1.2516125512601477
0.6675790385110715,-11.893387125294367,-65.41244753380118,2.632605478564969,-1.3390948876398514
0.8219373401280037,-11.860130370305999,-65.4842848646992,2.2636068614051794,-1.3753219715008471
0.9660613247834806,-11.872868308226183,-65.45428545005413,1.8665613624061308,-1.4723598674961171
1.07421875,-11.884765625,-65.42724609375,1.498854454289571,-1.4826828170029516
1.1820765984350527,-11.85497063924446,-65.36348482423314,0.8754709936928009,-1.2077743847868423
1.1921529662703554,-11.852187112218134,-65.3575280763968,0.4859030244962952,-1.2770669591167152
1.3508506706017078,-11.80834796737522,-65.26371230643296,0.12500519582583536,-1.367917240429363
1.5261398937881243,-11.758215336685094,-65.15513568373522,-0.2181321633360227,-1.3835284083016408
1.630859375,-11.71142578125,-65.04150390625,-0.6819332711862245,-1.4643401059648917
1.9388834635416667,-11.606852213541666,-64.63419596354167,-1.0344916350557583,-1.5074201388774544
1.9435605044087405,-11.606780259066788,-64.6285115600263,-1.404264049612408,-1.5451745715091127
2.09658696101262,-11.467898442195011,-64.39544579921625,-1.7953973738508466,-1.633650443058146
2.1001263581805816,-11.4611408089711,-64.38975231322752,-2.1352543327705433,-1.6892894785488304
2.1144596841968823,-11.431371593398783,-64.3665984788935,-2.5144590016200112,-1.7711458906787414
2.129269126812937,-11.402294539355283,-64.34189085079002,-2.87478581246242,-1.7958010432405118
2.132876184363752,-11.411512575318477,-64.32826418893139,-3.1611146576877616,-1.861745712183673
2.1428444414302352,-11.436987010043934,-64.29060632890244,-3.5329014733953272,-1.9333843422500663
2.1779422376491935,-11.433519973216754,-64.22093548138702,-3.7934035198286153,-1.9158693018178568
2.2802734375,-11.3427734375,-64.072265625,-4.146409599690557,-2.023834606392378
2.2802734375,-11.3427734375,-64.072265625,-4.463820172056174,-2.013655199788612
2.352939908772068,-11.305688615103838,-63.85728333366173,-4.8070019334118115,-2.0319678410888673
2.3555367891905736,-11.299521024109888,-63.84689581198771,-5.122217823276074,-2.0790699615644153
2.3564419259339533,-11.297371324344361,-63.843275265014185,-5.448104049822945,-2.140795187621328
2.4048984453055615,-11.261054084737179,-63.703137900858955,-5.784171745502093,-2.2270823627354988
2.5075230935871504,-11.219110117466059,-63.435007703219284,-6.128088040240186,-2.3354848495852822
2.5112810531722634,-11.216688321288986,-63.42481945723298,-6.4508786404477405,-2.3674069692531807
2.584671289774148,-11.162585725680056,-63.22666310749625,-6.761627433873414,-2.340363488419884
2.6825368118557327,-11.080966107039279,-62.9871193217621,-7.12075558261202,-2.430989410441744
2.830529640891908,-11.019643612393237,-62.6240430171321,-7.461102279741539,-2.3928098640903057
2.834432337831256,-11.018082533617498,-62.609524984517726,-7.796162209736636,-2.4961595807963897
2.8918029163752235,-10.9908445463079,-62.40546993398811,-8.08553574887793,-2.510690728529212
2.9796920234417503,-10.937483302731794,-62.11826088768142,-8.404957295137578,-2.5200943351456906
3.0478802310728828,-10.888047758075748,-61.86994892965779,-8.695581750546268,-2.645430960208656
3.220061943470245,-10.704606746841849,-61.10250870963614,-9.073175400788472,-2.652445180615745
3.2223588515787784,-10.693041236952036,-61.033225899458046,-9.360939011956773,-2.631507043311468
3.358598149307043,-10.478460197914435,-60.026278016125865,-9.714020473361614,-2.684848280470197
3.3611730685996286,-10.474597818975557,-60.009389574883315,-9.967167749447555,-2.7430530912453968
3.37044050016879,-10.457423050380374,-59.91468700908141,-10.235019337539853,-2.772664548546224
3.375268281608844,-10.445957069460245,-59.83925292408056,-10.57537487578027,-2.725570744970297
3.378914868071652,-10.437296426611077,-59.78227501059919,-10.869273761378608,-2.859426101804143
3.3797638000454535,-10.435280213173298,-59.76901044850854,-11.181616994560102,-2.812340882265777
3.393883316376845,-10.401746361886243,-59.548393005830555,-11.453295534981677,-2.858081775479332
3.40576171875,-10.37353515625,-59.36279296875,-11.789386129552128,-2.8733566645778987
3.4145816133896023,-10.336995592743076,-59.124655813480736,-12.089405090126817,-2.851160726647974
3.4301289841814446,-10.284945122000913,-58.83991340441224,-12.423634667838272,-2.7824182505472006
3.458757864624215,-10.214822670354199,-58.51821588010204,-12.765868664680909,-2.8351947817892156
3.4743489254927216,-10.163753493302767,-58.22552217979841,-13.094057828852229,-2.9989244471534238
3.474839071620307,-10.160199933877774,-58.205426188567415,-13.4311890750932,-3.0585433889472244
3.4802612911652373,-10.12088884217703,-57.983115187225266,-13.719279512668123,-3.0752144054122987
3.4996863689974105,-10.079731372326052,-57.82251810830162,-14.026539533017015,-3.005381118017267
3.5268849498820756,-10.042056844982847,-57.64169519859563,-14.317196979671479,-3.0484828182219657
3.5910462939049586,-9.98856424745068,-57.39839102801753,-14.667180525272784,-3.060404247921409
3.663431577259314,-9.923115109896873,-57.09605206219312,-14.922529590130281,-3.0251519335379475
3.6679171863788724,-9.91888340318031,-57.073200845923665,-15.16074541016441,-3.0325976598393036
3.752958499126553,-9.816750473117237,-56.48820361024845,-15.43959485086971,-2.991544531200329
3.753400782867495,-9.814539054412526,-56.473519790049174,-15.753363530792,-3.0249411125776513
3.769999974446326,-9.772833402905272,-56.23291561731741,-15.986168046488046,-3.0403939194015166
3.8037615456352754,-9.696052076818264,-55.8220816906049,-16.312425221992896,-3.075356193639865
3.806031058736151,-9.692723457603645,-55.799235258722746,-16.524508554634465,-3.124688773910576
3.8067862542720246,-9.691615837484363,-55.79163295699495,-16.80336116175596,-3.083327162216548
3.8256883927973107,-9.663892700980611,-55.60135142917374,-17.008190604384936,-3.3647276199829097
3.8751660026560426,-9.61404577004482,-55.35781440211377,-17.298809338975914,-3.3309913112713416
3.8760549643338797,-9.558366808196267,-55.135579909132375,-17.61162398084018,-3.3117446946131985
3.878089175109875,-9.545417296919362,-55.060108578435546,-17.8502627434453,-3.1510493893257077
3.9085915595923546,-9.47517867369366,-54.54620937864838,-18.092406777022745,-3.2664535608307212
3.9093449872693786,-9.473150214563212,-54.52969192572901,-18.419515150236634,-3.302248793685483
3.9274609368090196,-9.424376504264178,-54.132534570436874,-18.72327942322356,-3.279559688550442
3.978478632920423,-9.380821459893486,-53.8542367220445,-19.03278322503793,-3.1963219082657335
4.0508046426479805,-9.353755866850337,-53.56294307479667,-19.299504182738858,-3.2839044582159977
4.054214942733767,-9.353187483502705,-53.547454628573725,-19.70238498294468,-3.184278064631447
4.0793349268073005,-9.323516999183068,-53.29732223276627,-19.98597347465784,-3.1937656090683886
4.091185635279448,-9.289788059685417,-53.07398195771425,-20.35851059629691,-3.127344567094635
4.119954769891493,-9.242597327154167,-52.783146010712066,-20.663537787014448,-3.0872731408133944
4.1972702529101475,-9.168374463456258,-52.38265180867543,-21.007159455864112,-3.099047549566563
4.207884685391381,-9.10032148981232,-51.980625321597564,-21.418697649905127,-3.002743773426445
4.254328816081769,-9.03347905070637,-51.568013639114916,-21.75136023398204,-2.9620867007253175
4.290953018950339,-8.955858567815083,-51.13380589525863,-22.1234162334744,-2.924849101927097
4.292742606973658,-8.947507157039597,-51.091452312040104,-22.473368473651874,-2.8108515737293267
4.300206606526359,-8.91267515912699,-50.91480432262617,-22.807641332623504,-2.768886676450868
4.322249598806823,-8.862454803650559,-50.56760717920448,-23.121765596656772,-2.678368149293302
4.353638336820548,-8.664073568614535,-49.30187876277412,-23.452343549874726,-2.5997060988104588
4.3540902358952005,-8.66231618332422,-49.29153529506541,-23.869203744904667,-2.5812422859579596
4.354407314251449,-8.6610831008277,-49.28427772380017,-24.897173941131143,-2.4059834989387916
4.327472880811091,-8.612965358669237,-48.99712808951542,-25.226260741759518,-2.351800719022248
4.353490993601632,-8.545897471562808,-48.68317405029055,-25.570013052571127,-2.3217616331146287
4.337712409588279,-8.475770431503461,-48.344811082004206,-25.890837881445606,-2.1767086515387613
4.34306240377898,-8.419961798637704,-48.01762835803276,-26.30531753766597,-2.0477888561642557
4.3434141360807805,-8.418598835968226,-48.00892298356319,-26.600407787149095,-1.9923684030053919
4.35507285981063,-8.370301869522601,-47.70267585732498,-26.870490974846604,-1.9419220409472058
4.363457623834051,-8.325024143796126,-47.4226247389427,-27.183903646728936,-1.784721053704565
4.383824450870878,-8.294360934846338,-47.252980133166126,-27.471627330862233,-1.7746832065918068
4.40185546875,-8.259904253071097,-47.09138593136901,-27.701400355730428,-1.6226895458370842
4.40185546875,-8.252457395063589,-47.06238237912924,-28.031810419144747,-1.5940284640135083
4.40185546875,-8.196888681911773,-46.84595686474849,-28.213276156277132,-1.4971578084478139
4.37014303147664,-8.15381934269807,-46.61263150202259,-28.420848241555603,-1.4496584601738511
4.416835048967987,-8.144782178022325,-46.40628290859309,-28.6130957643483,-1.3244501083450533
4.411643115871322,-8.12013073957466,-46.20733213993764,-28.82548257315203,-1.2698566209266193
4.387478695055921,-8.09583851090255,-46.03053974930099,-29.03053590524722,-1.245159376754652
4.387986937302094,-8.095520859498691,-46.02418672122381,-29.1721542070579,-1.0880701023096928
4.397569532805148,-8.07731172808089,-45.86068892366766,-29.368213754995452,-1.0564410211824724
4.395406560734397,-8.012403542255202,-45.68723219985922,-29.458650926241546,-1.0303315071979509
4.41387961833748,-8.006245856387507,-45.55792079663764,-29.606064906391126,-0.8869227447695062
4.3964997634671565,-7.990317628336358,-45.417036969668466,-29.73156677409348,-0.8384945104361459
4.405570601095334,-7.925320271272095,-45.28167101961496,-29.909571222086157,-0.8500790159370331
4.396370528338734,-7.926634567380181,-45.184413107616614,-29.999238813597557,-0.6744989349898484
4.396179739630117,-7.926661822909983,-45.18239619841123,-30.174379867223834,-0.6570857166653754
4.370648028616689,-7.906963295650922,-45.091060949329325,-30.311003765801487,-0.6132192684277671
4.3308044071963465,-7.869273383496544,-45.001682014791804,-30.457641604433675,-0.5122753501815547
4.306093259088869,-7.840220348967684,-44.910904889474864,-30.574876655188746,-0.44789468215585415
4.322528613105924,-7.834243856597846,-44.81378688846499,-30.64781024132577,-0.46146256301736555
4.3232026516214095,-7.833998751683124,-44.80980393360076,-30.78882559604152,-0.4042204799399836
4.309331268936881,-7.794719893124116,-44.66683746143511,-30.883936852801767,-0.31065151626303683
4.30845742519241,-7.793471544917728,-44.663466921277866,-30.991913554655767,-0.2334030209752205
4.292598803186556,-7.775883887417925,-44.58613431952971,-31.0707086897293,-0.21690250220203974
4.28799837762455,-7.782017788167266,-44.52786226241097,-31.17788043394181,-0.11699301219184442
4.281902812075102,-7.774091639881428,-44.46193265178857,-31.27044171276752,-0.06093547450875161
4.28168645775014,-7.773713019812745,-44.45966093137647,-31.345928772012087,-0.08758878371064548
4.285706488692817,-7.7521753834286375,-44.391064968594755,-31.441891363332545,0.013681443218491612
4.303912880356034,-7.721831397323276,-44.34099739152091,-31.495330617504365,-0.002861572020920328
4.312696690586915,-7.723341221836915,-44.30018773302197,-31.510431528583922,0.037287059703697494
4.326323970815927,-7.731301233028254,-44.275534704471745,-31.582742094635364,0.10385645361534286
4.314057982666905,-7.731135314819484,-44.22494555485243,-31.624482370912347,0.1195536379474507
4.313159488556804,-7.7309855658011335,-44.22274923591663,-31.664213758766905,0.12448991457669108
4.28955078125,-7.72705078125,-44.1650390625,-31.72292067790609,0.1940587511598497
4.285052469662828,-7.722961407079843,-44.15440668965759,-31.736965574655912,0.22581244730559366
4.269712495717793,-7.709015976220721,-44.11814856942387,-31.784192983304493,0.2558886128476264
4.258800921855888,-7.67537598424122,-44.05482981227066,-31.85501281299446,0.22768946668702544
4.2578125,-7.650713410413368,-44.016353318745054,-31.8387964131404,0.30432990309587993
4.258439499382646,-7.638352839737204,-43.98354822677559,-31.936984183825558,0.24247430067600514
4.258501432013975,-7.638755401840835,-43.98274310256833,-31.962028867958466,0.28681443209139795
4.26150196752114,-7.658258882637408,-43.94373614097518,-32.01323876359484,0.3393225962074558
4.243249017418273,-7.619344516803854,-43.91461024969279,-32.06916512631611,0.26287764196057894
4.262701143442215,-7.6415801823785445,-43.84755712398234,-32.04653900761825,0.35351520250438395
4.267525276301511,-7.623891695227794,-43.76554686537432,-32.108574884494914,0.32798190365341134
4.267665218914673,-7.623378572312865,-43.76316784095056,-32.17667818545155,0.335049499287328
4.288938239192496,-7.6016485267128875,-43.69840468240212,-32.23924545625334,0.344508137474559
4.285596990682048,-7.567377860357505,-43.615842993312626,-32.344744512943606,0.37443841392925614
4.265759103400107,-7.538698695680021,-43.52429025275107,-32.41171122920832,0.3767623377037838
4.257736250731993,-7.537094125146399,-43.44406172606993,-32.506072414808415,0.3713986810262193
4.265404207434771,-7.527842119275825,-43.33262041150825,-32.603051900179125,0.40750664863973257
4.265909232727636,-7.527400222144569,-43.328201440195684,-32.69182391937743,0.42629891944155107
4.3212890625,-7.499377347471602,-43.163934569954655,-32.76172812230935,0.4410694043091151
4.3212890625,-7.499143527458651,-43.161502841819974,-32.83664031474058,0.5196268556496136
4.3212890625,-7.492457901662281,-43.09197233353772,-32.94281322249911,0.4839456582216299
4.307845425179754,-7.465267619976685,-43.03043726390644,-33.014423340615735,0.5363126060554233
4.282129146782635,-7.4719833599522785,-42.97342715709667,-33.016956218567614,0.579956473685839
4.2816219665398485,-7.472293303433982,-42.97235644325079,-33.11303083712265,0.6148073470732456
4.312797210568239,-7.470856857860486,-42.84571338015273,-33.18146034496969,0.5796835769648921
4.314423870429866,-7.470408124105554,-42.843189252781244,-33.288063011419084,0.5744570692115072
4.301984718650231,-7.421097283500354,-42.78831284365023,-33.33373826103288,0.6284605432970167
4.308144724469987,-7.438180151227968,-42.76269090387804,-33.362815071258694,0.6457449340844805
4.307122375099523,-7.452157145700637,-42.758307312400476,-33.420013740547205,0.6301648588503262
4.3002964093255756,-7.4521518780755756,-42.75537625461336,-33.4549177986994,0.6542718940790672
4.2999280433536455,-7.4517835121036455,-42.75482370565547,-33.48783266573825,0.6442780930915863
4.2947209620458375,-7.44082906487908,-42.74658203125,-33.530196185480804,0.6782868129937445
4.290235893956578,-7.416500108858555,-42.73994292520658,-33.488877343191376,0.7240367596480568
4.278092943687216,-7.446857484531959,-42.72779997493722,-33.52967831567071,0.6681562547101741
4.266939588015938,-7.432257212275235,-42.73051883524469,-33.5521098762504,0.633401221154469
4.256935309818145,-7.416417105128729,-42.73385359464395,-33.56808923591406,0.634230724109783
4.234112452017093,-7.413181634542261,-42.72752679092806,-33.59181690633882,0.6345080594245038
4.220195369514516,-7.411595128102689,-42.72510739336774,-33.60740346490478,0.7051322561865994
4.211533456255715,-7.400045910424287,-42.72943834999714,-33.67674395702825,0.6625030845354347
4.225507779023922,-7.4315868387413255,-42.78405992887395,-33.65411949019389,0.6166648935464715
4.200342464428125,-7.428540372839063,-42.837491157339755,-33.64743825990834,0.599618180502208
4.191702005058699,-7.424220143154349,-42.84661164222971,-33.661614908407714,0.587108839107826
4.196660891050135,-7.431524172300135,-42.8987362312451,-33.63330983651517,0.6143081059431968
4.194381847086971,-7.447498288228258,-43.017394486652115,-33.571394282038824,0.614755443024632
4.192917659188214,-7.447864335202946,-43.02325123824715,-33.54971561811061,0.5569143441334006
4.218036584388244,-7.478443502856857,-43.14309661295682,-33.49953157236439,0.5200794795747022
4.216495388830024,-7.479342533599152,-43.15054572482155,-33.42645517669011,0.5533787507202743
4.200593300384787,-7.4886187518588745,-43.22740581897353,-33.394450920948486,0.5034366092575632
4.222001994314369,-7.582911391931077,-43.48927157349382,-33.260910954338414,0.4950467184239325
4.205428969129924,-7.710933010187029,-43.795131825417435,-33.14255931345771,0.4751680566351992
4.206682359596222,-7.718766700601387,-43.837747101271546,-33.019037443306914,0.39599376837791633
4.207181686913281,-7.721887496333006,-43.85472423005155,-32.874484052741764,0.3370536860025539
4.207379689543898,-7.723125012774363,-43.86145631949254,-32.70882654939332,0.3280630168025061
4.224825153388983,-7.827228077156101,-44.25297551786814,-32.52666337789735,0.23767172699493372
4.225934285863691,-7.833661045509405,-44.27027798447357,-32.34256507093062,0.2385349197828726
4.198464913601241,-7.867603822428511,-44.49609630920495,-32.16148258183914,0.17175676201498727
4.180637797748231,-7.906209259243145,-44.74173831196153,-31.94840348775925,0.0868588953758209
4.191378513654344,-7.947829533379332,-44.97534888291948,-31.68102782131028,0.11135016860697745
4.170017805979668,-8.000655602726166,-45.267739645998326,-31.475063126319412,0.03672848594494557
4.165661923334766,-8.005849155110472,-45.29622041713807,-31.24023874480922,0.011274051040821445
4.132997861513487,-8.048977389797702,-45.53719571444181,-31.053189189005593,-0.11140641821021899
4.1263098178567095,-8.095840748215693,-45.81287226339935,-30.796952312175932,-0.17618530863851428
4.106636505182446,-8.15977901440705,-46.10797195351331,-30.53868545406864,-0.21802284186203916
4.07248681188475,-8.215037115403666,-46.34330603759542,-30.26576525764081,-0.32832814316537084
4.068876944163469,-8.219850272365376,-46.36307436083101,-30.04259701669794,-0.3663534538716576
4.087166149592567,-8.376735562390815,-47.02469281739897,-29.740506828376255,-0.4014948399992202
4.083021191298501,-8.388341445614197,-47.05757615319855,-29.494494408832892,-0.4117997293799136
4.084564749699868,-8.444316774947218,-47.38591739953324,-29.100673660740043,-0.48632041437530726
4.085765711822938,-8.503987499843563,-47.73325011498173,-28.854703348174795,-0.5906591891263552
4.076725884774991,-8.588846337577877,-48.12512527043374,-28.480730096208262,-0.6595552341279614
4.063747320955908,-8.721516101061829,-48.67887732671459,-28.094198850848983,-0.7494881156963755
4.065008166640202,-8.824090974857091,-49.17694101998646,-27.75521033332855,-0.8580284269733086
4.0662764508257006,-8.830939709458782,-49.21752611392241,-27.397458815564917,-0.9454078583290331
4.088433573454391,-8.900608761876205,-49.51581899492217,-26.950572223571555,-1.0031833274134583
4.102076660035697,-8.978525148714612,-49.814953622322754,-26.52301101312797,-1.1027967491885229
4.095477971527549,-9.100600886115341,-50.309855260433814,-26.029792148032712,-1.1343655500177532
4.062078381025632,-9.229979893312029,-51.169254101367734,-25.5626940755473,-1.2382289431408096
4.060067889286443,-9.24472349939942,-51.21884623093441,-25.141667993300388,-1.2912775884527647
4.040545549613162,-9.37245391003682,-51.707707840561305,-24.71431024835414,-1.3915802097903847
4.018924943652534,-9.488453274752274,-52.220123469480995,-24.152246324357876,-1.441132140591327
3.949217798184698,-9.60927899356319,-52.74292706048977,-23.75187438095506,-1.4895357781478196
3.9459968552022415,-9.614861961399448,-52.76708413285819,-23.310574415263716,-1.5347468827280635
3.8890288057383042,-9.713606580470273,-53.19434450383772,-22.900607281491048,-1.6069340864469221
3.8724280801216295,-9.748867164602872,-53.34762018702374,-22.417732322889748,-1.6672775653532717
3.871351619032219,-9.754083860651555,-53.370557088698106,-22.014140511841447,-1.7466845469043064
3.852344831691899,-9.846193676223875,-53.77554786510339,-21.557760824409854,-1.9446847842943655
3.8360634101119024,-9.926128261940487,-54.23279572140068,-21.143932354832344,-1.915776595563095
3.8057020256504352,-10.01035336179515,-54.64168173988282,-20.713658746481215,-1.9773668419335249
3.4505573673134964,-10.749165643715223,-58.00219137106686,-20.299747199414952,-2.062835485272303
3.2940470285503434,-11.066329585349234,-59.478931993997094,-19.905621835698625,-2.2156849325581547
3.0623933272612898,-11.34546030982294,-60.781503126129216,-19.535671690129163,-2.2253052609689377
3.0497431316320593,-11.357106521672073,-60.8234696481373,-17.826251882460525,-2.2223172719358675
3.035515050478566,-11.370205390035606,-60.87067074275762,-17.44694089128427,-2.232556492496155
3.0138146109202144,-11.385934684566712,-60.94742522078235,-14.013200577995917,-2.4021885587924685
3.003792977916527,-11.38384684435761,-60.993357705382586,-13.577553140507746,-2.435664467651018
2.989591408607107,-11.380888184084814,-61.05844823138409,-12.244612308029943,-2.3596355455301623
2.9503360593405485,-11.391190613236086,-61.25185583637234,-11.841712860912622,-2.3720685487774933
2.9294857453560543,-11.431401933063324,-61.37993633656281,-11.365229951636039,-2.404382323627307
2.831880410586846,-11.477036220829424,-61.68324040622068,-10.972691180520926,-2.449482717372586
2.7284728977334565,-11.525391340019839,-61.96019200485688,-10.503861765412111,-2.4919344069107208
2.6085240684180455,-11.598606859212362,-62.21722521053276,-10.10137738168514,-2.4503347174153034
2.603152336947649,-11.601885708291695,-62.228736063683606,-9.64462156277176,-2.4122120402929164
2.4390351257547573,-11.602546050993128,-62.505374389459824,-9.243033454090835,-2.4331091052579836
2.359658672477577,-11.641695764236522,-62.74116018706583,-8.817562146145619,-2.4112497937957307
2.1805541706969325,-11.674165001401434,-62.95168653126413,-8.445476568523915,-2.4517990430422545
2.004334052729223,-11.706111338576866,-63.15882245940161,-8.02691210479479,-2.3954219006498914
1.8323299858257516,-11.718643250516564,-63.32975787654969,-7.678740367663124,-2.4320606282484154
1.6856359637215874,-11.75733920992856,-63.47142098487132,-7.294460089986472,-2.4647125759019173
1.6683292369422245,-11.758611763368219,-63.48261945514032,-6.9358846434920025,-2.364091434274343
1.4582052129857221,-11.774062059247374,-63.61858205887689,-6.569244210538457,-2.4076623467178715
1.2243739664256597,-11.76346429631615,-63.772953462714405,-6.238350376263014,-2.447645981126018
1.095173731127253,-11.768892877631208,-63.83158214091704,-5.861481444321697,-2.435580923968224
0.9722677707684344,-11.774056993612671,-63.88735459351685,-5.475801944979551,-2.332462619095405
0.9603198216523408,-11.774559008281415,-63.892776351939276,-5.157927515045671,-2.379239776755592
0.7335565517673952,-11.804824271019179,-63.97722718973015,-4.749932294437102,-2.3675400622030276
0.5373422190433135,-11.815900886576184,-64.11014657641421,-4.386391279029752,-2.338026916708594
0.32330999543458633,-11.814313501569682,-64.22363361401223,-4.009600024571185,-2.2977469747952397
0.12707376385786062,-11.82305871985598,-64.30660811545789,-3.5511334041553795,-2.2994204198342425
-0.07217181414971874,-11.826762629813933,-64.3842228320397,-3.2043084546537415,-2.3250571879986643
-0.10107231717871051,-11.818754056685417,-64.39014221217818,-2.7585166657920155,-2.326608597592905
-0.33860012484983365,-11.773867543663751,-64.44705397228468,-2.339233163018889,-2.1896853919524295
-0.5693087210088444,-11.760082172054952,-64.51217670785346,-1.966281302100171,-2.1920550076506444
-0.7335813720889539,-11.756458510634067,-64.52183980497583,-1.5133475066793807,-2.281894968876193
-0.9053286903782894,-11.754371402138158,-64.53533485814145,-1.1164767536322273,-2.183402227684448
-1.0613655646591487,-11.766211260577045,-64.57309562235574,-0.6866548887042399,-2.1969117455879967
-1.0732942526084743,-11.765872858082028,-64.57318022297949,-0.3526819066141087,-2.1427327677235817
-1.5195067957166393,-11.74728750514827,-64.59835030117381,0.11511435435646433,-2.1074824244504238
-1.5297145284184515,-11.746624665362438,-64.59980854870264,0.4464188607633872,-2.060754959929113
-1.6989899497479042,-11.764411157749743,-64.53466372900093,0.785478423909808,-2.1432130970555456
-1.8645631612744782,-11.769691787715795,-64.45191216020356,1.1514112373174044,-2.1287770745755354
-1.9824288867932753,-11.779410526152146,-64.40072596902182,1.5505377819375639,-1.9919391964223432
-2.4789872861980125,-11.81975484475796,-63.95029416211583,1.9028064033855117,-1.9843129666876176
-2.4949165432668354,-11.822276022135759,-63.932989717386384,2.260268672537265,-1.9783558786025752
-2.519698563429284,-11.826201815297871,-63.90607916418273,3.57134289550757,-2.272160380925165
-2.6699646133075503,-11.853091529486614,-63.75264961851755,4.094972851945158,-2.0263743663679477
-2.7598400276960238,-11.860569564568525,-63.653190812763775,4.471302681887849,-1.9862690587248961
-2.8498476640520973,-11.802312086488849,-63.49174082993509,4.8181454097775855,-1.9471534511482502
-3.022366234412231,-11.831319633717543,-63.284107860298114,5.21648762852648,-1.8432176660564616
-3.195387794629152,-11.85781541339096,-63.07887079733745,5.583986550283129,-1.8338203316722848
-3.3231886068012986,-11.871605437104257,-62.89264848536847,5.939896794670119,-1.8034552975451754
-3.409331290031294,-11.877587567884119,-62.73591665893612,6.29855580762522,-1.7191217631848976
-3.4154747912523398,-11.878014199913357,-62.724738899770045,6.664941728760439,-1.670435075876008
-3.5095656980185783,-11.90916766003374,-62.577590878857464,7.015285669794224,-1.6128997442162094
-3.6848085712164913,-11.968927451380642,-62.370214446099844,7.379244892046813,-1.4945520617477146
-3.77841906228792,-11.947443076380642,-62.159974490742705,7.695259435907246,-1.4698173114409616
-3.881661599856255,-11.931168192626703,-61.95221731218991,8.044096051000764,-1.3734766207950446
-3.9229148674418064,-11.927417895573472,-61.878148945388574,8.391769803905362,-1.371228576122148
-4.035313882567499,-11.961414727097642,-61.67294047479128,8.712297153624803,-1.305329775267733
-4.154417794552717,-12.000820483563299,-61.452208570819685,9.07626517727411,-1.2174954347783677
-4.2447869502910835,-11.98181755386351,-61.216621783818255,9.42956917221477,-1.1039639755624733
-4.329641990953287,-11.99139796168021,-60.966162550895945,9.732450617719849,-1.1120045636236013
-4.467568754385135,-11.998859821518064,-60.6639733181965,10.117947293540482,-1.0183687789506424
-4.592619732740333,-11.982624995688317,-60.39422929745438,10.432050099767451,-0.9183032663419025
-4.597950724470525,-11.983015068253941,-60.382397096297126,10.739395008367936,-0.8529007564009795
-4.708996939513556,-11.991140401061967,-60.135928667786985,11.139492520867307,-0.8077326577594374
-4.797411678521244,-11.9923307736292,-59.89338745131943,11.515026993367158,-0.7768012129093959
-4.852045141813042,-11.974770286934552,-59.57615552063282,11.811694104300472,-0.6317498242783961
-4.986407547070501,-11.973189552755054,-59.144615089629454,12.182346849071365,-0.5748668744547123
-5.075715620451489,-11.96266140018148,-58.91706566898814,12.499808589721567,-0.4876676225097747
-5.08258336874263,-11.961100548297129,-58.90426668353646,12.844612200188749,-0.3879307206732358
-5.15360565195859,-11.953564212234744,-58.72279920021795,13.216749539534959,-0.2670308215241853
-5.206792180280104,-11.96071348662389,-58.47894336813181,13.535570601223611,-0.21949462746083767
-5.2941290538925685,-11.94059751726682,-58.1879230652329,13.796556269068745,-0.11945892266538068
-5.401520621034,-11.914937585294973,-57.84674100679242,14.155559349700965,-0.05336660636528071
-5.419990013560602,-11.910524544602776,-57.788063910181364,14.44661152414146,-0.0166796076395541
-5.507658471133063,-11.889577214032366,-57.50954199630071,14.747670149731618,-0.010372910930836777
-5.52210626090142,-11.898074557413409,-57.3928983888033,15.010009393334201,0.05523629358704359
-5.549599029970476,-11.908955763880295,-57.16361855459082,15.313588356719237,0.19063369950417616
-5.615816887176472,-11.883729913516106,-56.879827737993686,15.589949359668694,0.17714900647565648
-5.693970074454442,-11.86787567002,-56.606075851257785,15.903129814849564,0.19547452898172396
-5.77633531857376,-11.856914472394255,-56.30518465524935,16.16300284346498,0.2931878333289539
-5.777409354209487,-11.857558893775693,-56.288429699332,16.447417355469554,0.38552055971076155
-5.818903656791192,-11.836802299139745,-56.05855133358038,16.74646550994308,0.477005538182622
-5.874214908424624,-11.80120935467369,-55.81886279157071,17.026276084693635,0.4519597792946919
-5.912445269707768,-11.789194098270416,-55.52940434185547,17.31420281958043,0.5383278287346981
-5.950780929249305,-11.772506788400602,-55.25850429345366,17.61878023425467,0.6379895880503528
-5.995953587100363,-11.73929865262562,-55.0185537102174,17.86008207517615,0.6223482199919576
-5.999341928756715,-11.737549831125566,-55.0003003858106,18.18448131755494,0.661316453645444
-6.040512273023544,-11.716300621181396,-54.77851175701833,18.452687506202224,0.7641547825103978
-6.077816611842105,-11.68469880756579,-54.514802631578945,18.715945593474373,0.8706889944432769
-6.111573687606175,-11.657911381862347,-54.273032607788885,18.957540578772964,0.9142070975905094
-6.171308154290104,-11.65936832007415,-54.02389617357054,19.254590494995142,0.8993840645695189
-6.180837628845037,-11.659600746282806,-53.984151291890214,19.5480323472607,0.9570785794386413
-6.200092509936344,-11.586220052413225,-53.72368390450817,19.778252912633548,0.9872469903420246
-6.219351007091835,-11.544213837577807,-53.49161058126405,20.02941889053041,1.0079018015512966
-6.254313209692148,-11.527347301020033,-53.23323189146138,20.290786068706268,1.1040652480367001
-6.3126077919069195,-11.533327154910252,-52.98559066148687,20.62744254570069,1.1939527982150133
-6.382809282331137,-11.495777520497299,-52.67539802937986,20.827011417336053,1.138431560311675
-6.422840994207465,-11.475644887991127,-52.441549746831406,21.134219314490622,1.2697803820293423
-6.447435550729895,-11.464713973981159,-52.233862380641995,21.4624655170211,1.3064196767056317
-6.449864134553867,-11.463634603392725,-52.21335433946179,21.72965902106722,1.3600314032650818
-6.517352572121751,-11.422980049625943,-51.956574239266565,22.02475166741931,1.3669612566932585
-6.570698866520281,-11.407492415768306,-51.6846802226547,22.326881191455286,1.3565647606609619
-6.6114472034418,-11.377350119404467,-51.44177950823426,22.570811953550333,1.3999101422568894
-6.656113898617098,-11.361702237645568,-51.14806146731322,22.852558019163737,1.5168144254949902
-6.658396753771552,-11.361461937102995,-51.12979862607759,23.093141333119732,1.5693446083947973
-6.6796608409662355,-11.359223612135134,-50.959685928520116,23.425941281481812,1.5761488445738607
-6.704454160477606,-11.340149037362888,-50.7605716907564,23.61408639084837,1.5937687986275944
-6.7367161315508834,-11.267559602448012,-50.499249725062846,23.866152426531627,1.6230415416855393
-6.760585684379977,-11.244348547543575,-50.227153213549585,24.04254904658974,1.6469446583053524
-6.777017894623972,-11.229718780821095,-49.91978551108109,24.30898592118193,1.7240174477199053
-6.775985938328803,-11.22579734689945,-49.90079751524997,24.574544249274567,1.7452163815021995
-6.774365877429866,-11.19261351944457,-49.69549414097736,24.79132736898474,1.7469606801614697
-6.802938895488365,-11.1645121012522,-49.44170849120503,25.043334435543883,1.8068440418332017
-6.817063652557186,-11.101824411928135,-49.14395316262271,25.30499496531104,1.8465109155148927
-6.822542459396416,-11.04703634353584,-48.85631580356316,25.5576264932226,1.7950667340971351
-6.838223734439109,-11.006169718621782,-48.54997534006667,25.79488218630472,1.836958867492474
-6.839934995395841,-11.002747196708318,-48.521169113961676,26.066932508276608,1.9097797288485603
-6.8607429329675576,-10.969182371183207,-48.23570193225191,26.35779945567444,1.9962842642290424
-6.898703994791036,-10.932871790308575,-47.915508628175616,26.62569890132447,2.0297431191102784
-6.904457523364021,-10.879330271904392,-47.63044802541148,26.929168663067628,2.072275920477436
-6.937122402969424,-10.86626432006223,-47.447524699621226,27.196210653946423,1.9981352091628524
-6.943667895823757,-10.863646122920498,-47.41086993963696,27.469363751795015,2.091672539593189
-6.968690630534345,-10.84362054394452,-47.25223114648052,27.728783312134965,2.1612126141067804
-7.0068359375,-10.78125,-46.9189453125,27.942419269850348,2.122629535166234
-7.0068359375,-10.78125,-46.9189453125,28.187678776407807,2.1297684037908007
-7.01540104265272,-10.78339127628818,-46.86469964653277,28.392962952960318,2.1902138808271614
-7.036360528502679,-10.788437589148392,-46.73171333908017,28.56799994941207,2.181027566012771
-7.052419836215023,-10.778802004520987,-46.61287446200883,28.741343471940326,2.1790876700593556
-7.053564230254018,-10.77811536809759,-46.60440594612026,28.879738579323202,2.1450842302710917
-7.09246195065818,-10.786753922514746,-46.4186210341126,29.04242672519257,2.1707624298340145
-7.123042200138247,-10.797183379673573,-46.36358962967357,29.115139546134202,2.106088582130195
-7.122319208587818,-10.794532410655332,-46.36093866065533,29.265590376804937,2.076481100468494
-7.118805557565695,-10.774189073601962,-46.324797782484254,29.364780562034525,2.110567175877414
-7.12902655402745,-10.775466698159681,-46.249417933578805,29.44796195425323,2.0589403600019573
-7.130010336173697,-10.775589670927962,-46.24216254025023,29.5096797630936,2.0107404070568737
-7.137013260247102,-10.770365786022218,-46.1962890625,29.649004588543306,2.05477948173498
-7.1420192118710695,-10.731986823571804,-46.1962890625,29.707692907016565,2.0321947579249864
-7.137777572404651,-10.729843368908917,-46.15584925683255,29.783267850681597,1.9805248196696996
-7.1022491665841985,-10.717525455832252,-46.13581065182512,29.855501704079927,2.0256444698474874
-7.107697031839563,-10.710715624263047,-46.08405593189915,29.96149253961815,1.9706012650971148
-7.11181640625,-10.70556640625,-46.044921875,30.03117696632853,1.9374746592998529
-7.11181640625,-10.70556640625,-46.044921875,30.081327717463722,1.9019828012461022
-7.112709892165493,-10.682335772447184,-45.97254951584507,30.174935098574736,1.9132412304886348
-7.114192341549296,-10.64379208846831,-45.85247111575704,30.224189755061957,1.8950324933754674
-7.10450661842556,-10.65044801009952,-45.76497933297973,30.26112947311381,1.858844131384832
-7.103071507219397,-10.651678105419089,-45.75288339567063,30.356515426065556,1.8586835064248997
-7.09716796875,-10.65673828125,-45.703125,30.41432385266839,1.7996518987997505
-7.10148751687833,-10.652418733121669,-45.64203424789933,30.48432942163413,1.7974076652185047
-7.111956465027644,-10.641949784972356,-45.49397340978761,30.63436037711375,1.857229179920351
-7.104600269878424,-10.614297388118363,-45.32984176303102,30.71564296670195,1.7440248907542757
-7.0974006006032235,-10.595398256270961,-45.23174626915642,30.863166793463762,1.8373301534266777
-7.101241737249426,-10.568833382001722,-45.13211530493057,30.9688013618416,1.727168128830041
-7.115364066741491,-10.526466393525528,-44.995128708857536,31.13896408277236,1.8009390846671958
-7.119140625,-10.55031947085732,-44.828112953587585,31.273290817285044,1.7749793551004363
-7.11729308317727,-10.480873066965284,-44.626063038070214,31.46118658632315,1.823766386928444
-7.110205689568426,-10.468631205277282,-44.54874601688282,31.621428025624766,1.863526323435142
-7.1179377900136345,-10.419972816376012,-44.1851664039134,31.764152759160908,1.8702479292771468
-7.133578343318889,-10.402088468893703,-43.98703619326472,31.940392139709047,1.9310573454489477
-7.124185516032871,-10.394111524297722,-43.79431510332743,32.10396829554381,1.8781592217632295
-7.126913051213879,-10.391156694518298,-43.77999554362714,32.27744125132716,1.9655743107540924
-7.159695925985606,-10.355641913515594,-43.607885451075575,32.45104047314629,1.9196805567216504
-7.180173854179,-10.3393566249926,-43.3984637081656,32.669272391035236,2.037920035386613
-7.189739722279985,-10.331150219926661,-43.20290736754316,32.85582339062495,2.093395451103342
-7.179816989825936,-10.32784264244198,-43.09210352180628,33.05118649960818,2.1272357087796223
-7.178972413436765,-10.327561116978922,-43.08267241879387,33.22385406414318,2.130608720223394
-7.16851655578505,-10.298342752453284,-42.91560141180147,33.4398935700367,2.193860354417347
-7.195557843288177,-10.212270050800493,-42.495562172875616,33.590324303822,2.1714772747411466
-7.198214526246921,-10.18968824565117,-42.39992158636084,33.81979572830491,2.339130060239664
-7.198425794078407,-10.187892469083538,-42.39231594442734,34.08414873021192,2.4957981346710003
-7.20807572030533,-10.164548195927463,-42.18124610478071,34.30157001540374,2.572118409531758
-7.212492480966979,-10.160298929268857,-42.04791146402118,34.494472046676236,2.7069054498592138
-7.207545028880381,-10.125666764662668,-41.910619668618075,34.718259927127775,2.7464596711433065
-7.195028008398513,-10.102111918144553,-41.76646135146533,34.907925945215624,2.7772664765082613
-7.184067105244202,-10.07819963002899,-41.5966352731092,35.04821166097241,2.9408304927061346
-7.192848687425751,-10.034291719121246,-41.43124880869002,35.21108051322588,3.0269436447039415
-7.169884728150577,-10.034805516916427,-41.16335268070534,35.36552343097685,3.033977338765165
-7.1794923288817785,-10.004036128442518,-40.98572452120418,35.55583345934298,3.060726471227723
-7.1801380993506525,-10.00229067865261,-40.97839157538561,35.715144212336355,3.088546695258894
-7.173513300748379,-9.975791484243514,-40.870738598098654,35.8405494973988,3.226389027542027
-7.163917706822641,-9.945344324507337,-40.709219476465194,36.062695594914686,3.327229845669967
-7.15117499080255,-9.909947891118197,-40.49117744678809,36.180884670220195,3.4214847020713774
-7.177142175156831,-9.931048425156831,-40.31185282139155,36.30125838791358,3.4872410087514587
-7.179447443511849,-9.93335369351185,-40.30121312129146,36.49711529572852,3.5306782132020222
-7.116967274412208,-9.894049976919398,-40.196717951559535,36.642123730633244,3.475682531251922
-7.127793648400903,-9.881176545421592,-40.06723751533571,36.7556991456903,3.5769514480109956
-7.13907096082333,-9.86955245302714,-39.93066814000522,36.92100536020183,3.652979025445079
-7.124259716516873,-9.840704865323115,-39.81276007922778,37.049207554597416,3.758802979713556
-7.113822975818823,-9.797218335689607,-39.67302364428725,37.17938160690815,3.750983253670239
-7.107191617873147,-9.795007883041048,-39.601183933209086,37.269433039470755,3.8404738206985156
-7.106556906126369,-9.79479631245879,-39.594307889285666,37.37264071827582,3.915372207135029
-7.074356694858368,-9.807613538002858,-39.43699529601286,37.489145563017786,4.000845651795281
-7.073965677307415,-9.806701163717301,-39.43288961172785,37.57219637820603,4.014787422210862
-7.06649218185708,-9.78926300766652,-39.35441790949934,37.633749343547606,4.056990394184292
-7.062500393220254,-9.779297661440507,-39.28450370098903,37.752873234387124,4.158132086620312
-7.06370718617878,-9.78171124735756,-39.27987766131468,37.8359935858453,4.170431538289378
-7.07344174677874,-9.80118036855748,-39.2425618456815,37.88991202444552,4.296885944166046
-7.046599319677034,-9.776091507177034,-39.19294585451555,37.908429559294746,4.284036245020877
-7.040226428456659,-9.767449812339322,-39.18055051316332,37.98519797496826,4.341385740700231
-7.034453791396252,-9.759368120454752,-39.169005239042505,38.07075991420652,4.359005613269777
-6.992213082321865,-9.741596377816101,-39.14080492899712,38.10797252867988,4.399801280200924
-6.99556760691364,-9.74288657958217,-39.13977276758426,38.0102772640231,4.418960488135826
-6.996987261730205,-9.780398013654692,-39.14555971923112,38.03548051700338,4.452941197203534
-6.973479185791072,-9.808047858734152,-39.188671403655576,38.040384129394226,4.457570326053943
-6.965670203959979,-9.805119490547492,-39.24821489011766,37.962883693142714,4.5625948555876645
-6.962873259679114,-9.804070636442168,-39.26954159025925,37.993496396513564,4.534314560259277
-6.970431761181676,-9.798696394126663,-39.354561569915035,37.92088265125679,4.576556869226863
-6.993550176026611,-9.830167760852865,-39.53658099176432,37.857606585136125,4.698586833059774
-6.996077491546924,-9.834660766222308,-39.55904601861154,37.777284112999894,4.682978899521838
-6.9397372209191595,-9.8818144787515,-39.634759700594316,37.65233211420457,4.64955393940357
-6.9171686527422915,-9.870027754145374,-39.76265739997907,37.578705325680204,4.680001084924084
-6.905691934756265,-9.867745482561277,-39.892647578263905,37.44930471236836,4.721228520921421
-6.91116344635033,-9.877594203430595,-39.94845699652337,37.34082746393793,4.688790076418528
-6.849370440832133,-9.94990056135927,-40.10980746427714,37.16876258685724,4.797736513342858
-6.846376989659831,-9.952232399954102,-40.16002831043456,37.032746734123975,4.667878530461199
-6.838759364643954,-9.956802974963628,-40.36570418586324,36.882867277144925,4.7228589397693375
-6.829063717617944,-9.977971810499158,-40.60801093881634,36.68916030823618,4.666773293800868
-6.814862962929278,-10.002754042673166,-40.856487376309666,36.47386698438697,4.595170586589253
-6.785859751946579,-10.032265893602652,-41.08394036027967,36.30940893678394,4.609684301373251
-6.783188773191619,-10.035898424709398,-41.102423533263995,35.975439822184455,4.518933100837054
-6.746004328640837,-10.086469269298462,-41.35973988955541,35.75760866001946,4.5737608279111654
-6.707580978314807,-10.15625,-41.87839687257055,35.50825825852189,4.5269292989359915
-6.7064833631587435,-10.15625,-41.88943400275097,35.257261001233076,4.467921973921474
-6.644044651753016,-10.206274874019574,-42.460256744405086,34.99147108358409,4.463546446563215
-6.642578335375377,-10.207807841141651,-42.47325363957052,34.718806737761184,4.388992204260289
-6.6420734344705945,-10.20833569208756,-42.47772889759018,34.44506170070807,4.3666935890328675
-6.611328125,-10.25146484375,-42.79541015625,34.12267066215952,4.211996106247294
-6.608643454147115,-10.276074326568107,-42.940382382305756,33.82116847063932,4.192681475813676
-6.60201385354851,-10.336845665388664,-43.298380814630484,33.54335661666809,4.184185443954717
-6.570519887095961,-10.400931749024926,-43.68262633757453,33.210190682412446,4.159746417510262
-6.51314576411508,-10.455855265449731,-44.07408821734786,32.86734466546497,4.01745468710082
-6.512629859066919,-10.4575749489436,-44.0878456852988,32.57148985246289,3.97627711380407
-6.500999797788355,-10.496341819872152,-44.39798065272722,32.21874972176104,3.857010229050836
-6.463327792850125,-10.537252422740265,-44.83509822844096,31.864838831795282,3.8082684148245467
-6.427138410825486,-10.582650319693364,-45.26040430636771,31.457614778879673,3.7279383875918013
-6.387396892843346,-10.638262799361879,-45.67045581357414,31.140665936053495,3.6008407770412294
-6.328890280058088,-10.69518815234213,-46.13218367663617,30.740987313965604,3.5990473298877856
-6.326902042533119,-10.697122653717775,-46.147874632238626,30.35941936700783,3.5358761831524665
-6.278374522638778,-10.760562884540985,-46.71144576880117,29.92321780625082,3.447639129400279
-6.222594629842252,-10.80549668707152,-47.22121201130275,29.459965060050877,3.359183040331355
-6.185573044262609,-10.86608399163164,-47.706437157849365,29.0498934116591,3.297840891573358
-6.151891494984889,-10.922019875771156,-48.0458995937474,28.57152963900313,3.202416283770117
-6.112390438333798,-10.976122644721602,-48.41080979116174,28.16741029704147,3.173913227529395
-6.110505344283523,-10.978636103455303,-48.43079178809465,27.664027468538563,2.984037225272652
-6.059491557459677,-11.046654485887096,-48.971537928427416,27.13684491890311,2.8691537443625434
-5.966453948945759,-11.094025015510235,-49.437627458770045,26.627487480675683,2.830701125712505
-5.902770991655152,-11.156154729940095,-49.97660273144908,26.162812800120307,2.7986088995932703
-5.841926322503371,-11.204613067685562,-50.48915025215927,25.67093069737774,2.666291982229258
-5.774991907535856,-11.243100356291883,-51.04972597751221,25.19907370234263,2.6395984273925084
-5.765827903120329,-11.252963261397609,-51.11377026111734,24.700576018658552,2.51189942206098
-5.572332699363265,-11.409702937160837,-52.2475883207674,24.2288556313201,2.3960916319242185
-5.538572997551794,-11.456406425588499,-52.72610352750693,23.747212414955,2.375196710426998
-5.537777073370116,-11.458339384315432,-52.74520570786721,23.24763502288448,2.2740807499167115
-5.480596536077674,-11.516473776422325,-53.03768516726192,22.779895810616765,2.28063569793721
-5.389724734014565,-11.57265142391659,-53.470655480786434,22.294923504970598,2.122865381815372
-5.264005789307736,-11.623130992210855,-54.0630432950007,21.795191445173103,1.9970608485067167
-5.26142205892657,-11.625628598245983,-54.078674863806754,21.31667825524947,1.9496279377773487
-5.171670272211323,-11.712388658737387,-54.621673173434,20.86916503075021,1.8899592430130812
-4.896346263277693,-11.896781344840667,-56.02927953694044,20.30408621628301,1.8328639463170608
-4.892038422325493,-11.898028351432094,-56.048778185460925,19.778455255364094,1.7376022844806598
-4.890304023615326,-11.898530414216616,-56.056628621727995,19.30558647283479,1.7379366089861858
-4.717941562902171,-11.999562395565219,-56.8072846259678,18.811721095538758,1.641707868860836
-4.7125396171070655,-12.003163692761957,-56.83055967636894,18.321699311397623,1.5842115708319409
-4.582756160100094,-12.051236403210988,-57.32341421190968,17.831594534639052,1.5066591235211086
-4.137671521979371,-12.18374953953831,-58.81870913402505,17.28184776980406,1.4523615397239362
-4.1323829276154225,-12.183177799607073,-58.840721121377705,16.81980562150204,1.3989707395837807
-4.120045240361002,-12.181843995579568,-58.89207257643664,15.717442428182096,1.2264894820567707
-4.00088452848898,-12.205887319197702,-59.30118538321775,15.24508588310367,1.243172531113552
-3.8482104951429794,-12.258855861378967,-59.77322856795079,14.768420105548344,1.2095654496071913
-3.6874204030233235,-12.302517793409695,-60.18429634327274,14.222475539190953,1.058937658517111
-3.5225144688286942,-12.356830044223289,-60.61653862476392,13.75442051790509,1.0277433016887536
-3.346595324505503,-12.428432904650348,-61.09711564746976,13.244505027133641,1.007208619737228
-3.1711431738372506,-12.465650027519372,-61.52989761911812,12.7320918484848,0.9094980171348211
-3.163384338638738,-12.467295841046328,-61.549036079274444,12.228797569027662,0.9291184773520553
-3.0112641648628764,-12.49783453534185,-61.92302362509863,11.757353428269084,0.9089464101088086
-2.918080459486693,-12.50991390455728,-62.147354767670926,11.237546152066841,0.8577858806722743
-2.759535690121786,-12.544219516449594,-62.41616296832713,10.75266979891046,0.764874375764673
-2.5526622413371713,-12.563059990597164,-62.82192161107566,10.306369782631904,0.744088650360947
-2.3532214055979748,-12.606967108413825,-63.19217160688269,9.803885445332938,0.6473968318461472
-2.340673606801748,-12.611600141815508,-63.21359938636547,9.362679928054774,0.5779948062837647
-2.137922151820866,-12.659383458415354,-63.531196173720474,8.908817278739676,0.6022547618660893
-1.7199392457167373,-12.716057813642907,-64.1919840039949,8.407968635126736,0.531337117206238
-1.5177159583540616,-12.706219275515688,-64.43044530583737,7.988633582611044,0.5613118671495108
-1.5089405334442292,-12.705201834946433,-64.43896637060487,7.485402520291856,0.46223695004703613
-1.323731122357682,-12.744723243625437,-64.67351225093189,7.071139646860132,0.4457302592388884
-1.3198926296873839,-12.745713822379063,-64.67852705587212,6.600017249596533,0.3792262609407215
-1.1381517824771308,-12.788867056768742,-64.89540300960788,6.093663054971003,0.35066460693645135
-0.9251571039042238,-12.816968252854066,-65.07936668890677,5.685241914613627,0.3203298280787205
-0.6699766058363619,-12.814795146028596,-65.30316941977094,5.224086893880781,0.3448487699666052
-0.5062501494357307,-12.808577685658951,-65.42544614037395,4.786693012389179,0.26222121613507837
-0.49820770520514535,-12.808272276384372,-65.43145252277401,4.357381015571065,0.24651042579510027
-0.33928546350238953,-12.84516868738491,-65.51602516455301,3.8704711534040968,0.18847766562269186
-0.19545065672728607,-12.867187595610192,-65.60630677333195,3.4706793091081636,0.23315932102909834
-0.03645547653285104,-12.878409475559376,-65.72023607672656,3.052698047544453,0.17694106833761683
0.2240604060424573,-12.86504968670936,-65.75363554885159,2.314322134651576,0.4076395095517852
0.40880434981016356,-12.85625136901285,-65.76706645644714,1.9276912218690399,0.4009408225306137
0.5443729071849851,-12.850717958507756,-65.76291639856832,1.4700847339266403,0.33512998305748465
0.5551261545341706,-12.850279050452686,-65.76258721752701,0.8800074713089572,0.27393673535837487
0.6489328550919748,-12.877749676837114,-65.73104526812095,0.4314661525411623,0.1959029663252897
0.7844215556375802,-12.856814407117385,-65.66128957311234,-0.08657978029805236,0.224261577625923
0.920919475020235,-12.834368887364063,-65.59044617702453,-0.4586818930326757,0.21762111329322698
0.9913494649092541,-12.867127022196165,-65.55441222870923,-0.9271395226126629,0.2251594330060209
1.0057465871386249,-12.873823358116802,-65.54704625919652,-1.3005601474249175,0.13631420012409612
1.0731743933237126,-12.860947617205301,-65.5111621553623,-1.7364067453844285,0.0954370995095878
1.1543909708658855,-12.83545176188151,-65.46611785888672,-2.154043140445552,0.07323299227903021
1.1846183619448127,-12.824232507243913,-65.4273218595004,-2.480568626121837,0.027674453233236015
1.7456507970033235,-12.567988401085106,-64.671693312502,-2.9037668445300397,-0.07126658371680004
2.0286416667191594,-12.365882299908032,-63.95450510072314,-3.280781429160598,-0.10927807037984227
2.34130859375,-12.11669921875,-62.9443359375,-3.6408863997753116,-0.10960371662597639
2.736302091668301,-11.545196505475912,-60.82905161318736,-4.0193808892326786,-0.2205127808890642
2.746028898571075,-11.530426169067997,-60.78690211660868,-4.367385853560961,-0.2981302010669147
2.7563879224989147,-11.504669189453125,-60.71324242485894,-4.754323422163594,-0.3142370172060012
2.78868039449056,-11.411666870117188,-60.44715245564779,-5.045818180089498,-0.3510448217089312
2.8017713405467846,-11.37396494547526,-60.339283060144496,-5.831534358422488,-0.4498364201056471
2.8105134553103572,-11.347853672552239,-60.26383960520038,-6.184336774116474,-0.5875124223428504
2.8265745696251536,-11.268618841932575,-60.011144739980914,-6.5675877542242205,-0.6493529523430526
2.8395701065487935,-11.204507526442619,-59.80668162571565,-11.990493475448929,-1.694433132129126
2.8455330573166,-11.175090302654775,-59.712864533635496,-12.32491656884278,-1.6822964653382626
2.8483001811636,-11.166487241634362,-59.678619282114,-13.706292375724686,-2.079780163532017
2.8871167007832526,-11.01195311248398,-59.091669661385325,-14.090551101353157,-2.216539532669042
2.8887311696471483,-10.999037361572814,-59.0518950193748,-14.427199200503239,-2.2206314705424717
2.889289403718009,-10.994571489005928,-59.03814216181087,-14.763729880782094,-2.266966541622244
2.908842022854249,-10.874773259951086,-58.64679838964352,-15.090972804066084,-2.37433204053552
2.9405582409128344,-10.758480460402941,-58.204533348937694,-15.551581736150723,-2.3777609785088996
2.9229525442029436,-10.642463804941842,-57.86199169294546,-15.84987234235264,-2.48050232861098
3.0455270243316517,-10.585407243550499,-57.45965006812792,-16.227212823962617,-2.4357315806476696
3.047450612755447,-10.577378352738135,-57.42937445902297,-16.594889006372526,-2.5712355968951615
3.0955099686637535,-10.375622442550215,-56.66818346797378,-16.952159476728553,-2.783405225200232
3.0946183051115455,-10.373987726037834,-56.66015849600391,-17.304460185839304,-2.786434588371253
3.074934577916722,-10.299304742147287,-56.33408722532005,-17.732320356831693,-2.8346318279759743
3.114850229465105,-10.193381590890727,-55.96562662088442,-18.11336098626026,-2.8944578955083062
3.1172286126337108,-10.187197794652352,-55.94112927424778,-18.412123693744505,-2.8868400552107687
3.1439508064022164,-10.117720090854236,-55.66589067843217,-18.77490443578158,-2.9220160054570803
3.1518186209002517,-10.074730037535677,-55.40337081295049,-19.16714113360412,-2.9589577304543573
3.15673828125,-10.0390625,-55.16845703125,-19.41210471506423,-2.951261743067241
3.159319961397193,-10.00743691819689,-55.041309284000754,-19.788919418152105,-2.938040341978768
3.165165744861688,-9.935826070756823,-54.75340444837437,-20.117855199944373,-3.037260796353284
3.1655841649075946,-9.930700425194466,-54.73279726111346,-20.489653198939422,-3.016922286328351
3.170514505943681,-9.855263998651107,-54.44151655212091,-20.726356330954246,-2.969895920580619
3.1763043803484377,-9.791845821286563,-54.14864080638656,-20.970089072707808,-2.8977287766030293
3.1834604329330043,-9.761790400431382,-53.88959170282525,-21.2957412790265,-2.9732381248103925
3.167462083555208,-9.70268657349354,-53.61994252814948,-21.67134979792951,-2.9341461800210333
3.1654122014351724,-9.697356879981449,-53.60046864800914,-21.908091695379184,-2.995066943334991
3.16162109375,-9.61315459081514,-53.182400327800025,-22.243779949249685,-2.957967313804489
3.167765980413268,-9.549426133916644,-52.93459125551522,-22.459725855120126,-2.878075308235656
3.1744596427409997,-9.494761224906835,-52.74047504801101,-22.71061787373138,-2.888416583826652
3.1899479899005323,-9.426510130388829,-52.4044711383117,-23.02096157263263,-2.9781194765943484
3.203125,-9.366576666800869,-52.07185786553114,-23.33115622197792,-2.9337325204599543
3.2706865407421666,-9.27826301400059,-51.67585392217327,-23.681236040948832,-2.8972187114174486
3.2801185124581718,-9.27021133082839,-51.65077868029413,-23.993656096318162,-2.9270725722104967
3.2994816392049557,-9.209337093754515,-51.376117497182484,-24.223744388687194,-2.8197201248562576
3.293589043635042,-9.144518542485464,-51.04023954969741,-24.570236476364357,-2.8324276917050244
3.28857421875,-9.07510796933153,-50.64244989296203,-24.925209811933783,-2.711940930884817
3.300062230935191,-9.015981386735819,-50.327710734847955,-25.230528492747112,-2.7611153174708627
3.3036530590837767,-9.003730325993585,-50.2782840415086,-25.62794483501679,-2.713664087348187
3.3328273786668716,-8.902118995138036,-49.8696463046911,-25.904716675247897,-2.579334155607793
3.341306868904546,-8.866787785814392,-49.731147964142416,-26.239949099563333,-2.617216763957324
3.3525331409487116,-8.81480726666456,-49.420278072758755,-26.541294830948544,-2.5023537930959234
3.3572392169718284,-8.778534606707742,-49.092123975369596,-26.834563991894598,-2.561987714136409
3.360521938913852,-8.729190926896111,-48.80526830805024,-27.241189018868255,-2.4754239409237795
3.3732797429404244,-8.633507396696816,-48.48313375637928,-27.552409837169932,-2.373213523317164
3.3745079503169793,-8.6279296875,-48.45741078503997,-27.89082932821094,-2.2852590466571208
3.383013928221752,-8.60729482277933,-48.19714942267008,-28.180870925630998,-2.2873420392830273
3.3573141536680153,-8.513566233230408,-47.93712817424404,-28.394075937462944,-2.157103483292416
3.3588957767399714,-8.448080680595785,-47.69206355922892,-28.740848984125805,-2.1513220062184635
3.366244711796218,-8.391346809233202,-47.43521734291495,-29.044326905742793,-2.118105139347895
3.3690355789605815,-8.329947731617208,-47.165898661553896,-29.334023001027035,-2.0545019327640204
3.370701317248361,-8.325518636412939,-47.14505982904695,-29.50498285639368,-1.9813034069874085
3.4021798083074932,-8.26938875639793,-46.854553173069114,-29.80361758619945,-1.969619215975007
3.3966336521226577,-8.211708732075637,-46.52954842063773,-30.015427196341676,-1.9312755311723004
3.4474253782217636,-8.093990947484144,-45.96606389528714,-30.326345083125375,-1.8898697955114745
3.4476216794412817,-8.08888711577667,-45.950163496506164,-30.626188181822528,-1.857544278163257
3.4493612679554544,-8.04365781440819,-45.80925682685821,-30.79415565405445,-1.7690653469126012
3.449617777192326,-8.036988574249527,-45.788479578671605,-31.102190260767756,-1.7377045473099386
3.4265178197768837,-7.9882895458037675,-45.58877954477314,-31.33848399687298,-1.6260624554669791
3.4063683173930457,-7.941716928301182,-45.30539841923227,-31.621049921665403,-1.5399016733357258
3.4069871964634943,-7.92512140187011,-45.01715032187093,-31.895858070307312,-1.5641352799646484
3.3846198133611023,-7.876807313361102,-44.75814250574068,-32.135715346457516,-1.4058399029229043
3.3539920681806046,-7.846179568180604,-44.553957537870694,-32.34850078498583,-1.3471429499784167
3.3517433564963155,-7.843930856496315,-44.5389661266421,-32.6173113305167,-1.2740125335856745
3.364058575451492,-7.760597244052022,-44.34614252997103,-32.891804825349766,-1.2026717670732272
3.3655630545972772,-7.709936706297504,-44.15188863577141,-33.0634647719903,-1.1568586262674285
3.349609375,-7.696617967396374,-43.97034122548897,-33.32804370181336,-1.0557189803584617
3.338874705945252,-7.684682253795979,-43.826257919429,-33.51372845585739,-1.0441307558154005
3.3284080555407045,-7.664795618027338,-43.77444799992649,-33.73046783346655,-0.9633697882345328
3.312923887158718,-7.635375698101565,-43.697801366435655,-33.884059378036156,-0.9467008525881206
3.304843970951641,-7.563196909185521,-43.160351533331465,-34.0716640428259,-0.8813506602980509
3.3040752889434923,-7.562171999841323,-43.13780352775911,-34.18703868943577,-0.8683871499964763
3.3035680299164145,-7.561495654471886,-43.1229239296315,-34.587243134656546,-0.7303120318597729
3.2613562978897264,-7.503744350072783,-43.020246281848344,-34.690969001094345,-0.7180604199153431
3.2361395673789524,-7.476862223628952,-42.96408508059535,-34.831658708318486,-0.5926022819184499
3.2365030920930713,-7.454414876656928,-42.854430785078925,-34.97960094813361,-0.5106035558388224
3.2425556219138625,-7.418724067872166,-42.695884721333215,-35.10737816895819,-0.49787485455519265
3.2259384144111194,-7.382933159404718,-42.619189917474394,-35.19811746655792,-0.49103159820910924
3.2237485426572787,-7.378216512550293,-42.60908281707206,-35.33665024138381,-0.44826476012617994
3.2342074210183664,-7.3586118310914,-42.51681373232887,-35.42489216336914,-0.46713154736792584
3.2044197997693793,-7.363105919887092,-42.455676890450036,-35.52560007625853,-0.3987721911331703
3.1730296291456295,-7.341475143085639,-42.367457404019405,-35.6741353202937,-0.41148696815854247
3.179135289143041,-7.295264175257732,-42.29463897390464,-35.751189361662824,-0.3205869367960397
3.189359213998291,-7.290921713998292,-42.280731700804786,-35.84556012699316,-0.24777445721537475
3.1927582166830386,-7.294320716683039,-42.271214493287495,-35.94258904726118,-0.21790643873862528
3.1804361787345314,-7.293869351244844,-42.239042588943725,-36.01718656159309,-0.1410468471687793
3.124252472193577,-7.275141449064526,-42.18598019943282,-36.09261463946835,-0.19940103212455182
3.097090627363502,-7.2705078125,-42.16290586114763,-36.15661187346804,-0.11043626929679246
3.0814029431667174,-7.2694630454998475,-42.14809286091626,-36.18521022593801,-0.0661213260497712
3.076592465861877,-7.253769555720741,-42.12632683596773,-36.22167739492308,-0.04082483786182999
3.073519678506283,-7.249579391144931,-42.124092081527294,-36.27122388248965,0.0013433535790245905
3.0581468350982974,-7.228616422861315,-42.11291183177603,-36.29642619868038,0.01932646311078478
3.0493663951510728,-7.222197962090643,-42.07108071909601,-36.349053680306625,-0.011170701295057995
3.0474724055829574,-7.2216624261939435,-42.06664175997197,-36.37457424859669,0.00034775552732538723
3.047256639257247,-7.221374737759662,-42.06649791575483,-36.39733829936502,0.026765506560270675
3.043200972104151,-7.215967181555535,-42.06379413765277,-36.39247566533835,0.14145609778620877
3.04221551312735,-7.177790206406837,-42.03130583140684,-36.41366464356544,0.14804000224872366
3.042186054722217,-7.178393523555537,-42.03090103900001,-36.445832000635605,0.11302228924532265
3.0366387334645117,-7.2075312910596745,-41.98879011091693,-36.43220982120603,0.12750436155557673
3.0353882570925603,-7.20669764014504,-41.98733122181632,-36.45130719417561,0.21692172728301826
3.0349517489029494,-7.206406634685299,-41.98682196226177,-36.44062559207278,0.24742040556487158
3.0265211041903775,-7.203753932350944,-41.97266951558943,-36.478536123401994,0.263368101941946
3.0285206229004515,-7.208752729126129,-41.96967023752432,-36.470370009254424,0.22587895841149022
3.0313468435766295,-7.223338557017164,-41.95380866147278,-36.51970917907131,0.2376288124015723
3.0284191877600555,-7.2187031019742545,-41.95405263279083,-36.48647323186657,0.27817234781376626
3.014280613298458,-7.180545756470265,-41.943486285104626,-36.51688374444433,0.29843798248649706
3.0346591723304948,-7.165378604292909,-41.92825592270922,-36.539413778694296,0.3292151735383277
3.0553790542151003,-7.158090772506738,-41.92051332359122,-36.577853457905235,0.3202577004723347
3.016794466243376,-7.170572930214229,-41.904278789003975,-36.582590189278505,0.37880780040694256
3.016380588206988,-7.168337988817734,-41.90452711582581,-36.60311173931609,0.38908086794237734
3.016098460216553,-7.166814497669385,-41.90469639262007,-36.61688591705041,0.42625467234603315
3.0126953125,-7.1484375,-41.90673828125,-36.59973578889071,0.44882473699581166
3.042463050301352,-7.175228464021217,-41.92311053704074,-36.61037540894402,0.4588194888465017
3.0418065799876817,-7.191443914523223,-41.926082566185784,-36.616884665751925,0.4540258821851173
3.0365103175150985,-7.191191711548338,-41.92406494238671,-36.62357051194164,0.4202807768868504
3.0173299442228134,-7.192300085574271,-41.92349721729708,-36.576066630549704,0.4596785125169418
3.0171144787290416,-7.191610068715069,-41.924909966298905,-36.60996532017725,0.4628329868030793
3.0128247064743174,-7.18446044829053,-41.93491943489326,-36.62586133630488,0.4855721983207709
3.0255585759538723,-7.187828116101937,-41.9294394664721,-36.6093475202952,0.46126996800583175
3.05511851813107,-7.18133218011974,-41.92413455812702,-36.577090435897986,0.553262734077295
3.056999148166201,-7.1797023007559595,-41.9247614348054,-36.55974965119009,0.6064416593434767
3.0754868699997093,-7.165026785000824,-41.931380678750095,-36.59566111097212,0.5397010846416493
3.0657373249292936,-7.192650496033668,-41.934630527106904,-36.628768260701264,0.5725832638998575
3.0498014699917633,-7.185053231236272,-41.94384980125549,-36.583701080041976,0.5539534909704895
3.0462299718223624,-7.175602110654128,-41.96881282530356,-36.618335004360716,0.5967119827055716
3.060699856380417,-7.189970836492428,-42.004482821977284,-36.62068844569167,0.5400620970689063
3.063373165490053,-7.19159806812438,-42.00936451687314,-36.57537408170694,0.5923978563896888
3.095360765597581,-7.21106878123331,-42.06777665619993,-36.4856864153634,0.5628161511708907
3.0475891068537715,-7.24160308974607,-42.13402252433412,-36.513319118351546,0.5436671464272923
3.0397726307744564,-7.275572041749012,-42.19060695482337,-36.444437010348835,0.5868140968997149
3.059940469697914,-7.293271952651043,-42.257656597352074,-36.35771381268259,0.5743972864860658
3.044045948822932,-7.305600021203589,-42.36898509613729,-36.29345593577095,0.5322901191393873
3.0317433956875064,-7.345857246607161,-42.48389677550452,-36.23640080370849,0.4612082547768284
3.0323931505485824,-7.347713689067378,-42.48960533606969,-36.13354426852584,0.43369645830521636
3.0460775903445714,-7.38681208848449,-42.609832914277305,-36.0454536065818,0.43678767956168596
3.058367192334842,-7.4074960671583705,-42.733714930777154,-35.93432736704233,0.46340537710463275
3.052215297023369,-7.431092536847178,-42.88919363280229,-35.76346332219016,0.4488747259454048
3.061517639716339,-7.45503212026081,-43.0205820510973,-35.69504862549614,0.36969228929113607
3.062615443310943,-7.456038440222532,-43.02963893075278,-35.510739743592254,0.3341668135846534
3.074166246349823,-7.466626676341504,-43.12493305582354,-35.398145815533354,0.27652989879401635
3.0438444113054812,-7.560799483272192,-43.28541355594126,-35.27992224430788,0.2910295630711678
3.0193193219629215,-7.550989447535168,-43.45872418729535,-35.19518918944766,0.2639081488358035
3.008068202510299,-7.550094405149338,-43.55410270056645,-35.03196491791404,0.22716083896703793
3.0100813840743763,-7.579285537828459,-43.664827686590705,-34.843061562993086,0.18019130967789135
3.012570995049918,-7.615384896973816,-43.80175629024551,-34.69755062418042,0.14946291288758204
2.998566155913098,-7.654865250898405,-44.012681567366364,-34.51622414793695,0.11444571966617068
2.9993984693691726,-7.693132876238345,-44.213974095565895,-34.377954249864715,0.07773586674306378
2.993214066648492,-7.72942551530201,-44.43167553530367,-34.147097968679404,0.05099976595631826
2.9853550813104492,-7.739904162419401,-44.502930335701926,-34.0116854163937,0.0038511029078932813
2.9690462202535373,-7.827535588708687,-44.86889565079584,-33.841889549466785,-0.05200444818743626
2.9691102369535383,-7.831312574008753,-44.8832994082961,-33.63617384592489,-0.039867775407279246
2.969907857794403,-7.8783722036197865,-45.062764097490714,-33.446417179211636,-0.17414687855552144
2.9707960282143335,-7.930774258395679,-45.26260244197505,-33.23058382085934,-0.17319420746479544
2.948913846454059,-7.996535009730364,-45.526600469825254,-32.967944264717076,-0.2282240719248345
2.9290015450035507,-8.06204810517069,-45.814925664607,-32.7838607977113,-0.2960960464696989
2.933736134451179,-8.067413973211336,-45.84648959425786,-32.570952212826015,-0.3616199663214123
2.9502534248120917,-8.104360913934544,-46.066980193221355,-32.37283087671503,-0.39538622257364753
2.9275595732934403,-8.144408887202752,-46.31394269504197,-32.10776435087989,-0.5211939854818544
2.9187851959073603,-8.206962147049492,-46.60228832883883,-31.80752116367715,-0.5522612452342099
2.927095410693863,-8.299545308199097,-46.95280754336037,-31.522795600978952,-0.6002418973622586
2.9172021713265557,-8.632749229439003,-48.65869797522295,-31.278145955970288,-0.6684343474311825
2.9165735729728213,-8.637592742727987,-48.690034236719455,-31.020406807193638,-0.7506387553261393
2.9148881471810424,-8.641939367138365,-48.71017063960018,-30.411195883891935,-0.9146686836512811
2.911075517323675,-8.651771938875786,-48.75572153315925,-30.130705710305506,-0.9245127237002708
2.9052140365285264,-8.666888389347484,-48.82575080371181,-29.210560604450706,-1.136046769659734
2.8912871848326596,-8.70280500687893,-48.9921400318677,-28.896476117857603,-1.1708653802061684
2.8715103754080133,-8.77654733371669,-49.32922228134306,-28.612049471289993,-1.2151635882208636
2.8731105152301097,-8.859754604465717,-49.69725444042529,-28.31691926646178,-1.349809788043597
2.8216627372411005,-8.937413529295249,-50.007969310215124,-27.9367406887378,-1.3858133647521143
2.832672284997028,-9.006606392238451,-50.41941850081734,-27.688682896531148,-1.4674920468406931
2.7848469278086787,-9.064576522163723,-50.77158704011337,-27.338173452028684,-1.4386958787814155
2.7526087286674956,-9.124047277633364,-51.11791616926141,-27.001816338915475,-1.5125936673640992
2.7515710206402577,-9.130965331148282,-51.155792512255594,-26.674913151863876,-1.6554236784656544
2.739808834687933,-9.200780509999083,-51.531569950933964,-26.343939748243827,-1.70285617960405
2.703909147240884,-9.30546544329895,-51.94608631767756,-25.974704663041976,-1.7029206670403934
2.7070055606398995,-9.377132974975115,-52.280324608357695,-25.648910688365632,-1.7926811892558907
2.691644215885899,-9.445746981542984,-52.64182825490184,-25.28153583666709,-1.873827691598389
2.6762626962417677,-9.514451102620104,-53.003806683860404,-24.965175790790838,-2.03096178562344
2.614931008611691,-9.602518063348121,-53.41638443534708,-24.62600658597944,-2.0780319770181888
2.6183824129044884,-9.615382388439457,-53.45309482646138,-24.290250108197455,-2.144535168461803
2.5958901774643155,-9.73927459878559,-53.957310627035056,-23.925572078457833,-2.0980053047201124
2.594682230437396,-9.744326013625436,-53.98388546162729,-23.570483030672662,-2.234527164228264
2.578762342726554,-9.810900089507136,-54.33412299126581,-23.202312455116015,-2.2598340604482168
2.5771507299002345,-9.817639561326292,-54.36957847344483,-22.861271560561306,-2.3732633554385294
2.55409314117759,-9.900048584812314,-54.66237610653203,-22.55416529290443,-2.4211738128173073
2.49267578125,-10.10986328125,-55.55908203125,-22.128257675533106,-2.580137089946519
2.49267578125,-10.10986328125,-55.55908203125,-21.75199198776815,-2.6543364687717004
2.4692172411480686,-10.272268558878755,-56.12569599986588,-21.35255136056719,-2.720226296224413
2.438869913696411,-10.413405778757477,-56.897732096678716,-21.109168628302186,-2.699372628650702
2.435795153601695,-10.419811528954803,-56.92233017743644,-20.743853154351996,-2.739436503221492
2.433857606866899,-10.423848084652294,-56.9378305513148,-20.14106782758458,-2.8288233500799502
2.4315150252367896,-10.428728463048355,-56.95657120435568,-19.788705801051734,-2.82931140634224
2.335578024766611,-10.60942358874648,-57.65327228400112,-19.444161184265766,-2.811857332525588
2.3216849028958486,-10.63509566176854,-57.752336283427425,-19.14618308160732,-2.898620251965459
2.2827876337207385,-10.701543692296818,-58.04143413105767,-18.84882928994206,-2.875935804449834
2.2779099801998384,-10.709347937930259,-58.07882947471791,-18.550591966913373,-2.898483183802742
2.2427579863575957,-10.765591128077848,-58.3483280941751,-18.26658300699394,-2.6974780152857445
2.1876237425085616,-10.81598098413843,-58.695681615278026,-17.93840336143944,-2.7106005932113697
2.1459739365813992,-10.887020871817525,-59.035640805708375,-17.62533487188773,-2.7039744204195637
2.072874798211004,-10.978883014288996,-59.41347016883381,-17.316651101558534,-2.7203421952242612
2.0653244740233347,-10.986433338476665,-59.44062698002494,-16.97432064780331,-2.7671203107917592
1.9765607842413364,-11.075197028258664,-59.75988992875697,-16.661088483356295,-2.638690808872071
1.961802153344768,-11.097985954542045,-59.868371327876,-16.3319396621241,-2.6483156856303363
1.9299922235566973,-11.160159908218729,-60.192254249354534,-16.055055800469518,-2.638407797759541
1.9053737175287502,-11.205073752035416,-60.48355745439395,-15.702176674866365,-2.626009821923868
1.8310005382698613,-11.304928734310389,-60.8387825882508,-15.373672365044882,-2.597273048511237
1.8062362903531077,-11.337779267261183,-60.94592586495186,-15.054414264712193,-2.5515543372212846
1.777159807292022,-11.383815820832337,-61.141006281243605,-14.69189295628685,-2.5197122163591787
1.7631866594617995,-11.42294063475696,-61.392522942187604,-14.356522562294117,-2.518375747638577
1.7220962414097878,-11.513389271607114,-61.67577605180444,-13.960249505013692,-2.404819380892577
1.698755388370292,-11.605253469957606,-62.00001608231086,-13.52842073054424,-2.328277261564634
1.683599999808923,-11.62263759213094,-62.07757601200728,-13.215202563095588,-2.2847383669811983
1.63672961750214,-11.676400677718133,-62.31744208616552,-12.779908000720155,-2.239835150479933
1.5715960875639507,-11.73412817592898,-62.56148260321946,-12.407339535543613,-2.1355811572746397
1.4968026211053311,-11.79425625680748,-62.80932761952351,-11.976564848029795,-2.1825158217341074
1.4162835060487586,-11.863527673574325,-63.06215861473064,-11.612999144792326,-2.144445284951222
1.3916015625,-11.884765625,-63.1396484375,-11.188972884643817,-2.073777478668189
1.246306577698543,-11.94297660578699,-63.42679148015853,-10.785838510240012,-2.0438112360715923
1.226673523112046,-11.95013449027165,-63.45746812794993,-10.36659587828369,-2.0102570873090575
0.9839003355483833,-12.036738521972142,-63.821697585495976,-9.93399595037144,-1.9752907800228194
0.9711466326933578,-12.041086375218173,-63.83923392692164,-9.52661344632672,-1.9232311699023166
0.8195024174568525,-12.090921472889947,-64.04905752625307,-9.14553820304485,-1.8276883468115357
0.709051539260581,-12.119829326743112,-64.17835064852017,-8.716193753891687,-1.7593184047376493
0.5189052284013775,-12.162655072432122,-64.30168879610451,-8.381983717753855,-1.747618171247532
0.5044492179701537,-12.165910930637352,-64.31106566773558,-8.018610821398056,-1.6752443088280644
0.34723918537658705,-12.17877626377141,-64.41893775635924,-7.59916055840209,-1.5967497667014061
0.15278110184172136,-12.187022759390956,-64.55024880618618,-7.27702160235971,-1.5219394302915614
-0.08531080831692914,-12.188526544045276,-64.61239473522328,-6.938348203812225,-1.5196581914866893
-0.314328171136811,-12.221243310162402,-64.68815987781029,-6.5066189532608405,-1.444913874597467
-0.5139012815631405,-12.216069809280821,-64.7316300906091,-6.182703071040905,-1.322596270566289
-0.5227773028282282,-12.215671526275337,-64.7334508129199,-5.815184742524437,-1.295911347332051
-0.6586835480836749,-12.209573169116437,-64.76132901707486,-5.41532165447596,-1.1978918743567355
-0.8455054933531234,-12.17941869743267,-64.79070014540042,-5.1077710686106315,-1.184306726400576
-1.084975819958772,-12.177968396271995,-64.81538921008797,-4.747747075454214,-1.1169148039154333
-1.3367771803085775,-12.189096472467124,-64.84532312369247,-4.328410040147972,-1.0775781910520945
-1.6068353480818602,-12.189560239874746,-64.87942718669102,-3.9253775793976473,-0.9861134320186941
-1.8606550011039718,-12.167438343510433,-64.8992204623854,-3.550909301346522,-0.8635135080764003
-1.883278321904767,-12.165466586192933,-64.90098466630106,-3.1523618841684993,-0.84364082598541
-2.1136934264999585,-12.168820408067738,-64.91120428514033,-2.7059962506788224,-0.8348523140650158
-2.3752564247644847,-12.197236164336474,-64.91393210731594,-2.33042263454837,-0.7471975636729652
-2.5111876072070354,-12.195423748570573,-64.87587137623203,-1.887399573721396,-0.7181250593407451
-2.5375027865320736,-12.195072879512905,-64.86850312602103,-1.4885645324443004,-0.6518864856372715
-2.71498942381241,-12.21233381812696,-64.80825108052956,-1.030248599964466,-0.5652966719659566
-2.909094222349113,-12.225647823087895,-64.72416303402457,-0.6169533091935051,-0.4524650705989559
-3.251745004048362,-12.183372977916498,-64.46215613830296,-0.2235904158224571,-0.3507117490489662
-3.2678083362699692,-12.17974577386646,-64.44894275212067,0.2496529547396591,-0.2738916538384303
-3.320997274018017,-12.176691804918308,-64.4038588644248,0.6855210994610133,-0.22716043481346196
-3.6075121430883854,-12.207173384835302,-64.10532497651748,1.0426351372975802,-0.12630579709819964
-4.4071871798266,-12.269028103556455,-62.79599206804035,1.4274596570986375,-0.08282468038467512
-4.416713095172754,-12.26731557944928,-62.77865276145521,1.8721379885903815,-0.10563713929533737
-4.439820735855331,-12.26316139685466,-62.73659166268468,2.367211058440475,0.05422460383069231
-4.486223093327048,-12.254819400005811,-62.65212894459009,4.743536474186868,0.05928535816892856
-4.496220440461738,-12.253022124116429,-62.63393152621009,5.127539279665029,0.13695102114519792
-4.699145114215545,-12.249038246266627,-62.31420106993084,5.5476688109442165,0.19631767039213105
-4.838967391304347,-12.244545686141304,-62.07534137228261,5.9231406352357965,0.17705188935069982
-4.966193120791393,-12.228382444931917,-61.74730125841722,6.3764951054578916,0.20171372186082337
-4.97531433715542,-12.23024391765927,-61.72905882568916,6.841783298588041,0.2624022430737375
-5.2396389236542396,-12.31792836697034,-61.189460698047455,7.201959199257871,0.312096491969219
-5.254659489300289,-12.322739747430422,-61.157924849738286,7.6674579779658245,0.35537904550842625
-5.351340959029327,-12.277979807741053,-60.95740031992992,8.07614178939042,0.34657322037209715
-5.453628040151783,-12.304327535663038,-60.58549919155431,8.453814239857934,0.31553613031403815
-5.547511943973389,-12.269603352057787,-60.3077057227123,8.917308772056046,0.45144863416935105
-5.653058963066005,-12.25392488040626,-59.969978858604044,9.267751532306178,0.4971978281187972
-5.671475381526777,-12.259271582540032,-59.90225396490959,9.667494163242736,0.5354707583696676
-5.830170684294582,-12.19651824851622,-59.27209070032168,10.10103356987868,0.6178279470751681
-5.8362631388184125,-12.194938723269301,-59.24772088222635,10.420045813941712,0.6152361269002968
-5.908350016423523,-12.176249532779087,-58.95937337180591,10.865638754767886,0.66198287623677
-5.9878826796722,-12.156883800711011,-58.644123899824194,11.166805715394133,0.6724225927181624
-5.991444081582696,-12.156077445561465,-58.63014707723206,11.516391597634708,0.7759678270742565
-6.065335108543262,-12.139347401721338,-58.34015965066984,11.917563213844971,0.7761176825662316
-6.177508394378763,-12.076927388054719,-57.69010299709288,12.220635800142048,0.7634105560194931
-6.17977436456108,-12.076423839125315,-57.679125630431884,12.600437457888205,0.834749740519619
-6.24849577507747,-12.05240250679176,-57.342911734790675,12.989907475269632,0.865556281379121
-6.323593984531354,-12.013866992057205,-56.97098521410107,13.27308140501303,0.8489021373879767
-6.325755581846231,-12.012065660961474,-56.960717626855406,13.685999090478248,0.8921039795717464
-6.482295651407637,-11.944052491197455,-56.40273977627024,14.011100798548668,0.8930676597814482
-6.497458734455899,-11.938998130181368,-56.24436979776617,14.379734520607826,0.9417230924390171
-6.497877673989922,-11.938858483670026,-56.23999420707748,14.713956736488797,0.9973349856477816
-6.568111556083061,-11.91544718963898,-55.95455354102538,15.046678286175464,0.9870304349281289
-6.643928107952716,-11.8905949628105,-55.63439340367592,15.434298652427941,0.999889660766429
-6.646172640869701,-11.889880793246004,-55.62388490865549,15.75892106275414,1.043674100379937
-6.716267803718447,-11.86757778688504,-55.295712100772725,16.13980491548493,1.0880714210236624
-6.782332968063082,-11.824518240023119,-54.98818000741989,16.464863206869794,1.1201984835141288
-6.977356078788472,-11.792165691542062,-54.131310659448246,16.77206305753235,1.0721536017836217
-6.979593628660231,-11.79097699317269,-54.117395896183254,17.225940719377093,1.1200374850618304
-6.9807680640406815,-11.790353074376826,-54.11009237616108,17.8762881534562,1.199245206524423
-7.022428209912235,-11.767370212079555,-53.84587148959227,18.19310321216281,1.2550124892519052
-7.060821798703437,-11.737323055634267,-53.548738498077746,18.48128077797425,1.2963584793118341
-7.097171735060636,-11.717283649725745,-53.23092162793002,18.791960280297914,1.2604830844034571
-7.188036479441627,-11.671614095687543,-52.89096555772975,19.07406623846275,1.354734480189914
-7.212267156732728,-11.64565265573279,-52.536159211681486,19.41599778022274,1.3832119050399554
-7.243822822735607,-11.61064890728612,-52.224621737792624,19.75807415795083,1.4382070095036685
-7.244992055106919,-11.60933936703025,-52.21465987798905,20.07781969479143,1.4581553972270294
-7.278078060634985,-11.572283040838817,-51.932767110889934,20.370104710231075,1.459909166571768
-7.305386675372589,-11.546280558244447,-51.7351306801578,20.700321120129985,1.5122821699060751
-7.358676592004523,-11.517466863198191,-51.360357605968346,21.045466121203702,1.5754913997046387
-7.411226558856838,-11.494138022741657,-50.937450557091466,21.362636921846075,1.6195934120751774
-7.439950611738891,-11.479092090279629,-50.65157784031294,21.712251549452077,1.688111992854199
-7.446574979726871,-11.470232472557823,-50.53506424965918,22.027075054803433,1.758180196749373
-7.447025983393663,-11.469104963390842,-50.5222106451556,22.35227278514016,1.7092816565692652
-7.471001765967947,-11.43779289033224,-50.20257463802362,22.69694883832183,1.81279342153095
-7.512140792006065,-11.402674209567992,-49.89052007466131,23.045023118753008,1.8755392495554002
-7.567162004978453,-11.353736432521547,-49.512219860214515,23.304987081612012,1.9032731204798972
-7.569301183903002,-11.351597253596998,-49.502204613431395,23.683847870717045,1.9334977742280461
-7.695730881766038,-11.251281611389032,-48.23973557982347,24.005641961628697,1.9398153630194692
-7.693307602975572,-11.249161242447375,-48.20974750479145,24.318832201004227,2.0058384577480535
-7.692932727112415,-11.248833226067113,-48.20510841598488,24.924158580725262,2.097393922120573
-7.692386728031259,-11.248355476871103,-48.19835167735558,25.18357469024035,2.1140421378868166
-7.708548013517479,-11.201222473023199,-47.73069280630763,25.478380025054065,2.0601212820300465
-7.709429348472592,-11.199871092758691,-47.71847162826339,25.741866234608068,2.1944738913694013
-7.7096000108477405,-11.167879548606384,-47.34682352640893,26.067502949110107,2.25751851865031
-7.697917553176887,-11.124542539278695,-46.92692787232743,26.31966357103832,2.19299983943231
-7.710104427599667,-10.953750685986405,-45.94357637352181,26.66088236532451,2.2314205317889457
-7.708044912470347,-10.951040797658353,-45.93197805147775,26.950763845568986,2.3067318438365265
-7.723351261615931,-10.830937741755834,-45.31100686644825,27.269166458757212,2.343234154583665
-7.7237676896822105,-10.829521886330484,-45.29501602870312,27.550995636954013,2.397165839193593
-7.7238559815345145,-10.82922169403265,-45.29162562157464,27.840173323954446,2.438374061653084
-7.724299716359239,-10.82771299562859,-45.27458620430524,28.173614148026786,2.454566722741855
-7.730762315857785,-10.805740157333533,-45.02642238356107,28.46518123278375,2.467377229112583
-7.731923819831978,-10.715266871796524,-44.46504858762738,28.771298310319253,2.487833362734089
-7.731590914260584,-10.713047501320565,-44.455394326056954,29.368267929997472,2.6613625500854
-7.731110853955925,-10.648999924445587,-44.21442092753029,29.676283350704836,2.6175171159723813
-7.75468947570448,-10.585519019737939,-44.07476293717347,29.941168264093847,2.7587338546233426
-7.7294921875,-10.546875,-43.7548828125,30.198856076531797,2.7778984787420975
-7.739393724861892,-10.545224743773018,-43.683921794739774,30.397509400787357,2.7677664531734285
-7.740770263435259,-10.544995320677456,-43.674056601630646,30.69345207979805,2.812674968103213
-7.749640431340689,-10.511787534480804,-43.31170164736371,30.8947196873834,2.881646777476133
-7.748412938331318,-10.510355459303204,-43.30508682392433,31.083574316685343,2.9313546551790437
-7.7374416870108,-10.47735068817265,-43.1474785034244,31.260134775313844,2.9273137038842716
-7.730560069852638,-10.44203924522027,-42.989783274263445,31.376827815866136,2.921629969986475
-7.699795212960257,-10.41015625,-42.8525667441372,31.569441772545503,2.9939464102714375
-7.699568623063998,-10.41015625,-42.846222227041935,31.712191395755866,3.0004641262702023
-7.699756572495907,-10.39380323797847,-42.60446826112598,31.824043412297613,2.9574110366924375
-7.7002386925249695,-10.392658202909447,-42.600671565897116,32.00781003333961,2.9212225646566514
-7.675604188458856,-10.310665824035333,-42.21042152450895,32.13973205496458,3.0162408011113095
-7.67418429110007,-10.309009277116749,-42.2049785846336,32.21725829650762,3.047178779831653
-7.662400306084429,-10.279299785950817,-42.09845001708851,32.31054105327428,3.100445668049504
-7.662883175425868,-10.278609972605903,-42.09548381970538,32.430438877950934,3.1456527279741664
-7.663363174815799,-10.277924259191717,-42.09253525202438,32.65723810778036,3.09894522621642
-7.67224567473708,-10.265234973589886,-42.03797132393651,32.92026143345544,3.1932433258641693
-7.6275296522823615,-10.263807172120554,-41.94442021212434,32.99050875268142,3.3029995568796466
-7.631768288939723,-10.246852625491108,-41.86247323674869,33.08619384704022,3.2972249845406614
-7.632035349300817,-10.245784384046733,-41.85731006976754,33.14598325622393,3.2979305199956808
-7.630326325355852,-10.228914369461704,-41.77511316287421,33.231915258811796,3.2166717480392752
-7.620431226838207,-10.209124172426414,-41.677811360784034,33.29155449347624,3.3447994993926358
-7.606917464123101,-10.151458096669462,-41.53785425413149,33.392705498387244,3.39199569951744
-7.603818811580611,-10.122020897515807,-41.44644400412803,33.47210358005816,3.4068284311765065
-7.653763462120379,-10.113278241224691,-41.33014732683208,33.60053110779785,3.4802974619477456
-7.6574545846858495,-10.11352431606239,-41.32448760556503,33.71143577436672,3.4550129350029484
-7.6624448501890186,-10.086961927477121,-41.20525465337496,33.809994342004046,3.5049477153109425
-7.641313317168006,-10.04946328285229,-41.08012419084344,33.90293790947149,3.4512682507841865
-7.602012810310203,-10.017180723647668,-40.958011901678134,34.082316360806146,3.5118301064402133
-7.586087248362551,-10.008174924900068,-40.82672628256839,34.18110234486633,3.5791853864708516
-7.587491421450587,-10.010047155684116,-40.816663042104125,34.28871011855722,3.6168509929844275
-7.618022662719222,-9.967234310307788,-40.42143409358888,34.46424141791255,3.666565546312829
-7.618274603790719,-9.964714899592805,-40.4104746569787,34.56313128640974,3.7179097072750324
-7.618356804094895,-9.96389289655105,-40.40689894374707,34.698884974433554,3.7449433824273335
-7.596930366109236,-9.946632166971847,-40.297086003662166,34.80540086923696,3.8325002553465732
-7.586730788773319,-9.925232774883407,-40.096137942700665,34.948140242021964,3.864356138418987
-7.587039207195287,-9.923690682773566,-40.0822591137121,35.07485943229045,3.8762445826774807
-7.587125590490592,-9.923258766297039,-40.07837186542335,35.204525210369496,3.9841512462427335
-7.605706817202908,-9.86792194634903,-39.72311241324308,35.35762650993931,3.9626751266115248
-7.606653942756191,-9.86760623783127,-39.715430172644226,35.49382292788846,4.055318025696079
-7.607711046493304,-9.867253869918898,-39.70685588677653,35.634165937022715,4.084635429137958
-7.620482468273756,-9.862996729325415,-39.60326546566842,35.69976167001386,4.133807084613048
-7.621107866602701,-9.862788263215766,-39.59819279033365,35.8493592630426,4.22137870775075
-7.600728605103842,-9.853347123779669,-39.498332210207685,35.971047289552445,4.256385416335808
-7.563122348015048,-9.840393908218484,-39.35258346997998,36.098621552206964,4.415780010285206
-7.54410367086731,-9.83106789364807,-39.20416759324035,36.16944599450824,4.377665085978935
-7.545599708165561,-9.826579781753317,-39.181727033766585,36.293815750998306,4.4730733650735655
-7.562971072130769,-9.820391591527516,-39.15588896060089,36.322122845616406,4.459202743835186
-7.566527109952451,-9.819570967414819,-39.152880005521006,36.433628481125965,4.4987469285222605
-7.566273622809089,-9.81886976078182,-39.10454943037954,36.50119535423124,4.567065757223535
-7.548989040525294,-9.821750524495785,-39.04837453795721,36.522429551339854,4.59505119794594
-7.543036440801014,-9.774528146038783,-39.06339340745306,36.55663597389699,4.660735271052629
-7.5194580957827615,-9.802822160060687,-39.069680966124594,36.55819903893175,4.669274692710393
-7.512018589690404,-9.811749567371516,-39.07166483441589,36.61473491557473,4.760789076562246
-7.519772841611668,-9.798987147939313,-39.18588224771609,36.572714730356694,4.774376707791833
-7.521248365404868,-9.798379579318583,-39.191263569785406,36.515373256006455,4.751157960893427
-7.535540736145575,-9.794446623011966,-39.283804033859504,36.4937545376182,4.7990497768737965
-7.504097281456782,-9.81768743734716,-39.38223571810268,36.421501241613726,4.747724238069142
-7.467257348007023,-9.84824532058967,-39.506335513455376,36.35651129372974,4.787384278453419
-7.453711134491208,-9.862796908574154,-39.56760215792734,36.212553942457674,4.734888857517899
-7.45503643566507,-9.889302932051395,-39.7292889011385,36.08260500942748,4.743143269668417
-7.400812926086834,-9.939357439742123,-40.10841928915448,35.971390325692,4.729898296182984
-7.399802191711193,-9.941631592087315,-40.11995850660971,35.80330527486788,4.6991687073583215
-7.378874440248462,-9.986848216001537,-40.365992773274854,35.59299512465918,4.651820876283588
-7.345740043657437,-10.02613110877489,-40.84299861709007,35.36136068383024,4.569607845627533
-7.3441364867887255,-10.02822806775705,-40.864214907968396,35.123407441139705,4.552069399964912
-7.335657651732568,-10.03931577513818,-40.976396417942176,34.952524178061424,4.466545459034361
-7.314808078386528,-10.07300782211499,-41.13687843896148,34.706183274396636,4.4038985322397215
-7.281209189866027,-10.111824248197312,-41.41867516541708,34.40854791283283,4.3600327686084945
-7.25187078455322,-10.134177318911831,-41.69250028166994,34.12906732320138,4.302353912629258
-7.239139666961406,-10.174300707154378,-41.977311023292046,33.81431630529295,4.180696981509493
-7.212799339382902,-10.270192824154167,-42.619265261464804,33.558204014178784,4.070596779394714
-7.209203529885866,-10.273172209165997,-42.64340855380204,33.23297185943602,4.036911738432789
-7.159197805813758,-10.314605523397173,-42.979161272571915,32.908448330685104,3.9437777439284654
-7.155643547893132,-10.317550479959976,-43.003025575753256,32.54355540993217,3.7598096074915888
-7.135000171057433,-10.362193098110357,-43.34103493840763,32.264737150141116,3.7007443647295797
-7.090649023012656,-10.397412370074896,-43.669082131667736,31.894432965329145,3.5856412583729464
-7.0466420630042865,-10.425721731818673,-44.04307366310627,31.591618210887447,3.449852494272316
-7.0091516851981375,-10.449088600301087,-44.388333467069714,31.22485116351271,3.3316520455145424
-7.006650116290768,-10.450547848830386,-44.41480840467271,30.885570634078704,3.2717769631413
-6.971803306322577,-10.470875154645164,-44.783603810169396,30.520274816246285,3.0990744849736216
-6.945627307816217,-10.53033035847046,-45.20963199624554,30.194272463660553,3.013453312376057
-6.895521929046206,-10.601473473329138,-45.71720751524587,29.817498125987385,2.913743378750426
-6.830072446860365,-10.645966385258324,-46.12420895569361,29.451123902064666,2.883044366072533
-6.763872855595862,-10.699592370712415,-46.589003122494425,29.030855163550967,2.7147636235662707
-6.762394720084676,-10.704026777245971,-46.625710154355545,28.664914582729523,2.555222235552997
-6.7444771968378445,-10.757779346986467,-47.07066198165187,28.21429067490979,2.3771335676279937
-6.73583984375,-10.78369140625,-47.28515625,27.842840157080502,2.3687181390114156
-6.699682480796089,-10.815900857827577,-47.666863731589636,27.433750947250417,2.1918284296403847
-6.649375872905028,-10.849057485755777,-48.1767898024854,27.057950239828443,2.14369815328905
-6.645551457751397,-10.851578123016125,-48.21555546517902,26.664991899371074,2.030290627038059
-6.607582816864525,-10.8766029090552,-48.600419415986856,26.210851928034756,1.8877840010625662
-6.53219357727738,-10.966699775643368,-49.07712648304988,25.854865050211146,1.7309611360473813
-6.429922222737389,-11.030718541357567,-49.5665120201224,25.433818736348684,1.661390625217319
-6.374758689756542,-11.074904349277492,-49.994264353107404,25.02988063621737,1.5482849791600537
-6.3273696634197565,-11.102457587992468,-50.44244476707343,24.63008774860387,1.4488768199733815
-6.3235549661541315,-11.103525703226843,-50.46495148094062,24.225095790887366,1.3433930466722697
-6.253767665540357,-11.1230661473987,-50.876696554561896,23.821943840087243,1.2082188943238161
-6.01623194364116,-11.302079234295078,-52.37054331589088,23.436861145970425,1.0947084517299142
-6.0118664678995355,-11.304169743805152,-52.390034242793625,23.031376593747737,1.0125305749231355
-5.459882859288442,-11.596836867420272,-55.3991595041361,22.61170050413463,0.8966109759255799
-5.436383364603608,-11.608300035559216,-55.48742589880596,19.274556296348862,0.019403682651107996
-5.3408852536345295,-11.663483464193796,-55.898173931378686,18.829964879757796,-0.12445235367693132
-5.236041338436073,-11.723501695085929,-56.37002553642756,18.432041023649916,-0.2268589671907988
-5.135886810007721,-11.745453372549678,-56.814547005068476,17.921905383676616,-0.3804359135590213
-5.068359375,-11.76025390625,-57.1142578125,17.483558543585346,-0.48187113520789726
-4.993423220464701,-11.77923773206561,-57.41100498445979,17.103813643578107,-0.5892147453291955
-4.985675996328691,-11.781200362180066,-57.441683992038385,16.63377901243277,-0.7260394016899397
-4.873146979566822,-11.808351386379146,-57.878308189382835,16.170365092937075,-0.7831203349556913
-4.715838674876163,-11.830579733781086,-58.38443056099626,15.735427400026822,-0.9693868374562916
-4.576834280633618,-11.88028403155819,-58.88622505666074,15.26628092618435,-1.0044437529081442
-4.408684378348124,-11.890888190976995,-59.34182484841842,14.86703310078606,-1.1449458074480274
-4.349534713413217,-11.893163178089877,-59.49823021242899,14.370752538896426,-1.226926710784966
-4.267787194787859,-11.885593640523457,-59.81423579158416,13.939214618319411,-1.431673404137839
-4.136872589281115,-11.910466376843791,-60.183016928156555,13.486208338243372,-1.5690593912987876
-3.8679788475812473,-11.92626953125,-60.91813299195083,13.044920948622234,-1.639498852633307
-3.8609444539509554,-11.92626953125,-60.93820806915728,12.637458596341062,-1.7814192798224624
-3.733050176881877,-11.920877108775843,-61.284244813375295,12.164714944910003,-1.8375766832705986
-3.5110403745229006,-11.886868908465104,-61.79342455016358,11.66653479804539,-2.0177579522304527
-3.495289709991821,-11.886306384731851,-61.82830102162525,11.227110979321921,-2.159174897876841
-3.373669685070214,-11.879420397400583,-62.094730110668806,10.73212244679685,-2.186889129843068
-3.0282223236393073,-11.796598845595815,-62.73584373879627,10.302374834716943,-2.3851010808574222
-3.0110631130540244,-11.795415451762347,-62.76306179696603,9.80618494474605,-2.4681060567054818
-2.899374215480501,-11.800856696895643,-62.950387115096625,9.352690542976845,-2.5644151519190577
-2.7644974258554385,-11.799127342271708,-63.1300487781642,8.94455877989644,-2.6143984163279863
-2.7518970388714172,-11.796533144951468,-63.14030203423943,8.447265867873128,-2.7531605593885136
-2.134037023852454,-11.673777529306138,-63.90696088686571,7.972007627397815,-2.896203600762528
-2.1292203022187697,-11.673142767540458,-63.91263640382943,7.5268359819800565,-2.9793897541036447
-2.0907860996223424,-11.66807779510527,-63.95792321619112,7.092566249932631,-3.085589542261542
-1.9192476086423143,-11.645651310843297,-64.16046048055625,6.658146216931186,-3.14198603487109
-1.6937788084861753,-11.627770692195417,-64.38721897203403,6.234624582265511,-3.2465376126289884
-1.656613064379544,-11.626731090961666,-64.41762730812128,5.819559539160039,-3.3985300187247507
-1.4399639431472118,-11.619862224071253,-64.59505870434269,5.275378412498981,-3.546594056181167
-1.2353883964119077,-11.603193105448378,-64.76478063941197,4.856442141635952,-3.6278688873658753
-1.0324008782122016,-11.559867547820659,-64.91037735917979,4.417797932418921,-3.751749107865226
-0.8111243030342323,-11.53821763161307,-65.02335037927905,3.9202492702913077,-3.9016565889881702
-0.4838225989739223,-11.521632167976142,-65.20893102304589,3.5022585797348,-3.93493532742666
-0.46897652742478585,-11.52537595993201,-65.21525674048857,3.0851724535323513,-4.0535274449505945
-0.4640890113520057,-11.526608463985147,-65.21733924733697,2.6253070791463102,-4.067977708148455
-0.3321453956322892,-11.559881201862293,-65.27355870099146,2.246553887947215,-4.065464256121413
-0.11708442879254441,-11.537920811050117,-65.32544510610256,1.8017457915653665,-4.226037951267
0.05361743380934175,-11.53227697627694,-65.33262035880388,1.4052400073441902,-4.194066921986727
0.16872344135201764,-11.527338934977942,-65.3498661550579,1.0229457342501291,-4.261162982075854
0.1789849819462015,-11.525120223498119,-65.35569027269244,0.5723762171423346,-4.372591253717604
0.3953084707299599,-11.489994356597107,-65.33365164701364,0.22042522117553176,-4.3808813302678296
0.4029126268989191,-11.488578811988752,-65.33222525014607,-0.23291148773346038,-4.4139804602179336
0.43660963205019354,-11.479506541371101,-65.3348173274654,-0.8433525884674822,-4.014256193002674
0.4925380183557028,-11.456378235814975,-65.32527952244261,-1.2683466447877265,-4.129542046707105
0.5989406359723638,-11.397779692779713,-65.28210164862716,-1.5984372748967104,-4.166129113760636
0.7173928011730387,-11.37503203984369,-65.24019849335899,-1.9859761325249679,-4.15901791127449
0.7261207679059086,-11.374584451806108,-65.2372891711147,-2.3135448524275546,-4.217138637472579
0.7275390625,-11.37451171875,-65.23681640625,-2.698300524945097,-4.303395500497215
0.8742175648017367,-11.33234164933825,-65.08463746011195,-3.05705402776168,-4.254477343502208
0.9528506418184396,-11.315959448654525,-64.9801813447268,-3.35389086180804,-4.351048659759754
1.0150371628333301,-11.296985150926472,-64.87728534361439,-3.7108611385392294,-4.410934195319601
1.094477431067751,-11.254928538331779,-64.75734611510359,-4.098298277434139,-4.481387335690823
1.1022792617070025,-11.250798157405116,-64.74556688060903,-4.445145325168667,-4.545311268773366
1.2105526762139207,-11.180817824456906,-64.5851398517034,-4.805336630592649,-4.585236417080729
1.29150390625,-11.1279296875,-64.46533203125,-5.159039658092013,-4.598756780515125
1.3539925385096516,-11.116418623662696,-64.35104361172247,-5.467930520578079,-4.644168575768852
1.4763385100299162,-11.080572982428452,-64.10175934101716,-5.837491090634188,-4.702252460432028
1.5159334075127295,-10.989815197242665,-63.889581380570746,-6.2035836370289985,-4.739471035048198
1.6190880379136106,-10.957753622928879,-63.723697583034195,-6.6798294159118115,-4.77188060862507
1.6238443791903385,-10.956275300640165,-63.71604887206216,-7.002781357233999,-4.893498916302016
1.6784102201139943,-10.915784777167392,-63.54744530839864,-7.395864723699361,-4.916069572437138
1.7722389809405266,-10.892075054372983,-63.33891048931233,-7.7327118114424565,-4.838061460765898
1.810218240206929,-10.86675554819538,-63.15583098310506,-8.041934634206982,-4.882668279832652
1.8477228717391045,-10.841752460507264,-62.975039425975595,-8.385770690307979,-4.999162802379485
1.8883598315818195,-10.821183718622377,-62.76610331071328,-8.766704084266223,-5.063974057755889
1.891696351361164,-10.819900441784167,-62.74813743497835,-9.102407154493378,-5.0761957019030195
1.9212934086758962,-10.795982416566694,-62.556777521246495,-9.423897402838406,-5.124089571867461
1.9833937604006007,-10.770287751009619,-62.28950060152255,-9.686548350088046,-5.102673545561985
2.041819201236806,-10.73406584052111,-62.04840856143866,-10.07725466249822,-5.169087316108228
2.0782947957990774,-10.675704889221477,-61.8032925659802,-10.426235929108628,-5.236813977121161
2.0811039819236017,-10.671210191422237,-61.784414835223394,-10.781548493661873,-5.255316753070951
2.1446117087399434,-10.643298543536762,-61.53598244340826,-11.024871071360806,-5.310881594914156
2.2086283909870765,-10.620434874944296,-61.302953709893046,-11.380366844057193,-5.3018714498026585
2.2632641913970812,-10.608987687637239,-61.143950503284245,-11.716004744622055,-5.453757664255069
2.33154296875,-10.551608160134649,-60.831111049585246,-12.084391217410143,-5.33244189855136
2.33154296875,-10.550207665000194,-60.80422154300374,-12.46097212666821,-5.314356576037417
2.473839011496024,-10.442793563217126,-60.23710857127465,-12.815737597268352,-5.35374613665991
2.4815425560261732,-10.437291031409876,-60.21240831738433,-13.076909916574294,-5.666595736702801
2.4925038814021714,-10.401192824289867,-59.93794361942038,-13.541072802260956,-5.5053945140081835
2.59008112660579,-10.34791224211165,-59.61747563565593,-13.783899962274546,-5.812867249550331
2.6576214964307563,-10.284976897502023,-59.288983836961776,-14.076063979258265,-5.83948641549563
2.665702090548287,-10.277447252983414,-59.24968276557197,-14.446328773641156,-5.8196933338456995
2.935955467052022,-9.860182038041913,-57.146606385014984,-14.845621927813681,-5.784561092335399
2.9378193838860853,-9.852726370705659,-57.12091096008825,-15.144034907619172,-5.848899752103676
2.940025469027851,-9.843902030138596,-57.09049850063391,-16.143956549737993,-5.77304965949336
2.9431331226382667,-9.831471415696933,-57.04765727586175,-16.465928777033497,-5.730143645422979
2.943718410533021,-9.829130264117916,-57.039588664169784,-16.750658754354745,-5.717202626297489
2.954812992799544,-9.784751935051824,-56.88664192292414,-17.03570774922079,-5.633121000563576
2.962716954488793,-9.793920152613218,-56.61248592840805,-17.340876803958835,-5.618099129052282
2.985314589055681,-9.733659793768183,-56.46183503129546,-17.604596481028082,-5.559188253979414
3.029067848963356,-9.681288327959258,-56.20827657907425,-17.909506688703573,-5.576292385307074
3.0344650283269043,-9.678083752712151,-56.17892941628496,-18.13738167725539,-5.5050367570437855
3.0723477428881387,-9.655590890941417,-55.97294215585824,-18.476448788622847,-5.5317895615594335
3.063073343287112,-9.641912015350789,-55.658754377314445,-18.783385243760478,-5.452827277555576
3.118392362089438,-9.576402650979613,-55.38215928330281,-19.06765412311225,-5.41344549588318
3.176042990789762,-9.525108743143846,-55.096586651409595,-19.37416580668723,-5.334088459753043
3.235355844050004,-9.484805332685294,-54.80437634942645,-19.645425804364535,-5.240962017247336
3.244316094730327,-9.483751185546431,-54.75430436033052,-19.995196965500384,-5.163919898683384
3.266039043008879,-9.45784873055474,-54.50437375027517,-20.28281206491367,-5.155711064472094
3.2541807133064045,-9.392220180931721,-54.21583840541221,-20.60987892674666,-5.014525122950597
3.2788336867027423,-9.362377107872996,-53.95892847212405,-20.949097256340565,-4.964602911259566
3.3175365113088864,-9.341318003881156,-53.654685827087796,-21.199324259224653,-4.941055990587484
3.3240248797394205,-9.313549506532235,-53.37833351453777,-21.54668202650062,-4.78701269625955
3.2746247386280043,-9.24426866145296,-53.14281557645735,-21.812495449804103,-4.609799883046614
3.317694809812968,-9.156341142331227,-52.619436054653555,-22.05116668360054,-4.531944468944197
3.3168250076938595,-9.154725795538596,-52.59955486335964,-22.308889583681292,-4.446587985731782
3.3165230519988516,-9.15416502067644,-52.592653018902325,-22.603493725834937,-4.421918151450265
3.3116191885826605,-9.132343270423394,-52.377775795965775,-22.93662550913028,-4.291610804240244
3.313774810269138,-9.08955077004189,-52.14805474309222,-23.18651262954684,-4.162750635921183
3.3156512878893216,-9.028137818061735,-51.87398324527253,-23.451379247041757,-3.9729200373443896
3.319470816821932,-9.024992323646645,-51.85645834781702,-23.765989086690553,-3.944054809067382
3.358550504564252,-8.985247615521615,-51.61706428600498,-23.9918366567331,-3.9294347757664614
3.3647417657896144,-8.95119567878212,-51.3585791298461,-24.29912194015131,-3.7872609918458044
3.4037746349594866,-8.911780502247215,-51.13866528106009,-24.530875387047004,-3.728908308548291
3.376694264877859,-8.883937475636694,-50.97174201695686,-24.772240129653824,-3.550440071357902
3.354483472471666,-8.856071590297454,-50.789153550258526,-25.029657622377357,-3.4068259964215337
3.3592327271624427,-8.852773496762193,-50.76910114156413,-25.261602077838276,-3.3481282394685787
3.4237965859430117,-8.806152439438886,-50.4894630077482,-25.4986353019237,-3.2998012394158494
3.441487930033511,-8.76044980053843,-50.283063993359036,-25.769274698819956,-3.279518062785951
3.438775893002043,-8.728452641417348,-50.03982434404594,-25.972264891051935,-3.2036657562615116
3.444129948468731,-8.676746352234442,-49.795928899625224,-26.219538331480152,-3.064272006717911
3.4536397670215226,-8.624361632711372,-49.567208949461936,-26.48799845744381,-2.994592263585801
3.4543699315864496,-8.62022403351012,-49.54895483533876,-26.68531571203721,-2.928888144330932
3.455801447975181,-8.583966177200361,-49.361270683249835,-26.930258959796944,-2.7771219876864013
3.4467500206769204,-8.56586332260384,-49.21305356124082,-27.187223719056462,-2.661412173479042
3.4379528577133143,-8.537829116859028,-49.03942035822857,-27.379185552126117,-2.5953146467169628
3.431629353874691,-8.49198371402901,-48.84181086327159,-27.584949191030873,-2.4684012886899
3.4537549010753144,-8.449291967283662,-48.66348622518914,-27.774814268183164,-2.334554794004697
3.4559650644867803,-8.44269184772356,-48.630092934064926,-27.9942637452219,-2.229872079162716
3.4442941109397087,-8.419349940629418,-48.46669958440592,-28.20222861976994,-2.0728530889381425
3.43505859375,-8.365734143442385,-48.264916270459295,-28.430037785164643,-2.0250176850358024
3.42704102233216,-8.3427978347946,-48.06001474569132,-28.65468874078077,-1.904833538698303
3.3909128694928024,-8.278407770235605,-47.89141755517834,-28.853047779462614,-1.8322443641266986
3.3866285549330777,-8.269839141116156,-47.87356624451282,-29.010178112514424,-1.7482160711655514
3.3739429752214045,-8.227751620604952,-47.72867680772493,-29.183490786068617,-1.5118025780772177
3.396980917617642,-8.220663022944573,-47.53196822264937,-29.35619751359748,-1.475925872506767
3.3922550399725875,-8.18559306759649,-47.37362519335306,-29.56266794802781,-1.3904541949742775
3.38623046875,-8.15185546875,-47.2314453125,-29.725995069977557,-1.2455618438897782
3.3838534531231685,-8.124915958312576,-47.14428807284951,-29.89914766420246,-1.1520197648509143
3.3831591791151387,-8.117047519554907,-47.11883135922176,-30.112781926781494,-1.001217141813958
3.379012136802544,-8.070047706678828,-46.96677314109327,-30.30784201351217,-1.0170192767264308
3.3990337516466838,-7.995034853313891,-46.5077555037122,-30.417924360619622,-0.8824804403336836
3.3998930774251592,-7.992613117029096,-46.49634990701607,-30.627510435324723,-0.7985562518933524
3.403821248219843,-7.9489076313278035,-46.29620738785012,-30.79563258639766,-0.6409443811288683
3.4010139820516962,-7.909605904973747,-46.11934961925686,-30.97966437538804,-0.5515203590615936
3.397859565074075,-7.8758468959537,-45.89169639248516,-31.198699284839478,-0.4743647261819294
3.3984988392644175,-7.87328979919233,-45.87430813450784,-31.351513016525587,-0.37785258907423486
3.405548541081399,-7.845090991924406,-45.682556245085955,-31.55623232520213,-0.2865863518769335
3.430902095602983,-7.811773685647017,-45.50907923211746,-31.731154605592792,-0.198733489320322
3.4317191088667514,-7.781591324585932,-45.32897094448477,-31.872038067702846,-0.046417434229787405
3.424932600348914,-7.748644002986546,-45.14284501281847,-32.1097651757032,0.06151863519520601
3.4375894785867547,-7.68694172157707,-44.92767808277517,-32.29332490182178,0.1822346036122817
3.438618671107825,-7.681924408036854,-44.91018180991698,-32.512424398298705,0.19097071364654555
3.45679604315736,-7.6450429221905365,-44.71235426443165,-32.736423993430535,0.3245319600470647
3.4762996012488534,-7.616824652904437,-44.518818441206434,-32.88129606961256,0.4934575352521976
3.471164678719202,-7.562052145921489,-44.32369138507968,-33.079521008875915,0.5362513939014277
3.48636639442719,-7.534652660979124,-44.17284083484674,-33.24334271722731,0.6878272008104083
3.4892991964071687,-7.533479540187132,-44.159545465870835,-33.419893333166215,0.8005691045014676
3.4996417352414277,-7.520637828991428,-44.04578511997444,-33.56464715754295,0.8664887414699954
3.488824697911863,-7.47854692363673,-43.84570233690483,-33.799865927159175,0.9063931818149427
3.434155657409285,-7.40890742912053,-43.5201327943173,-33.98089784938483,1.0455080656769073
3.4336218849729354,-7.405571351393346,-43.50692192651765,-34.0973536652789,1.1785746450104193
3.4269053058770895,-7.363592732044308,-43.34068659389546,-34.25330404375029,1.2368923006701014
3.426185574011302,-7.359094407883137,-43.322873230217226,-34.422698966193394,1.3544107349359777
3.42529296875,-7.329761996278769,-43.22476963809206,-34.57676799215501,1.4339971162738563
3.42703806526167,-7.31165924171499,-43.10593695523069,-34.749037121230415,1.5747329514140114
3.4299646125758727,-7.302879599772383,-42.97570559974867,-34.90698451772653,1.7121754482180422
3.4133861647739723,-7.265308937502739,-42.79673346734212,-35.02501671148451,1.7474053807530947
3.4085338512489813,-7.223585963759167,-42.64210685252852,-35.17618666760916,1.9211952271332235
3.4089677243010286,-7.219681106290741,-42.62995840707119,-35.27951045884147,1.9881558884045305
3.4135365562933564,-7.180814712326575,-42.5033829676661,-35.40001982229859,2.0959001222270226
3.3488015886032674,-7.1162357702542876,-42.28983188225347,-35.544302379905574,2.100203237498211
3.3888152588686125,-7.02564949206022,-41.764347913448454,-35.66006226675947,2.1918523271574792
3.390594460594155,-7.022802769299353,-41.75607462542468,-35.80304815007655,2.3479257714482324
3.3960074025402,-7.014228008991199,-41.7307591274215,-35.84522263950183,2.542210206304368
3.3963902858655373,-7.016525308943224,-41.7240586692281,-36.181633126507464,2.8101620295819703
3.398303410059059,-7.028004054104354,-41.69057899584147,-36.269151571264985,2.8847762712164373
3.418508669917034,-7.015543238777196,-41.50446970316373,-36.38911120107558,2.937688755630445
3.43017578125,-6.9970703125,-41.4111328125,-36.52387986111181,3.0129094689667744
3.43017578125,-6.9970703125,-41.4111328125,-36.63464270281122,3.1201557909363364
3.4336201058256246,-6.966071391319378,-41.32961713087688,-36.71157527663247,3.216113403359825
3.4360262845163785,-6.930099689833128,-41.218213605896175,-36.87112540388547,3.3144009565705863
3.423542233878025,-6.921182510805732,-41.052354075986614,-36.949155998438016,3.359660365841732
3.4455233736941784,-6.893832095055822,-40.93321877712884,-37.132992223567285,3.436561539890614
3.4705699298165706,-6.861045135779833,-40.823169989564356,-37.18921271043928,3.5638084856574284
3.462405962744814,-6.858663978717237,-40.80378056776893,-37.35641378795522,3.6357856108230746
3.4317880535485075,-6.849733755201648,-40.7310630334277,-37.4818544572861,3.659809770061315
3.4089161108587636,-6.849097864677963,-40.637136873296654,-37.62819324099101,3.754649030383575
3.401721899424105,-6.8532326187140065,-40.55963217618778,-37.69095917717513,3.8307808311381715
3.422204348443346,-6.847820924221673,-40.47583884080911,-37.793412402372226,3.871294019181569
3.378981932288883,-6.826209716144441,-40.447578030246575,-37.85697258039509,3.906419793119816
3.3748503989361702,-6.8220765458776595,-40.437100024933514,-37.948124798245956,3.9771428040494463
3.3829698185790273,-6.805837706591945,-40.366055103058514,-37.99730100905077,4.020858530862686
3.387773429197074,-6.800601803008095,-40.289500721524284,-38.06008692013654,4.0760539196042505
3.353896125104515,-6.786096885451505,-40.239911031563544,-38.11526887933517,4.124797585865445
3.3445790049793955,-6.782991178743132,-40.21195967118819,-38.16390148917871,4.1797799094016534
3.3512296652701705,-6.768312881801957,-40.148429567872256,-38.21791655555484,4.231399821968723
3.352527040110137,-6.7662947431620095,-40.14021286055247,-38.3000421226062,4.283450146682461
3.3641192277937586,-6.747618522271618,-40.06565339794717,-38.40632377722903,4.314775436354035
3.340626875861782,-6.670992044860213,-40.00745525048141,-38.41660581446576,4.288226459621908
3.3598183348587867,-6.706422430700837,-39.96464353425732,-38.497363475135785,4.363152570480491
3.3571722710587846,-6.7098231733370595,-39.911625164869804,-38.53809622714739,4.369399837014258
3.336936432024961,-6.686312851162442,-39.85234158507449,-38.59636381716871,4.377349043401747
3.3332918663666393,-6.680846002674959,-39.80496223151631,-38.66559673302961,4.421014873357259
3.3362026776627784,-6.677232069058148,-39.76913985011055,-38.670994325741795,4.419111799591019
3.3363298079630224,-6.6771473155246515,-39.76824993800884,-38.74161048003293,4.445852286266288
3.33827679835524,-6.6795055424342795,-39.74365234375,-38.76377247228045,4.503982985591278
3.3286783360704058,-6.673746621426015,-39.72009258838902,-38.89124777387708,4.5082724550935245
3.3388455861659523,-6.661888999346319,-39.698631081590186,-38.8657339410191,4.4584587224768155
3.356766643512121,-6.657659193670707,-39.68644264849343,-38.9066797553303,4.516430979385433
3.3566438406235193,-6.657618259374506,-39.685664896865624,-38.99067428996008,4.572348702537532
3.3535194035504183,-6.656576780350139,-39.66587679540265,-39.019541729170925,4.569593879479792
3.3502370770491154,-6.6554826715163715,-39.64508872756107,-39.08471668160836,4.601266436804223
3.3301067369758286,-6.623592380201657,-39.64830874610877,-39.091549323762614,4.562519332665636
3.3377005341855885,-6.638779974621177,-39.61413665866485,-39.032486183367084,4.569223170067959
3.33984375,-6.640966633260945,-39.62129037141244,-39.099411613911364,4.621299801804395
3.33984375,-6.640839121002696,-39.622310469478435,-39.09142546234706,4.648749851270291
3.321937578210272,-6.686195390710272,-39.68223329764351,-39.11739821740728,4.638241529818763
3.295454840696202,-6.659712653196202,-39.69895923712608,-39.02975880412364,4.613443885248948
3.277414729163384,-6.652823458356312,-39.72410823440947,-39.04925298571484,4.58618948985496
3.276341300142289,-6.678212301306916,-39.76347977557793,-39.003341606666034,4.546375761950977
3.3080989476320113,-6.695158434407318,-39.80061414217134,-39.003843180887905,4.62005353212518
3.3077448007627903,-6.695630630232946,-39.80037804425853,-38.96594400350059,4.545835267516672
3.3138624472328986,-6.711708847733848,-39.8174606642177,-38.919980674587045,4.532247852250074
3.3392928837288394,-6.735726482202237,-39.86549593315448,-38.875674461038855,4.538591189648633
3.3256247012617246,-6.7318255006640655,-39.91778834780858,-38.81295869234084,4.485491474292007
3.297990940227307,-6.722301303347064,-39.97057675194203,-38.77903315040673,4.441927977726753
3.281145025868271,-6.743741557985837,-40.0287717288187,-38.692937126605266,4.375996189614376
3.2801953911157975,-6.7449501840344395,-40.03205228523633,-38.64717363723478,4.455432902338982
3.282793217950356,-6.784852459621281,-40.08386022228121,-38.643483097888286,4.377669994109538
3.281251544582839,-6.801756267917161,-40.124502451252965,-38.60559563169226,4.354018909202909
3.2784339391032984,-6.8172461474318595,-40.17660884533898,-38.55072816493105,4.370467686747432
3.2891362814135383,-6.828140351845795,-40.24321951425231,-38.48387286165065,4.3281488114524915
3.3354537860750266,-6.826424888710184,-40.34614730238895,-38.42464592304117,4.276095227359891
3.3374013377312717,-6.82635275716736,-40.350475194958385,-38.36693285845615,4.301387063976636
3.34228515625,-6.826171875,-40.361328125,-38.321224399221045,4.2044026894524755
3.352427347080646,-6.84790514106567,-40.51056321865094,-38.202655148279355,4.1477858019208345
3.354930129882351,-6.891684624514717,-40.64168462451472,-38.118104444556174,4.1299211894266925
3.3409052644681605,-6.960555344521226,-40.74791914749921,-37.99946560260425,3.9805872410950287
3.327946280777843,-6.969194666981438,-40.883268532709195,-37.88981889125069,4.0122393529312825
3.3274856606966012,-6.969501747035599,-40.88807945355772,-37.81271325257707,3.9447313375355098
3.3374636957692236,-7.00391455272835,-41.0000166054567,-37.730208389954996,3.893093130495783
3.379607585897627,-7.053678022935723,-41.1741884051667,-37.52736421401247,3.838584137899313
3.3790920492506085,-7.1035099301607865,-41.36519574022749,-37.369334934687835,3.7974116576843633
3.3674577462237454,-7.154126123073514,-41.563281836044055,-37.23486174832776,3.72450672471374
3.3679762037764904,-7.220101270406185,-41.7676881649509,-36.94345195709184,3.6837596154011214
3.3681584258970108,-7.222895342920831,-41.77594890108115,-36.8342535307699,3.527482832917613
3.3694194467340006,-7.281608055483498,-41.954940773425996,-36.563263470786154,3.515379916420349
3.3475111842490626,-7.344594310127694,-42.19593166076031,-36.3686929679192,3.442234456992419
3.338139097214045,-7.3983724878316846,-42.45749637833157,-36.19788405349816,3.3720087368544225
3.3555775763831646,-7.431505598253013,-42.75743822004043,-35.960383170862215,3.289560508994157
3.3502621459341375,-7.500796509408625,-42.9942480488576,-35.729208199421095,3.2201801584901335
3.3499677298863944,-7.5037406698860565,-43.00366936238538,-35.477504547416814,3.0649206840528116
3.323472507337001,-7.548835714450057,-43.293417486220754,-35.171596952089004,3.0229517372843553
3.306605467818684,-7.5942422005384245,-43.52978129516883,-34.89832928745156,2.9029633227962712
3.3033557568371017,-7.639738154280577,-43.68739227777557,-34.62365678946418,2.7699286441007125
3.311620451010387,-7.714074270169169,-44.04445970504679,-34.33024340874509,2.7595704497111297
3.2732626006577004,-7.759073459205964,-44.39547213682201,-34.013527905194195,2.647185408907449
3.2738651847032516,-7.840219622789358,-44.75512300875019,-33.768299869621245,2.485177526001915
3.2731069190854187,-7.842701219356812,-44.76673825935063,-33.50620831287446,2.3810615492123253
3.251174702009327,-7.914479384333112,-45.10269994819804,-33.16203377439513,2.3563688626541044
3.2271456204449316,-7.993120014907497,-45.47078178852537,-32.894696709965544,2.2581735988499214
3.21044921875,-8.1982421875,-46.39404296875,-32.627300440095894,2.1904162751161484
3.21044921875,-8.1982421875,-46.39404296875,-32.32319757426838,2.1126373349796244
3.196434927272427,-8.279093869101384,-46.822017870026656,-32.06298114930007,1.9360069068116588
3.1957368417066885,-8.283121285826798,-46.84333632922652,-31.66190702507862,1.8472377054117777
3.195486246888218,-8.284567025164126,-46.85098910945211,-31.313245140306364,1.7120200515666006
3.1785328070311976,-8.384286808985243,-47.375839448050584,-31.030274873178413,1.587533678395463
3.1693660651347915,-8.472460749454129,-47.761875533244364,-30.655176577901898,1.5356725566418665
3.1446315771440534,-8.552313034718384,-48.14703976583544,-30.35770589533918,1.3900624726653885
3.144326548902721,-8.555820859493707,-48.161681121419385,-29.9433796132232,1.3581536856819576
3.1361186081998067,-8.650212177577224,-48.555662275159285,-29.59933851768737,1.229331410812573
3.120953620682231,-8.776284492241325,-49.02016282076627,-29.12611721888358,1.1567291716521362
3.10302734375,-8.90625,-49.46533203125,-28.777665232508454,1.0479214486684236
3.099703539650102,-8.942811845098879,-49.741207771541546,-28.29596028703628,0.8808809758756725
3.06720792564851,-9.028973365380248,-50.225186563720925,-27.90375355503852,0.868599532866675
3.064257297865937,-9.035555535049063,-50.25900529753657,-27.49469701433354,0.7748990117439765
3.030709514691835,-9.12061256015492,-50.67261294821923,-27.050547400654736,0.6787202205066116
3.007248812888206,-9.233517187584885,-51.1139674009,-26.60583529641724,0.648689354170826
2.969590322230596,-9.321872629955926,-51.57739252222773,-26.177818757759084,0.4805722820428883
2.90880213558778,-9.396814268420423,-52.12753071261852,-25.704886889518463,0.42409158472973085
2.9059532867992597,-9.40008741383702,-52.144745032957665,-25.348719566576236,0.35491448809168513
2.839007726239551,-9.477003589799239,-52.54926714357377,-24.91270814908124,0.30347386331043835
2.77912680834916,-9.5784701914638,-52.9785830671616,-24.48112092355585,0.21048208362041534
2.739985187660013,-9.653787573487579,-53.38815081325266,-24.154925249983236,0.109888229610015
2.7036978590839267,-9.723409844997455,-53.81637945873855,-23.814360602025346,0.03730504166358197
2.6894509652904777,-9.790060659595223,-54.20439312328552,-23.393593156078552,-0.021732744513087102
2.6893740256387426,-9.790830056112576,-54.214779976269774,-23.065418160934925,-0.11803967438309926
2.687657530033252,-9.80535933840902,-54.404067367512,-22.691383439931556,-0.17139109641303543
2.639964246314338,-9.902236320963064,-54.72301620238224,-22.323170051914744,-0.1697871622786549
2.5843148664994673,-9.98303153298118,-55.08415777033026,-22.01087943759913,-0.2238296092104816
2.5146484375,-10.03662109375,-55.52001953125,-21.693059380583122,-0.31488581488711587
2.4821796666316285,-10.074326763145528,-55.73263761145256,-21.384464756029715,-0.3029719389582958
2.4323708892760028,-10.132697317407375,-56.06291957002039,-21.02862453549453,-0.28128313228992025
2.3847522888903607,-10.19181006271369,-56.404459876234654,-20.804387491372495,-0.3977473288898525
2.3828496966161974,-10.194171901398859,-56.41810605530451,-20.42424866940692,-0.4048260790718668
2.348417167174897,-10.26286663180304,-56.74065334857613,-20.17269628185015,-0.4342437845355302
2.3285320875509297,-10.321831472882714,-57.075849338314875,-19.792199875291786,-0.5834078812571862
2.318697388752707,-10.339593382496691,-57.37791735123165,-19.49523655417991,-0.6219489933406402
2.2336159041872157,-10.573603211838487,-58.20261597235395,-19.183764289558994,-0.6786571457283787
2.2334108514300848,-10.578511309681447,-58.22534150130524,-18.640602926934875,-0.7644204839081877
2.2311280676200567,-10.578022141722155,-58.238222924233256,-18.288261146680213,-0.8930459318581733
2.2303473693502824,-10.577854849235775,-58.242628293041264,-18.07166248868411,-0.9022711501702253
2.2003341397888554,-10.591983644282225,-58.461306267086435,-17.749453895768497,-0.7538913094961199
2.2020276357947495,-10.647869012476733,-58.58493147551671,-17.527376794281494,-0.914586669100584
2.19514455346127,-10.667030550833914,-58.680714893480896,-17.30577935503767,-0.965531768640189
2.1769302641548656,-10.706494844331125,-58.906875652368754,-17.05840644468404,-0.7333154507552611
2.155674825990241,-10.728214583632319,-59.07131541062715,-16.822856230031462,-0.7555576294106557
2.1437712409102705,-10.784546592119883,-59.296993637474046,-16.58318745462249,-0.7621101733847113
2.1196354223174567,-10.838610862358617,-59.52579120422012,-16.32699052695429,-0.6719272652563419
2.050680992620633,-10.884209759416194,-59.7871507361355,-16.178493904057902,-0.743183113602656
2.0477002890803,-10.886180869821898,-59.79844856407064,-15.918499455804394,-0.7346348480527091
1.984746130866953,-10.931248886491408,-60.04376726711586,-15.68059845756143,-0.805025891018125
1.9633728117955134,-11.005738828301121,-60.22704661983835,-15.47813937923938,-0.7611549131039825
1.910881940416704,-11.03555948395813,-60.39013244895768,-15.17018929462236,-0.8214016527497621
1.8633336450475328,-11.095432166680299,-60.62364520840149,-14.95999867794248,-0.7824648127535975
1.7887681130005069,-11.138491135890552,-60.83894005445276,-14.783655853116926,-0.8165872714949418
1.7254316909776546,-11.174243002973862,-61.06821678664504,-14.606465560050552,-0.7493942834642962
1.724780693596524,-11.17452200185149,-61.07556375708923,-14.373223719707568,-0.7361060267154046
1.6831648379342432,-11.205424142337417,-61.27804487179487,-14.114233021569774,-0.7530244501736534
1.6017733211848635,-11.274946062894179,-61.4883062900641,-13.903985748307718,-0.7218992013614627
1.5512435932190127,-11.301394854733052,-61.71465580844214,-13.641820484151495,-0.7393204741253444
1.4499572500648341,-11.376579316325207,-61.938981052256224,-13.43818599995295,-0.7315308205160724
1.3527999181470436,-11.40796860817557,-62.16020082339212,-13.167228605088368,-0.762548658725668
1.338489157860045,-11.412592084575985,-62.1927853237379,-12.952408440939806,-0.7458628974998686
1.1799927959060124,-11.505545411267994,-62.578801938367086,-12.640336905044848,-0.7153585891832581
1.1583101349648341,-11.51793550323438,-62.625953121683615,-12.409154851861274,-0.7038883913542787
1.112577033342344,-11.554445065090087,-62.75105973641666,-12.137394475331746,-0.6809296837871981
1.0849753142414538,-11.59757275118523,-62.87871768725827,-11.897943159712767,-0.6269483545426368
1.0744490040713874,-11.60067788900365,-62.896533540906034,-11.488548927886441,-0.6667627932831027
0.9276295956145328,-11.627221714148275,-63.12827703349125,-11.336125175768842,-0.5675859168037822
0.8509925560253977,-11.645103690052407,-63.29304666860789,-10.90663300516951,-0.610477609575367
0.7432874528338355,-11.694644072369668,-63.51229503916693,-10.748816313119761,-0.602015440751821
0.6431051871897525,-11.751343918936149,-63.69839678001326,-10.52250493447579,-0.5768923980347277
0.5980621881587447,-11.778369718354753,-63.74569192899582,-10.171753996273637,-0.5627161134983478
0.5227888540708372,-11.816647321086323,-63.84804031666858,-9.889371930276496,-0.5182038588462176
0.3922615318978382,-11.868401750213426,-64.0230724476982,-9.498506259860747,-0.4873440367892968
0.23116653096515288,-11.93045315798009,-64.19252052275333,-9.197093744992983,-0.5125082734427828
0.08711634589920143,-11.98192173685524,-64.32351620909132,-8.822852160325297,-0.4448828213019258
-0.11609416955965753,-12.015595135757824,-64.45531584579238,-8.43854854524372,-0.4609957875184615
-0.3143829431404774,-12.022993970592928,-64.5899746397913,-8.129803365942863,-0.4435418377306358
-0.32815183685924904,-12.023507735283927,-64.59932515716747,-7.7928786269244625,-0.4301043265536776
-0.5177329851961345,-12.02536915886755,-64.7137301669054,-7.468594336915913,-0.5041107652460306
-0.7363080325534997,-12.048458072320793,-64.82609621237786,-7.1185269570854075,-0.49562340883648803
-0.9466218354139725,-12.055203392733805,-64.91948009125912,-6.810289825468217,-0.3479485098712034
-1.1013497160108914,-12.079770709080321,-64.98997287529048,-6.471341401193243,-0.39587416206271286
-1.2586495631157215,-12.11159275960782,-65.05812992122829,-6.109764780899269,-0.3516638200127576
-1.286597042132021,-12.108999694544451,-65.06533287973764,-5.807027183069536,-0.34925863779573296
-1.816094624769484,-12.092404684776604,-65.18357271662673,-5.534261834343894,-0.31988674695810526
-1.8764880655667389,-12.09579411257645,-65.19682229802612,-5.211314019313704,-0.2842926585050151
-1.8940475887973092,-12.096779596023064,-65.20067464240834,-4.896730586542006,-0.3179121386285006
-2.1349511411760016,-12.11029969335044,-65.25352593196081,-4.642075979446275,-0.32877123996903634
-2.4880283777030487,-12.117801255760595,-65.32826701468214,-4.336897226724318,-0.26512059989569126
-3.0739880323267754,-12.13370170879307,-65.44876950236437,-4.07113601167444,-0.21656974988207517
-3.076171875,-12.1337890625,-65.44921875,-3.7588721285118254,-0.27117266320771277
-3.076171875,-12.1337890625,-65.44921875,-3.2255207307706257,-0.15998665138074908
-3.14939072209608,-12.144612718157681,-65.44794537874616,-2.9095479045629986,-0.21120083476395193
-3.1677596199808797,-12.147328120453695,-65.44762591965251,-2.6954982405216725,-0.18096625135399688
-3.311688220751673,-12.168604522306769,-65.44512281355215,-2.3454640896481465,-0.12263636057073576
-3.445868736232327,-12.167019932240017,-65.4422676783725,-2.0037685911472494,-0.20350896655004833
-3.579854826815597,-12.217693451043438,-65.40560506530674,-1.7659292258640562,-0.10175961189656828
-3.784702260466214,-12.223078509449758,-65.29512274111858,-1.4617563443389514,-0.038513402510483186
-3.9547452914813466,-12.227602717217183,-65.19192306217438,-1.1227661905332411,-0.09014763317953893
-4.0695232044102,-12.244197114267138,-65.08267661492884,-0.8539288086629568,-0.05534215517644602
-4.077758482322344,-12.245387756856845,-65.07483821787994,-0.5063426619506544,0.014830591893226866
-4.13330078125,-12.25341796875,-65.02197265625,-0.21730746352663743,-0.006475927471441359
-4.269979329007152,-12.274998792080076,-64.80616442294924,0.09813834585622772,0.040032151928315676
-4.368927507507992,-12.27278342040519,-64.6536354318458,0.42460278110590366,0.07304901224196615
-4.453125,-12.2705078125,-64.52392578125,0.7940248002358175,0.0945632157857745
-4.501053764669411,-12.261651410332826,-64.40149904540965,1.162700285994319,0.09090685817945518
-4.505062185198916,-12.260910723930635,-64.39126014514407,1.49079297698799,0.23288419981966305
-4.594895598297837,-12.244311071510182,-64.16179436168487,1.8851948734203035,0.2269407517378853
-4.700123523003544,-12.225611611097948,-63.88370632751978,2.556638554121946,-0.004918608785565641
-4.775204796969604,-12.234908320413862,-63.59864653843406,2.921720164724533,0.0821857626667879
-4.836466198043881,-12.246323496283246,-63.33490279694815,3.3299645000791998,0.10559563399899828
-4.9563741461957855,-12.237850553359209,-62.96626919555344,3.724455060619775,0.1941990036343194
-4.975505773707424,-12.237121729454003,-62.90960313692372,4.089411031482754,0.23384601223037682
-5.111078301121049,-12.231957061743008,-62.50805022239385,4.514838579523968,0.28353911947455307
-5.331414283790025,-12.190008154056342,-61.91387247921798,4.989304305186337,0.393619047620766
-5.340726676581193,-12.19034885135358,-61.887979484627905,5.331431790545096,0.43922841433011234
-5.482680791201179,-12.195542294571384,-61.49327780007477,5.793097045702112,0.515282981275671
-5.567052671323777,-12.19540224924631,-61.12006583952045,6.270113801417125,0.5858051341855364
-5.610027629410686,-12.19482421875,-60.97710677420868,6.801440967957788,0.7372726482080127
-5.783490441305328,-12.191550592704786,-60.46344032035475,7.259304270022824,0.8573017608134912
-5.849874673873781,-12.187295193181168,-60.139178876654995,7.679042371178312,0.8857007827274536
-5.857382673913121,-12.186813911127365,-60.10250518415514,8.144580645857218,1.054279432985442
-5.958559021795313,-12.184821351654032,-59.671184137556,8.626325070340812,1.0952503005238827
-6.085868059426562,-12.192679934223861,-59.27353985952259,9.081618133009584,1.1897963787241113
-6.177183758723379,-12.168360179891485,-58.89036059020989,9.530938691350713,1.2719992628523455
-6.185461509501715,-12.164488328720973,-58.85017344530216,9.98810786364811,1.3703112043925387
-6.254583915753595,-12.132156880635415,-58.514595311724484,10.45027838884262,1.3215277421084446
-6.317243355342504,-12.099330328904088,-58.15649382764532,10.893745299875249,1.5247824594479917
-6.4432965435629574,-12.078260749526185,-57.577386605339825,11.337415788067062,1.591860622908995
-6.575484476914314,-12.058456933523946,-56.98210810456129,11.805240420994195,1.6218569287943476
-6.585035453616422,-12.05493041904932,-56.93626341639117,12.267115107488607,1.7505316577668992
-6.676955096972168,-12.02099085842566,-56.4950491282836,12.782537547423644,1.8433059438169461
-6.724269757231405,-11.981785253099174,-56.09364588713843,13.258645698103564,1.9331190983772089
-6.7812423746443224,-11.92779201751919,-55.690801649765085,13.746018273213267,1.9866871417983951
-6.870373557615119,-11.891397771564854,-55.25160544474867,14.25872959064914,2.0552673345762136
-6.938939977967594,-11.866210106945578,-54.782835019889916,14.750312727420138,2.153715041348714
-6.94347065234253,-11.864545777583356,-54.751860001204136,15.249177982025557,2.2999342006747323
-6.947289322342185,-11.779024521280546,-54.34288968704925,15.683235690202835,2.2882678535153214
-7.023697575392045,-11.75582750546591,-53.84535488699742,16.050237486229236,2.36998028386666
-7.040138480278602,-11.722945695692797,-53.371557900721214,16.619089485277144,2.5650320751861773
-7.076655800853734,-11.666099140518181,-52.97407677679821,17.100696986254206,2.553469240575728
-7.131170902856335,-11.60661101880656,-52.48460036057692,17.536395545465837,2.6675184041881645
-7.136123332848651,-11.601968115688765,-52.4372427487754,18.001597580802255,2.7309174811878707
-7.176578438842219,-11.552742820802319,-51.964183117444705,18.47852547733048,2.7879660579354715
-7.197497552425467,-11.494812967802552,-51.47177936694669,18.81603744181355,2.820730100083834
-7.216120090057124,-11.463004258027446,-51.24332029152966,19.28855725621473,2.8800316754863067
-7.289975520204091,-11.372816808066535,-50.58217114417933,19.69533450938951,2.9807610466654886
-7.319941864698395,-11.356585038132119,-50.247546963992924,20.115222914084853,3.0833934511138787
-7.339861336918459,-11.328760693823474,-49.93636100276701,20.45771148916677,3.092874987038339
-7.350063661520305,-11.287219816504209,-49.65079010444122,20.909566258238016,3.185810989270878
-7.3520443279508525,-11.28377971165115,-49.62452021283606,21.25053421338565,3.239718214538536
-7.379773657978528,-11.235618243708346,-49.256741730363736,21.695828428655147,3.3120382405235476
-7.415881141084632,-11.19724604896064,-48.877186917738314,22.114441852419972,3.446602164326817
-7.415148998995468,-11.157028472795504,-48.505620647291344,22.426326245844976,3.388748686724975
-7.418426537840112,-11.145418744490563,-48.4136576889354,22.824539302614113,3.4970996597570188
-7.433826814667242,-11.108201408825,-48.124902498426714,23.184195360152955,3.5136626227605365
-7.502661787068053,-10.99576317877292,-47.5190112890074,23.60841704886002,3.6762687792491695
-7.505000578499647,-10.99225499162553,-47.50238916419001,23.910697079865116,3.698744994824656
-7.506908406499329,-10.973497375373993,-47.199487199343096,24.240593267971846,3.6690448081547675
-7.5200139431145,-10.945458794521679,-46.853000298607036,24.558854264185157,3.7388361092749136
-7.522263167653235,-10.942727593296071,-46.83580979677527,24.907949302665884,3.801105373718088
-7.544107733950162,-10.913127178424737,-46.54733068397113,25.151466335024594,3.912752288511421
-7.555891716170842,-10.893978207316133,-46.26598810845241,25.464861980030363,3.8317043689448447
-7.601060299335989,-10.82501724641776,-45.97063208478,25.749527163109533,3.9056261086032786
-7.579406144727643,-10.816100829814323,-45.72606751508573,26.036209488097967,3.9533193567310883
-7.584699996384652,-10.769567905615306,-45.43201153296126,26.305547354334394,3.924780675780651
-7.586490514397121,-10.765661320860827,-45.41850126068536,26.604109915192225,3.9691733827339535
-7.583116993100559,-10.711947855345173,-45.20141622698125,26.862558785236615,3.995095868053258
-7.568919771002869,-10.65313079236903,-44.95195075297899,27.16420446688406,4.020893303845288
-7.564824395370196,-10.615692115674454,-44.70553108221081,27.402144422738218,4.040972539083149
-7.57568359375,-10.625,-44.59228515625,27.67937152529285,4.159960253933397
-7.579195813019113,-10.588707067552498,-44.35228350619394,27.90424164356051,4.108923864943589
-7.579358035855231,-10.58703076491261,-44.3411982790592,28.132292229627524,4.129711258621128
-7.58317101251266,-10.54899000622468,-44.083800074379646,28.384333438543393,4.14689632893519
-7.581328888607516,-10.519711612895096,-43.897315304494875,28.566709897638475,4.13135499514552
-7.575642900520394,-10.48559568437236,-43.79401985424548,28.746289949693903,4.15498337862621
-7.580240063907163,-10.448152495276966,-43.659907083398316,28.993480897145503,4.174149437265243
-7.585824152437821,-10.43701171875,-43.53052981889064,29.109761939588395,4.28508413668005
-7.585067976292485,-10.43701171875,-43.52311929266635,29.272067597409006,4.2553697436082585
-7.571910686607239,-10.43701171875,-43.39417785375094,29.453853386570984,4.264430871671262
-7.595280322078544,-10.37003674269636,-43.169997642780174,29.539117899631748,4.243639485298207
-7.59346893840151,-10.365508283503775,-43.157770802960194,29.710031113721527,4.20429829324348
-7.5772358153031325,-10.324925475757832,-43.04819722204615,29.85891686154534,4.295091655828137
-7.544019284545011,-10.339960395695865,-42.93673752903649,29.944106508897818,4.25500405340749
-7.5206116687712035,-10.334211462608666,-42.82312360026239,30.032634989791177,4.299156073002187
-7.51969645571765,-10.329520995709206,-42.81179783872467,30.10139815334142,4.3435152033355555
-7.510601710874553,-10.282910428388336,-42.69925037129135,30.226600468167874,4.353723428653168
-7.504618045859566,-10.279644145702173,-42.63298276379087,30.323881954075773,4.338433295570434
-7.50132039911248,-10.27259122954968,-42.60165511969356,30.430261129358485,4.406025209964816
-7.498747443721749,-10.217157743636994,-42.5451130942444,30.473179859439398,4.356979056416933
-7.500007725016694,-10.222198868816776,-42.52305817158285,30.573654409550926,4.43167305094444
-7.502075822343076,-10.230471258122304,-42.486866468371176,30.65024877221549,4.359077520277718
-7.493077260230542,-10.193440779854066,-42.42067056305837,30.751766731722597,4.387923801951125
-7.500170947487257,-10.2179075431696,-42.398736412853914,30.906646205628363,4.547494484436814
-7.508535142153104,-10.183183706525172,-42.36216812381586,30.980767854095177,4.545276155656974
-7.508700898160261,-10.181857658467912,-42.36034480773713,31.07981874948672,4.593298709986745
-7.512075225268405,-10.154863041602761,-42.32322720954755,31.087744352492024,4.604698292166428
-7.512194813939763,-10.153906332231896,-42.321911734162605,31.134040062476373,4.618257061580643
-7.493401767787273,-10.155735374086182,-42.31766033643946,31.13216161721641,4.604574272301799
-7.476768430807248,-10.150745372992175,-42.2777403276874,31.228461014634632,4.652197768749116
-7.472696143030053,-10.155901344355183,-42.259197557689895,31.256704158398435,4.585523765023135
-7.475268185724461,-10.165062369673384,-42.255006727627695,31.280349160066635,4.656736332154741
-7.4748990210664585,-10.163954875699377,-42.256852550917706,31.325686743986438,4.593607238497483
-7.474261858400419,-10.148635461896236,-42.25892103709749,31.359940633795958,4.6878069147398564
-7.4781116700266494,-10.135034928315568,-42.25855376007995,31.37777304396252,4.6351640711227615
-7.4824034381327005,-10.1321737495782,-42.2714290643981,31.415889173084707,4.670263748520048
-7.449650380241129,-10.137859871069153,-42.308301050052314,31.393638079458356,4.637617688952629
-7.437849590301082,-10.146710463524188,-42.33632792615993,31.41813542484411,4.639434619482048
-7.437217720744881,-10.14718436569134,-42.33782861635591,31.406050947330613,4.720786105355165
-7.406567016862955,-10.146665885974304,-42.37614782688704,31.426754368964907,4.691861855783436
-7.3875641039036015,-10.13177230740522,-42.51279549573037,31.369307161453122,4.612368201788692
-7.385417385479193,-10.134935892451715,-42.51821878438151,31.33128247263062,4.690036426564476
-7.362819134538379,-10.168238578048705,-42.57530910254778,31.25376798576866,4.644019373868359
-7.326608252754628,-10.17115513029684,-42.63664230709695,31.24871820153433,4.702236356921322
-7.322154438532703,-10.16853523957806,-42.64240606667827,31.185867586785378,4.6905453667989745
-7.293721752425925,-10.159547956492592,-42.72367050255371,31.098245669349183,4.667366142079149
-7.269322892617224,-10.18402477806244,-42.84112252089043,31.000188655411336,4.667559826201227
-7.246759987339608,-10.222255629199097,-42.97904158769458,30.85926363603005,4.6007052073328945
-7.2398417135527575,-10.24162679580228,-43.09526858731368,30.784562082912316,4.590728471685313
-7.185443818404378,-10.276906997047812,-43.30463687175979,30.620398724370148,4.555977895924856
-7.180917280339363,-10.278864282791403,-43.3199239024654,30.470324612972263,4.6053880679357295
-7.152430894570739,-10.287979926237364,-43.43614835640138,30.335311462338097,4.587115467950287
-7.119467057040299,-10.299731539575289,-43.59961126025579,30.18604342053945,4.5453579149325805
-7.105452065486245,-10.312189309845559,-43.848766665661195,30.00038494213001,4.5817065056203585
-7.06115429841691,-10.369681716653004,-44.060310933182656,29.814748188084764,4.521398117101798
-7.039126489247434,-10.39963953712349,-44.12198879885718,29.605310797194505,4.548443617131043
-7.050126111339471,-10.383062786115794,-44.28141102163943,29.33923127913431,4.583340169584795
-7.020208399283953,-10.391623671536419,-44.524292079818736,29.1578172050925,4.516412820076133
-6.979581259783541,-10.407874527336583,-44.77110195228374,28.899680595676188,4.512411231349466
-6.939184864457832,-10.451503670933734,-45.02662250564759,28.673660930626028,4.534937474907936
-6.905755657989738,-10.509503112070378,-45.32216751269279,28.411676052047426,4.526867192567928
-6.8798828125,-10.546875,-45.59814453125,28.18240738564677,4.401888515949682
-6.8798828125,-10.546875,-45.59814453125,27.903015660643035,4.420369865601738
-6.844869707206667,-10.562280766329067,-45.88105042202013,27.64237157447627,4.486025073827111
-6.789141127395672,-10.591554386062597,-46.184389050826894,27.416439972733514,4.444083997534907
-6.744037226886362,-10.62018496823182,-46.343383464086386,27.10713062496214,4.465280747441939
-6.72117655019919,-10.656762050931295,-46.67257720838167,26.820059980236124,4.388488240543795
-6.673391135113242,-10.698231317563106,-47.00793545925225,26.55554428791784,4.442529240355547
-6.664879237580416,-10.703483339445063,-47.04614844604856,26.245520084506026,4.381319528090161
-6.5420139287953925,-10.768495687865993,-47.631098442074915,25.849426959304083,4.25591142264275
-6.53892690893804,-10.76976215755106,-47.64692931313826,25.58727758366578,4.236248334149664
-6.480419782171612,-10.808870613456918,-47.93011126694208,25.32735777068136,4.3171488685112145
-6.400073085316621,-10.878659219648291,-48.25517806000592,24.98671387656941,4.230049864037762
-6.319943935999324,-10.907671497849384,-48.55911621258877,24.660101161219956,4.220730532795276
-6.245473469053478,-10.967137626096285,-48.89609822718269,24.33046334281495,4.201712948830059
-6.240981215388216,-10.971936169784177,-48.91845739883478,24.01382368791161,4.212710879141125
-6.1860226705893595,-11.031636710783689,-49.22408532194927,23.69889902414127,4.214316563157284
-6.168624658691015,-11.03337438490309,-49.59768354688412,23.358007681054303,4.20599224330794
-6.0053250467463695,-11.133524937671508,-50.23045332474399,23.009672226272585,4.213957225880944
-5.92332513838852,-11.157565734547036,-50.61837646010009,22.65610689845981,4.191393816140487
-5.911829261582133,-11.158450032762913,-50.67430832225424,22.352787483219004,4.168062096517725
-5.909177552850753,-11.158654010357635,-50.687209905120376,21.977487954912576,4.180073253195279
-5.834534698555162,-11.1849324803505,-51.03526957236679,21.678688517690077,4.234768323162093
-5.743325747336374,-11.254967925036356,-51.43268000267723,21.2795142349659,4.172480146982464
-5.602124951230698,-11.351352449759062,-51.971767761009886,20.93998411873342,4.233014018189672
-5.591315848540229,-11.35861481562922,-52.01230189609914,20.527971581383525,4.133233206216195
-5.4804256188408145,-11.407017790830457,-52.53123531854679,20.16554408646536,4.159290373856163
-5.47632991487286,-11.40859306158736,-52.55124125715949,19.78504677571746,4.121679345996228
-5.381229103598253,-11.471060279832159,-52.913021272417225,19.383231352337788,4.128738221240845
-5.248900719235061,-11.558744035695975,-53.33473120890803,19.02779161188353,4.2098033013442455
-5.159107984561318,-11.624784891183955,-53.754633669718444,18.61895257971814,4.1127261049159625
-5.159788824712597,-11.62682741163779,-53.78481758309177,18.252823842167004,4.092436282974775
-4.980251629777363,-11.725327755835808,-54.479386229242586,17.868727352595158,4.119316885059553
-4.97428032521539,-11.728970251618613,-54.500644073483215,17.46555724526729,4.05439890735809
-4.899200391478328,-11.77476901119822,-54.767928637587154,17.12207860515801,4.0761598264293
-4.814296216262428,-11.826560558079919,-55.070187501355754,16.694812355681876,4.00573125603698
-4.715701496897028,-11.828744217840178,-55.502762088664575,16.336400931250523,3.9787240880159427
-4.595400420947017,-11.864596806201279,-55.85981902400781,15.99268423148392,4.089763522409039
-4.5867905809234,-11.868286737639972,-55.88236860502205,15.592733286976042,3.969978679117872
-4.510455042654852,-11.909319951264552,-56.16210804153581,15.224394939990432,3.9665094578193414
-4.46170692550629,-11.949711248330503,-56.476881597980814,14.894425828253972,3.9168260736458915
-4.324317463455124,-12.001071096306962,-56.956188128914114,14.52466875195634,4.017470587242396
-4.2303582234126385,-12.04980717947876,-57.2754030848938,14.14483012356348,3.949971207563538
-4.1659552311618135,-12.097816682793011,-57.51545060146506,13.874468523098528,3.8630963145017385
-3.935014713790631,-12.150134680799303,-58.132077477337134,13.45421373283935,3.9015862263896968
-3.9249736720243784,-12.153641076336726,-58.162519365866565,13.196596920992874,3.9133151112825977
-3.8158846588668243,-12.203561609293724,-58.479097173922895,12.830885063399023,3.8654929510327367
-3.805909389789588,-12.208976755364224,-58.50702792733915,12.523945647801,3.9388640524810166
-3.7077961651541598,-12.249601260024045,-58.7713380479659,12.160850590742882,3.8249371357076414
-3.69490040988734,-12.254655001952933,-58.80584290665279,11.858465108401703,3.854504021662285
-3.6091471166085873,-12.289628928819695,-59.03753262731565,11.465670030130568,3.81243435686828
-3.5240017710742406,-12.360109572530403,-59.33892278733467,11.093670220178296,3.7989831379568617
-3.4179455305345865,-12.357107980817016,-59.602062327541546,10.783436122742444,3.7755109298480303
-3.308742100813996,-12.354017317711717,-59.87301045977282,10.455001222322977,3.782588822363706
-3.1927627292031207,-12.44221150822944,-60.15363842865996,10.159029834794893,3.733990722346124
-3.0870738766664627,-12.435808932011374,-60.351873528467465,9.788606871962301,3.757901315628928
-3.0826427959882583,-12.437067140105185,-60.36029805222603,9.498016215945455,3.643803978285952
-2.981663175758317,-12.465740365602576,-60.55228399686073,9.176507955155145,3.7335225971546717
-2.869230697538077,-12.500220234058373,-60.76351285962626,8.86235254161329,3.609402257935651
-2.743508968186201,-12.543324826979017,-60.995200046574716,8.580956152599612,3.611430282912572
-2.625556658903352,-12.557356970233538,-61.17069662787668,8.250721278238245,3.6009121914499107
-2.5406962523396293,-12.606630754689892,-61.352735887118214,7.9853851984400706,3.5475430299787747
-2.534437578430747,-12.61026482341118,-61.3661617521163,7.741839518478869,3.513278265998407
-2.4284796306991545,-12.627985364587873,-61.55867943652744,7.459031348452001,3.541489206789356
-2.247438542109983,-12.633550027928928,-61.89989320035111,7.198294070906471,3.5696103186855543
-2.2375444493868937,-12.636137713718043,-61.91709370000817,6.911474295186977,3.4718699641650534
-2.1241111133770367,-12.675921840393134,-62.10558137680945,6.707045278363125,3.5046497966643106
-2.1162079248487187,-12.680177403446844,-62.11743615960192,6.461808707145991,3.4570380594285997
-2.0474566136271597,-12.696566891836152,-62.20000349190815,6.173386512647298,3.392507178382075
-1.8019171732212793,-12.725441237965079,-62.46257572821475,5.929318703646416,3.4057849001583773
-1.784236424211663,-12.728684419933565,-62.482421268485105,5.6519767190765435,3.381126764670013
-1.7209424594539278,-12.764675105776197,-62.579223802820465,5.4050953548871945,3.3834718930716465
-1.6471738698318945,-12.790996546314176,-62.68787957710984,5.214280311908283,3.2929900051644903
-1.5707065179991435,-12.773007230843003,-62.777066967972274,5.000805228115226,3.2925515670474748
-1.5621881785998286,-12.774467517597172,-62.78546361680874,4.745689502142184,3.293753286654883
-1.4727336677269391,-12.789802576603954,-62.87364020609773,4.585972055729357,3.227215516108963
-1.316255527145967,-12.783565598649474,-63.05325753760491,4.360842195720949,3.2326850146835264
-1.3114330240827325,-12.783517515525734,-63.0592343468373,4.17165192782187,3.267753461025779
-1.240248229757803,-12.794469022344954,-63.15045943696376,3.9657646038730547,3.1985489419772923
-1.1774406541345763,-12.804131726286988,-63.23581332178506,3.84358988251725,3.147394344821545
-1.1732755675700497,-12.804772508835377,-63.241473567629164,3.6661111394398347,3.1145269264424376
-1.110990440576809,-12.795104411593375,-63.29162711431325,3.534945114528057,3.1222489235639346
-1.045485330970085,-12.794909345879987,-63.34855405803134,3.381588381908074,3.1557206440272823
-0.9809593123458993,-12.80517578125,-63.41445206048858,3.2076656384821263,3.138926006156851
-0.8762299001562588,-12.815117785788193,-63.48703364315277,3.1084447444032577,3.1224035356736057
-0.8258421291229096,-12.829674252975604,-63.545259511902415,2.721332197392357,3.3411589353275986
-0.7070221906106108,-12.835861404435477,-63.61431911216397,2.7744663418576323,3.124997669196425
-0.7020587032561958,-12.838756772058886,-63.61817960232852,2.62218847107809,3.083274981621567
-0.6564797249542931,-12.865344509401663,-63.65362991878555,2.278080794246634,3.3428468397042854
-0.6005227779666895,-12.876762625995353,-63.69275177677092,2.1168450373033068,3.397040017844173
-0.5319756836852345,-12.86719791516538,-63.73579297550578,1.9777634660100176,3.3226133569534624
-0.4970953771966106,-12.855167187639733,-63.7916798831269,1.8345079977342067,3.4064640721088004
-0.4834351175438204,-12.859850705234976,-63.802217797716196,1.6919626959070797,3.4022022404549754
-0.445630219046235,-12.872812384719863,-63.83138157655719,1.5454217171166675,3.374689457979689
-0.39103050727476896,-12.896305415330334,-63.852979755814566,1.4192353611852155,3.454814942869468
-0.3424896439726531,-12.917977097979442,-63.86699136025679,1.2907798678940736,3.4704588827045324
-0.25413099450395604,-12.938408698127416,-63.94706203188225,1.1121577684999835,3.463823684477249
-0.25282557116857546,-12.93872623353332,-63.948014638099956,1.0043314062990731,3.4780128939001083
-0.2510665132241501,-12.939154112492774,-63.949298274978325,0.8911262415456065,3.553380932012948
-0.2197265625,-12.94677734375,-63.97216796875,0.7644895905584406,3.5949540072943447
-0.2011834388720729,-12.945164898217136,-63.99071109237793,0.6630604832662215,3.6063962522187767
-0.16580485811815746,-12.94208849989071,-64.02608967313185,0.5174023342654408,3.648507970664752
-0.14222308557080243,-12.982954402748456,-64.01682354848043,0.39446362663706225,3.70992823992858
-0.11949476645900406,-12.98868987476039,-64.03021688573615,0.2545575907121105,3.67660277344924
-0.09649574061340138,-12.973512425023197,-64.04410725307363,0.21797192790133124,3.7530865319357636
-0.07263716548904645,-13.007155125757041,-63.985856521001566,0.09362535177962172,3.748898012968446
-0.07199535542317054,-13.007567717942248,-63.985948208153836,0.05037010643575002,3.8167018178394296
-0.05050528299107488,-13.021382764505738,-63.98901821850127,-0.04091752686814232,3.9036331725211113
-0.03843504429631922,-13.004644227722261,-63.99371198994444,-0.1436543930877292,3.8729641713734653
-0.0369735247132848,-13.010833009188586,-63.98872916605507,-0.203062115181595,3.974905841796733
-0.04977877121007515,-13.054050716115254,-63.969521296309885,-0.27270636281765803,4.040917160541865
-0.05134949956356634,-13.058922094622867,-63.9665654414279,-0.3117435730473659,4.003294463182312
-0.05159796690661603,-13.054967571693048,-63.94223908822781,-0.4441781526217312,4.044783091523032
-0.02768099154261608,-13.067679696316773,-63.89304163531814,-0.5333714138281636,4.065982275092913
-0.03686539667080514,-13.0859375,-63.82500414713516,-0.5262151826230337,4.101880624038134
-0.03832997311006726,-13.0859375,-63.82411266582431,-0.5405340384548794,4.173367953280605
-0.042082538529406015,-13.0859375,-63.82182849556906,-0.5615050249446512,4.2804476039064605
-0.07376745309994917,-13.0859375,-63.80254202583047,-0.600729435955131,4.249262424270572
-0.05196850612498954,-13.11552042142648,-63.79817144413236,-0.7007405349678493,4.3851012625024035
-0.06568758905953134,-13.102960858335972,-63.74092551407141,-0.6740241781847942,4.463794286383767
-0.06629709022720076,-13.102419079520265,-63.7390970105684,-0.7533222628106699,4.564563863912386
-0.1324022225790035,-13.110703147719562,-63.69765602280438,-0.710989343026327,4.564392279114802
-0.13121777608811555,-13.110925231436603,-63.69543518563397,-0.7218703422248751,4.651127522643215
-0.10775907116372625,-13.115323738609927,-63.65145011390074,-0.7393478467605235,4.674209968036692
-0.11439388139670797,-13.120982511878744,-63.625945649122755,-0.7376093944708799,4.788582299246047
-0.1525161581423928,-13.127555318214206,-63.62200196532147,-0.7511278241307338,4.817964802985511
-0.16136555251749482,-13.150808138671273,-63.60898028754374,-0.7635907770288526,4.873312547064511
-0.1891436079014394,-13.15738132104928,-63.587419777476285,-0.7093324576121063,4.996459789131469
-0.23044685320665606,-13.14198035978328,-63.57475082483669,-0.7497333920138516,5.012493585059779
-0.23047711216123765,-13.142131654556188,-63.57469030692752,-0.7672229002344295,5.036335350518218
-0.231880748339292,-13.14914983544646,-63.571883034571414,-0.7260905368017063,5.130660183482012
-0.25359595228656134,-13.17138671875,-63.53237722906489,-0.7052979142205658,5.179566936667676
-0.25288801223861435,-13.168074226116902,-63.49734506558932,-0.7864190860162807,5.187524685375372
-0.260199040251956,-13.161807630676895,-63.48585630728264,-0.7308259933855652,5.224688521989558
-0.2601385414881309,-13.154082841355835,-63.453991260899606,-0.7014248808400794,5.297614619226223
-0.24796799358785102,-13.160751183166264,-63.386665424041865,-0.7384802161242732,5.374373943670767
-0.25567032688135005,-13.18847958302286,-63.37280122411357,-0.7384408059956513,5.3388884770203235
-0.28398804265115557,-13.167884313415703,-63.33319260569284,-0.7079817275984652,5.365749517756728
-0.2851288433759802,-13.166933646145017,-63.33160816024169,-0.7164473168300702,5.454139143998635
-0.27754691929686975,-13.137237337910152,-63.302017106455075,-0.6760862379526884,5.523216734346241
-0.27670291976657385,-13.13660433826243,-63.301700606631215,-0.7037430616030349,5.556024264221966
-0.26123046875,-13.137695046662985,-63.27539105442902,-0.7003811760150853,5.527228716887289
-0.26716569876637236,-13.158626763527936,-63.246247605345374,-0.712204633640809,5.640838596124556
-0.30481411392273894,-13.170605804714054,-63.25651535493348,-0.7099343930466802,5.596413207668295
-0.31485510889000884,-13.173856890786663,-63.259147897710015,-0.7028903679989327,5.703276712299299
-0.3058289443934331,-13.176865612285523,-63.24560865096515,-0.692122275616228,5.704243425661722
-0.30029296875,-13.177535065507467,-63.24200817547013,-0.7035441552425539,5.703803250917322
-0.30029296875,-13.174522557441463,-63.25405820773415,-0.7269475708720563,5.689217436040162
-0.30029296875,-13.174472505012444,-63.254258417450224,-0.7343996965738739,5.710482923750483
-0.31830158409372783,-13.169325971164069,-63.254584860582035,-0.8901877450677489,5.868756689473126
-0.2919363822135086,-13.180697837804265,-63.2256366004564,-0.6854214592855357,5.756554750234877
-0.3237758092947076,-13.190752393724644,-63.24071843433697,-0.7241481588357033,5.722700074285711
-0.34100200277271203,-13.179903245840931,-63.26369175589201,-0.7276571462011105,5.827711404066627
-0.34140325514533476,-13.179301367281997,-63.264544417183835,-0.696896763980078,5.752136402351469
-0.35223354077049596,-13.165851942054656,-63.29060641763664,-0.7145777831691049,5.830481661642691
-0.3571997762209008,-13.179095236589069,-63.32371465397267,-0.7532419783744331,5.783900804925937
-0.3482076007519018,-13.18572957359962,-63.3456400554981,-0.7541078630444673,5.787312916493519
-0.35641370644815057,-13.170738840760048,-63.35133969115635,-0.736671715334964,5.831158637861032
-0.35784500908190225,-13.168489650907011,-63.35195310657082,-0.7341209090605645,5.8082246087068325
-0.36376953125,-13.160194099799941,-63.353477775200055,-0.7277125843173735,5.837526382261263
-0.34398046201832516,-13.168217450160558,-63.365243494071116,-0.7320014305585545,5.838824107907347
-0.3095955362601253,-13.177466167325768,-63.38726777722853,-0.7755440673411869,5.863484465101025
-0.2783203125,-13.160974192759296,-63.40113976883562,-0.8014053360237057,5.749968420771508
-0.2783203125,-13.15029252283105,-63.41048623002283,-0.8064133167631411,5.800074317250052
-0.28675470157230315,-13.142997724714126,-63.41706086903587,-0.8211336183233158,5.825045828306865
-0.30375184223957724,-13.137706702485787,-63.423258034270845,-0.8269506845793444,5.831198149774675
-0.3031642181822178,-13.136905396953024,-63.424433282385564,-1.002728317291357,5.838180742611058
-0.2877915531102255,-13.115942671854853,-63.45517861252955,-0.8780948755780287,5.776021065317425
-0.2860134341818677,-13.128671082689559,-63.49207171100769,-1.0341280150257717,5.79786208867663
-0.2822605845486821,-13.137253424952748,-63.498566085385164,-1.009556200549028,5.841311071555567
-0.26965105463445,-13.115627460931606,-63.4909622655189,-1.0056355693235588,5.836888279287533
-0.2706374534928135,-13.115737060804758,-63.49293506323563,-0.9176134884351654,5.73597031198067
-0.29962450358919746,-13.11767578125,-63.54203334335978,-0.9158626841746127,5.673704360339362
-0.31982421875,-13.121104118598906,-63.585750386668984,-1.024861126218525,5.70508554206015
-0.31982421875,-13.129161477049983,-63.63006585814991,-1.0061915512586381,5.733973664609672
-0.3030286450446699,-13.141655093030739,-63.69224913404755,-0.9316375222667119,5.608591629758967
-0.3200112781212588,-13.132712735001995,-63.700145430001,-0.9338169743699183,5.584220035766432
-0.32125996437558196,-13.13204676899969,-63.69981244699984,-1.0505273795024692,5.657205856518097
-0.3283783338203684,-13.109154761682959,-63.724322945676306,-0.881718208163818,5.5783629441384965
-0.3495441607671175,-13.105991702107989,-63.772445665812555,-0.862494850671041,5.576420215334171
-0.39441203657090435,-13.126564785506723,-63.81009713709474,-0.881102491087745,5.5001746689557764
-0.3852410584684186,-13.119228003024736,-63.84311265826369,-0.8517081226589056,5.518093401541601
-0.39022473361068805,-13.111905820949426,-63.86740753715172,-0.8135133262400558,5.517584096826905
-0.40481536331145707,-13.110687019866708,-63.88836662469475,-0.851481099869261,5.502453576842578
-0.4073243379884005,-13.112593840621184,-63.88896877861722,-0.7822862728029634,5.470917048624247
-0.44674008174984736,-13.142549805879884,-63.89842855711996,-0.7558151810472111,5.4062706244582905
-0.4631622683689651,-13.146749154632376,-63.912972446858234,-0.7611315768272391,5.414864270463764
-0.4674167335068425,-13.141549252797192,-63.92479040557456,-0.7342263296409186,5.358852647083513
-0.49293186353600543,-13.160798445991848,-63.978052553923234,-0.7334349162987195,5.325267915341994
-0.49546475268610557,-13.161577796499571,-63.97941641731175,-0.6966733372888427,5.3330402593522725
-0.4952409750386945,-13.16175777889174,-63.9819069583374,-0.6708267496734521,5.334689972303587
-0.48940561088868834,-13.163946040447993,-64.02056624583119,-0.6963319055805357,5.263603123499879
-0.4843058172226189,-13.165858463072768,-64.0543523788689,-0.6887488810527458,5.222022171540266
-0.47813506342190576,-13.168172495748035,-64.09523362279863,-0.6676398715434146,5.228150256777261
-0.47728654146469374,-13.16849069148199,-64.10085508076516,-0.6702349271838131,5.184515917314521
-0.5104801736516744,-13.166651582173222,-64.15934878593912,-0.6555846374941154,5.156699335391442
-0.50048828125,-13.141876544759366,-64.2688713680385,-0.6247132213357531,5.0976222906024375
-0.50048828125,-13.142735339440058,-64.27240196839246,-0.6541089847258377,5.007312340255442
-0.50048828125,-13.14306943686048,-64.27377548000975,-0.6506886381817054,4.930917068025952
-0.5008932239230347,-13.10592133298751,-64.37813219080988,-0.6533623834023672,4.903153068950955
-0.5226514188244852,-13.130239315524424,-64.41524911152412,-0.6913187126337874,4.790777810800835
-0.5246802087937498,-13.132506786666545,-64.41870998853051,-0.7102752864823856,4.69701690982005
-0.5091294730875394,-13.13059135942429,-64.53523172565063,-0.7334278538523904,4.639801655529295
-0.5071552294978624,-13.129313907689793,-64.54045766456449,-0.7140948257113422,4.5983173702426425
-0.5385227445010276,-13.118385310738951,-64.63252072293679,-0.7267998953809212,4.461905725492021
-0.5414587214591013,-13.117874706050591,-64.63826502568085,-0.6971033461257576,4.432208148555492
-0.5262038113524918,-13.114745170153737,-64.72948849311496,-0.716933184763846,4.234683267905477
-0.5264772761588161,-13.115155367363224,-64.7311292819529,-0.6410302810129593,4.12492399482209
-0.5123299438480927,-13.098532069906108,-64.84962382914448,-0.6902174732760784,4.061329230241457
-0.5139020939097637,-13.100366244978058,-64.85761559195797,-0.7152773195527686,3.931734740744658
-0.5309977856529977,-13.120311218678497,-64.94451869165273,-0.6841809729830146,3.787625171252802
-0.5393898142957153,-13.077271741744262,-65.08048614510291,-0.7266489101671141,3.7190088573167945
-0.5285188185415616,-13.084762431458438,-65.11095745611765,-0.7238764946553857,3.5781554748496567
-0.5167759174538853,-13.095563654479834,-65.1669571350295,-0.7200647189598897,3.4515420537289354
-0.5333266152232173,-13.075193564917578,-65.2598956686573,-0.731845549011922,3.404263269055903
-0.5470287191154589,-13.053738061403623,-65.35807835504333,-0.7575535783745266,3.1943398748513165
-0.5550201587027078,-13.029763742641876,-65.46836022134737,-0.8172817867751121,3.1047173361272082
-0.5588720870311701,-13.02490234375,-65.59336990968383,-0.8206933057756487,2.9328262990640326
-0.559464350722185,-13.02490234375,-65.62061403947051,-0.7873268869698933,2.8310636857374365
-0.5686470986886591,-13.014845410307187,-65.72371280911901,-0.8140910139468929,2.6410365761009493
-0.5882045005019375,-12.95775695341458,-65.7858243117664,-0.8535025751206007,2.5138691585743858
-0.5481683264828803,-12.934659160711277,-65.8443387199481,-0.867442954854738,2.3238872258581154
-0.5489985878951444,-12.839933336871129,-65.89944872365315,-0.8937303427200192,2.213254780609831
-0.5611304098504583,-12.833910617388236,-66.01270479524098,-0.8833790566714015,2.011143918196348
-0.5831324998891905,-12.749202570739117,-66.06000928882426,-0.9256894871900556,1.8753212642223291
-0.5840141817055126,-12.745808095746277,-66.06190490472935,-0.911680866477937,1.6957052839001092
-0.6109553650656848,-12.610692887249602,-66.12923002443418,-0.9409325619001265,1.467104327789087
-0.5843983114405267,-12.509776083474001,-66.12214814346747,-0.979250850012491,1.282738092570503
-0.5820496369933397,-12.50085112057469,-66.12152183028155,-0.9762563535927029,1.0819332690611658
-0.5983527982173396,-12.43252232124145,-66.12652732384021,-0.9534968920387428,0.93658425944498
-0.6162101409563622,-12.319244334981647,-66.10156409308728,-0.9058228291571027,0.7186465280537108
-0.618943497765799,-12.298470823229927,-66.0960973794684,-0.9095839517908786,0.45493947274576707
-0.6365369235228444,-12.224285894961998,-66.07657502992421,-0.9659919800630945,0.28123470620425395
-0.6672678380380677,-12.1447666126137,-66.0550527492032,-0.9200424036905304,-0.011140772912723324
-0.6568578860254619,-12.036763360482919,-66.02512413716696,-0.9011741745135424,-0.16417984215332637
-0.6339136813618449,-11.942571925263634,-66.00689751877397,-0.8597565283386359,-0.44817445936350186
-0.609906957985798,-11.848944009242562,-65.96166054370491,-0.8566462352300022,-0.680734563313218
-0.597655525863103,-11.759879910840857,-65.89733723787948,-0.8254810551226512,-0.9414958007594012
-0.5966042494738506,-11.748578689656394,-65.89497186600366,-0.7752695900137923,-1.1467906493893147
-0.5850200682171769,-11.622249363629567,-65.85727148356244,-0.7514430527120339,-1.4602539493397377
-0.5753150467005703,-11.512721263656436,-65.80181421775326,-0.7248443628013774,-1.690526315411231
-0.5440054772796903,-11.378158777863655,-65.70969017785855,-0.7130325707406371,-1.973731003238682
-0.5115655021093691,-11.096108004173137,-65.5329634787695,-0.6771541995329216,-2.1741799615309665
-0.5105405609238195,-11.089018827639752,-65.52809500813814,-0.6241878839161501,-2.481173575700514
-0.4911499891257577,-10.95490070603649,-65.43598979209735,-0.6319764527010818,-2.7956972286666315
-0.4892327462022001,-10.941639775815217,-65.42688288821046,-0.6049465483222036,-3.0126562024227628
-0.46246538498204093,-10.77380690624385,-65.32540932595084,-0.5797926420728032,-3.2653775173636954
-0.4602118531354556,-10.750627721536114,-65.31027846926663,-0.5331583870226524,-3.6078688722805223
-0.4597799822561996,-10.746185621063766,-65.30737876479162,-0.2619581425397115,-4.318507366985978
-0.43773860190046143,-10.631461845294966,-65.20177434529496,-0.4954697789664948,-4.224386763701769
-0.4369965319246524,-10.628069525405554,-65.19838202540555,-0.2380885522779721,-4.952099614250236
-0.272286046996663,-10.178691565570542,-64.70308625614108,-0.2434319456267815,-5.180436751872806
-0.2702479208669355,-10.17087874873992,-64.68746062247983,-0.18763902715259917,-5.443869530012619
-0.2689810509941602,-10.166022414227614,-64.67774795345522,-0.17547196358857775,-5.972026863382023
-0.23538483107533698,-10.068776892601552,-64.52605321909391,-0.2077066398636589,-6.248403209374165
-0.22812582114813898,-10.050733067925375,-64.50323918789415,-0.23202267161020984,-6.579196673858528
-0.1782041467257392,-9.802671812807999,-64.14134687144617,-0.23437922557972968,-6.851022879931065
-0.17845373304761383,-9.796931327404883,-64.13161300489305,-0.21950344349195916,-7.084163656518349
-0.1806640625,-9.74609375,-64.04541015625,-0.21251208414821576,-7.457366074994553
-0.1806640625,-9.74609375,-64.04541015625,-0.22007136422882922,-7.762231435167139
-0.060265657085614974,-9.463820378615813,-63.55632824167496,-0.21483573823429936,-7.998391609660381
-0.057882154258747286,-9.458908918245298,-63.547660958668175,-0.19490953232178754,-8.296777178729982
-0.008518957061801039,-9.35335319769434,-63.36715730586671,-0.1221084306737481,-8.5397860194446
0.05262688646544368,-9.232514087386235,-63.17300543497583,-0.13246535099503376,-8.854790518386721
0.11238440121942549,-9.174288816600303,-63.05961938134006,-0.14642532440986145,-9.087530597285154
0.16775025396415713,-9.054050728306333,-62.813795672186046,-0.1761811604514918,-9.405421864917368
0.17180263331325885,-9.043098351687139,-62.7912337763505,-0.18181453551042637,-9.689585770577972
0.2353346669550173,-8.892931241890139,-62.48614903222318,-0.21713176780164645,-9.927659595502362
0.30101165041685773,-8.792937750554854,-62.28534179879447,-0.23362392023081213,-10.183606535130531
0.32804307350410605,-8.700929373237681,-62.0736308225713,-0.2950189927540947,-10.453550150375422
0.36510017128028416,-8.589758079909148,-61.8814829081763,-0.3181321740120495,-10.692647626421186
0.39992116072306333,-8.488619187475424,-61.66578060484664,-0.2933474831571772,-11.023070661177586
0.4014860416461856,-8.48423752089068,-61.65435697410785,-0.3809029382440059,-11.270818862540796
0.43203098118609906,-8.398711690178922,-61.431378915466475,-0.37279437003167004,-11.439584443421518
0.4962169719192217,-8.298573619914505,-61.23389017357017,-0.5383576419210812,-11.868332534700796
0.5185780337089945,-8.279652721477005,-61.11864470126903,-0.5436815069553518,-12.222769555353901
0.5989607287363022,-8.074293503888795,-60.73470276039081,-0.5110956073918089,-12.490127852919748
0.6009668931528832,-8.064734720492146,-60.72054159980318,-0.5973141169769036,-12.95754860208366
0.6139752607672815,-8.001901039913593,-60.5564570217834,-0.5620327031034975,-13.189047988770168
0.6216781435425162,-7.963386626037419,-60.34847918685206,-0.5462511160925203,-13.390141243887607
0.6610944894458386,-7.867957569548046,-60.133437845023266,-0.5942385351985422,-13.67002065033562
0.6580097344416891,-7.792381071946382,-59.92830163724732,-0.6048216858844881,-13.940321087985755
0.7001350863126494,-7.7322992653749,-59.735257987343374,-0.5828791920575753,-14.169085924035446
0.7058387149068407,-7.728496846312106,-59.7209989158579,-0.5607488101043003,-14.433761482188102
0.7208598150980964,-7.6724179141171325,-59.536959893405204,-0.5289821638822332,-14.630508476929124
0.7488753214644474,-7.572166148343325,-59.14315134200479,-0.4799476463182941,-14.840072605492198
0.7741221020516504,-7.5058933493019175,-58.96221608112984,-0.5585581309782555,-15.124098672642262
0.7690418511458572,-7.364097659826333,-58.561478621573876,-0.4786762351159837,-15.279822705179438
0.7733384802729457,-7.354072191863127,-58.525195975611794,-0.4833093936830011,-15.531518927969943
0.7748036593041886,-7.350653440790227,-58.512823352681295,-0.4266882718739424,-16.01670782595769
0.8480542234225175,-7.240790744225378,-58.197553927581055,-0.4366012428674537,-16.260459732040733
0.851380217856127,-7.235962687789493,-58.18403536956058,-0.43353677813306035,-16.45983811310517
0.893249239786666,-7.153050012008521,-57.967024930842236,-0.3949859505344051,-16.629604462435005
0.9035319436443598,-7.116489287181165,-57.805929237071695,-0.3779069911633286,-16.902341047368683
0.9045947222115867,-7.112710518942136,-57.789279039518476,-0.3403604451302158,-17.03967839587041
0.9130859375,-7.081555256959838,-57.6536538769111,-0.39173307773002364,-17.292101975477483
0.9254349211470838,-7.015309555089254,-57.463525451867945,-0.37811374667731457,-17.521631814475942
1.0011732838340077,-6.953518442668016,-57.24462048760776,-0.3447403197950081,-17.772248443831252
0.995049409916938,-6.891389004305103,-57.06680830277551,-0.2584398938235495,-17.88030658958743
1.017359551463039,-6.850376638298896,-56.86439717819559,-0.23310098679640134,-18.093081792077967
1.0159809339707393,-6.845206822702772,-56.84371791581109,-0.15708608346305653,-18.333923136540466
1.005922039431468,-6.807485968180505,-56.692834497722025,-0.1834634453487638,-18.539526930677475
1.0012752087713959,-6.771222492120637,-56.54504054096115,-0.15759157080012187,-18.760131602819406
1.0420848094565134,-6.673115033907624,-56.15863699367669,-0.09915041416466863,-18.960963621301577
1.0456834249353681,-6.666277664497801,-56.1347062007423,-0.09997732162467798,-19.139308166392492
1.0500111839693627,-6.6580549223332115,-56.10592660316624,-0.010319474848941468,-19.319786011127785
1.068361067482669,-6.62363010452773,-55.976933830697575,0.05410640234914865,-19.55854341683546
1.0852801752376564,-6.594088087024687,-55.80738026537537,0.14388607634987238,-19.66914104403507
1.105049253400408,-6.50535721712939,-55.382605547596135,0.16918849945155046,-19.894122434200074
1.118949258424873,-6.461907485958545,-55.15032884863518,0.22576276886870517,-20.148331359528616
1.1220231985882645,-6.456784252352892,-55.13073248009356,0.29269395580485025,-20.305362464447064
1.1832821644266291,-6.330403714227248,-54.64046251315899,0.3331824863027748,-20.495502883045457
1.1840351814189602,-6.327109264885799,-54.627284715793195,0.4795181192985467,-20.96303626375163
1.198735564685862,-6.27871673101286,-54.43946506081422,0.6146854262379406,-21.260925967841384
1.2285982018095691,-6.245340842462834,-54.3410940208773,0.6361151324377659,-21.25955771119569
1.2329284370542966,-6.232946717858593,-54.154075125942164,0.7238758267018852,-21.553017472619956
1.2295254017232151,-6.201613592000021,-53.929272161366114,0.9062255496928913,-21.77182460139293
1.2609859375277759,-6.098145260364818,-53.59399703104446,0.8626008670387222,-21.85342957668152
1.2643984552765137,-6.091775227233841,-53.568744399703796,0.9639400117581829,-21.99407750066134
1.2661842648678414,-6.090065304928414,-53.56221391450991,1.0714722491138673,-22.183723862285976
1.3335705229549935,-5.9998057996605345,-52.8266220861394,1.1430232928920816,-22.296788248622132
1.3317168507720105,-5.993832855959812,-52.814058308010296,1.2506056779739225,-22.46041809631944
1.3311615190744086,-5.9920434538230944,-52.81029439317099,1.3180148740139117,-22.67441269304854
1.3294079413395203,-5.9863930366773435,-52.79840903296786,1.3842277370671638,-22.859914448621304
1.3288189240103483,-5.984495091950011,-52.79441680440347,1.4746151885161538,-23.00159653112845
1.3156305180272667,-5.941999117115637,-52.70502871940703,1.5465295396931396,-23.24539335177868
1.3380758857297146,-5.892693092632158,-52.531900715575176,1.591238686993222,-23.38980650354846
1.357421875,-5.8620809502701245,-52.35851945763775,1.657233634641571,-23.526456535922637
1.3566852005402736,-5.853439078474927,-52.19361975997038,1.734579483834679,-23.679449137272417
1.35651210361332,-5.85032333378976,-52.174406001078516,1.7476889770018573,-23.840273784258276
1.32787110651448,-5.811510393796973,-51.836842381966854,1.872771847869359,-24.01981587990848
1.3296086713580386,-5.8083972567855975,-51.82786496360847,1.9263798977379452,-24.207204445569804
1.368012205076689,-5.739590925539682,-51.629446706062105,2.040438019624105,-24.36672685407152
1.3447024544816581,-5.704795663140237,-51.43610808112791,2.04228523165726,-24.735280725581504
1.36606384161023,-5.667707825953325,-51.24561188300819,2.1523161804858972,-24.903893711558048
1.3674528945199345,-5.664579795980475,-51.23233888803195,2.2947098890924025,-25.054417748017855
1.373095040569256,-5.623674237122894,-51.064485043064636,2.3081533488865915,-25.266751928294937
1.3734736678963848,-5.589904029827308,-50.85924114655601,2.3847242563506796,-25.51005207658924
1.3686619389265227,-5.516775348430063,-50.6055295393171,2.5564500777695685,-25.66904276135379
1.380193730861874,-5.3842348315113515,-50.304008980291385,2.632111114910302,-25.851088486612866
1.4349255715839055,-5.254606787696013,-50.02170790709354,2.6856336407713854,-26.040179431308555
1.4424419715561125,-5.236804787761839,-49.982939107236895,2.7999187896306807,-26.169048147393973
1.4870454347486544,-5.114992956435025,-49.711392177888314,2.891870829077149,-26.340135940701312
1.5267553413132187,-4.997232543864248,-49.4457465960426,2.8988456059434498,-26.548800357101612
1.571213516861887,-4.896357606653849,-49.263610407750356,2.9500333648094426,-26.6797143380625
1.6235764360658214,-4.776298780948068,-49.02006434933575,3.05704169215349,-26.819253902600504
1.6617915484324952,-4.662247513766015,-48.73182865652616,3.1506396935117493,-26.88716662500812
1.7009527493072525,-4.535467594284561,-48.48044173216857,3.2100546988837664,-26.980260758742595
1.734867017143267,-4.395971810443764,-48.20012246258129,3.2291668126045465,-27.144685309236785
1.7356358382313353,-4.387268373115578,-48.1760182048636,3.3273900216577346,-27.218791404758925
1.7297604792937904,-4.318722518844221,-48.02815500493539,3.3386238920442537,-27.385176367554532
1.7228663546527279,-4.238291064698492,-47.85465286813532,3.4089732305145617,-27.359037342979295
1.805181225209048,-4.106952019457547,-47.624907452696185,3.45678337367103,-27.566456689620342
1.806217461875536,-4.09718178803066,-47.60729142936589,3.50283806496563,-27.63906544779981
1.8175926143063894,-3.9899303508254715,-47.41391383804138,3.6296633133838014,-27.720400597427442
1.891240610670233,-3.8188543906849852,-47.087472465186444,3.7232446195267954,-27.73610723770834
1.8901225556083818,-3.810934833996872,-47.07256506436176,3.818983341330977,-27.825468365768476
1.870541706356079,-3.639126583742856,-46.72946698697827,3.8970496212434824,-27.918904884767187
1.8702634858308798,-3.6325884014006755,-46.714443078617506,3.945793049505724,-27.94936147519497
1.8701773981425356,-3.6305653407245844,-46.709794343446916,4.028670082245824,-28.031655775584074
1.867825462201247,-3.575294846104304,-46.582789802617334,4.124571740552369,-28.1161002245551
1.879236647681343,-3.438069959682852,-46.28704474799256,4.197466237335732,-28.1619173524227
1.8794770517285515,-3.4260497573224296,-46.26781242421589,4.278199408639452,-28.22398442444553
1.8798828125,-3.40576171875,-46.2353515625,4.3835410072442045,-28.267170263009632
1.8769670179825224,-3.369800253034443,-46.12941102836498,4.3971820203885414,-28.377042725875214
1.8766933916508486,-3.3664255282771327,-46.119469271647496,4.530157184848548,-28.385843636032632
1.8736336642950504,-3.328688890888954,-46.00829917772016,4.611937582539397,-28.45924807358245
1.8334422751753507,-3.313799840892723,-45.94316073553357,4.733623748053162,-28.4701967394
1.8337852917416557,-3.29688416725678,-45.87195321527451,4.795893491562509,-28.552838232250885
1.8283619368202133,-3.2712011305100868,-45.809034952370055,4.8428876709350135,-28.59537994909845
1.7923383527421513,-3.241322086894622,-45.79311086600785,4.890590418891733,-28.592532918214467
1.8051499245121567,-3.209293157469608,-45.78029929423784,4.9856800038673015,-28.584809158977624
1.7728084226321807,-3.2124718407764363,-45.751672433796834,5.049305185675138,-28.665507818749123
1.7719132664573973,-3.2122928095414793,-45.75050873076962,5.082492624850687,-28.696250947669817
1.7611857566458067,-3.2101473075791613,-45.736562968014546,5.132327684074042,-28.64908675207293
1.751830689051134,-3.208276294060227,-45.72440138014147,5.190128297596928,-28.70591087639489
1.7426519225200083,-3.2106199320766637,-45.718738070635005,5.217336541351699,-28.677902867323994
1.7422543366371652,-3.210752460704278,-45.71853927769358,5.2478986265777365,-28.683032372012644
1.7296458386764315,-3.2268351835294844,-45.72835954345601,5.2632040085528615,-28.670296797282113
1.7193831014725578,-3.2458945526223926,-45.76207996569731,5.266957161044203,-28.66480826900809
1.71875,-3.2473251760423296,-45.765052178648155,5.326304695205906,-28.679708898971057
1.71875,-3.25515135164704,-45.79244379326464,5.291700313595101,-28.66763581401612
1.71875,-3.26171875,-45.8154296875,5.272741639308151,-28.6322249051918
1.71875,-3.26171875,-45.8154296875,5.282402134581545,-28.644536849541392
1.7002758231772097,-3.2986671036455806,-45.8534043843024,5.270084457040582,-28.665879242303326
1.6750072812809635,-3.354471625743126,-45.91811993938878,5.304484600757419,-28.59423907011719
1.6768692290002374,-3.399158371005697,-46.03169875026448,5.285291989751684,-28.569952962312854
1.6791691896588037,-3.4389726595408594,-46.12199585680813,5.299528602381045,-28.589703159175077
1.6796358279458072,-3.449229163059323,-46.144787203627345,5.273491799241711,-28.539559768176805
1.6782980172276674,-3.5000659703486408,-46.26519016825994,5.281786524729952,-28.460431417664523
1.6772792834103796,-3.5387778554055798,-46.356876211815845,5.22877867438396,-28.486410036598883
1.6870036426459643,-3.6108802242701787,-46.46251742823251,5.229339547537606,-28.431440232461227
1.669276975235849,-3.6887318127427857,-46.662971589726695,5.230915986999889,-28.335864385550906
1.6380129853467855,-3.8027534229264295,-46.90388821769536,5.178086772396711,-28.255947049714344
1.6369535071628232,-3.806617402185586,-46.91205243193648,5.1587939472522635,-28.2529812761049
1.664577170288296,-3.914360511241394,-47.072770378388554,5.135707672170241,-28.152389304753882
1.6319156710648515,-4.039045364616266,-47.31021366125415,5.097321050686929,-28.113094701974354
1.5906303224115568,-4.163570234319907,-47.5459836846278,5.0661878610590065,-28.066767429196407
1.5479565842067817,-4.268921025512945,-47.743349723824885,5.010470644242417,-27.982806315647903
1.546011699500616,-4.419114794923785,-48.005332518595516,5.012813947386533,-27.847385617111247
1.5453512130510347,-4.574146965604117,-48.28753481858968,4.912991974135679,-27.737897931768202
1.5242070946841093,-4.610216343994755,-48.378330150400586,4.886614837365229,-27.68071597849609
1.5076932813241135,-4.707457982220147,-48.5485713908529,4.790582163869374,-27.580488716991134
1.4924084125731254,-4.858917136207212,-48.794518824391524,4.717235929808936,-27.506160410375237
1.4486998119717602,-4.985238237230011,-49.05919326033003,4.738778383102428,-27.383945114479392
1.4117395237947317,-5.093098634753976,-49.29180289357604,4.6238805796106135,-27.328138958896716
1.3418720259059356,-5.336929859987734,-49.725198621292485,4.638670174051811,-27.16697837449904
1.3390578163052849,-5.3454807276204805,-49.739702624618914,4.4904879139122755,-27.07456708794073
1.2939453125,-5.38414193076804,-49.99555784103345,4.446267355200888,-26.99848863907564
1.2939453125,-5.397116705263972,-50.01961523541132,4.430850618040168,-26.8590405566077
1.3064442874722624,-5.5142289844548005,-50.271270151082206,4.3658030044685745,-26.74945595942082
1.3338832137054877,-5.5979899171667515,-50.50233479304621,4.331308258050825,-26.568915336941615
1.3279659036211493,-5.669201313036878,-50.698851092731786,4.285520571316653,-26.38835171335188
1.326723023425158,-5.674379980520175,-50.71314421498568,4.225927030529064,-26.161397386099516
1.2981172084588086,-5.743867848188271,-50.93184554593394,4.230874782524154,-25.97374780543669
1.27197265625,-5.8230490768658125,-51.1743896396845,4.166216902743258,-25.787008135158345
1.27197265625,-5.92341622826455,-51.44261219945699,4.147005274443046,-25.569368251080594
1.27197265625,-5.947265625,-51.50634765625,4.0880995812856185,-25.388485265393616
1.2604723318747557,-6.007642327970033,-51.7392292248487,4.038945684351134,-25.214295037502172
1.2588650358756799,-6.016080631965181,-51.77177696882998,3.9591108024609696,-24.94688318854031
1.1937291292062677,-6.167225926772183,-52.4211472636612,3.877329930022654,-24.740147937788596
1.1923964838732983,-6.177696711531228,-52.45217886212891,3.875791885887452,-24.540289131482687
1.1831902563495376,-6.2500313563607754,-52.66655244589648,3.844206207443449,-24.31181500983135
1.1777246617178225,-6.35357950783414,-52.937594515680644,3.705182840070165,-24.132580736895683
1.1704798529162983,-6.434544176250138,-53.185730637920855,3.6596887625030945,-23.94029666519128
1.1676520671211263,-6.435604595923327,-53.21789670134094,3.5907798113136096,-23.678834588757226
1.1480807098692973,-6.46827892631215,-53.4199562901243,3.5516899978311898,-23.348065196377416
1.1277003841505524,-6.593027435056311,-53.69737436251594,3.445521347231832,-23.17074552003229
1.1463177928608426,-6.6760897200714515,-53.975203384807955,3.3799435311575223,-22.942572663184766
1.1075896486806966,-6.752213537400059,-54.235774724650206,3.331424548512473,-22.599668245042732
1.0610213765861418,-6.86335703815122,-54.554402468791906,3.2262844065684533,-22.344060767388175
1.05806757467439,-6.879602948665855,-54.597971046990246,3.1538142422153896,-22.101841894765414
1.0368742238974447,-6.996166377939054,-54.91057297095019,3.066003344732792,-21.818693182491675
1.02783203125,-7.0458984375,-55.0439453125,3.0264371265918726,-21.60605883244532
1.0185354618331046,-7.121329852775563,-55.35567809615064,2.9620665009196614,-21.336634352324076
0.991257824955046,-7.225388986051121,-55.652701253267274,2.874793421588592,-21.076366527218838
0.9641545225140887,-7.328783065733291,-55.94782610206881,2.8153673371010797,-20.807872386799623
0.9615932726531218,-7.3385537596473505,-55.97571526722156,2.733218020534167,-20.481199388019913
0.9677310382103776,-7.423722356582392,-56.288129868832605,2.7176036279671507,-20.35694737000541
0.9653876493309406,-7.632732448435547,-57.035548147538734,2.6378866397612057,-19.96887512114231
0.9625267492080666,-7.642310244499082,-57.064530309653065,2.5369632252198926,-19.710557454829843
0.9293785949219194,-7.753284500152705,-57.40033552481273,2.442813833669149,-19.395669917657234
0.9197151670624152,-7.782273885745784,-57.47799544788234,2.370778025305327,-19.102286920440445
0.8429281631360315,-8.029832287644787,-58.072381837553436,2.3182366540159762,-18.796447169509843
0.8401162704577185,-8.041945056105213,-58.095525877290314,2.1756928718592405,-18.524327356776315
0.8579465668586936,-8.14419888197391,-58.40232849809854,2.0606048506940766,-18.149658741593363
0.8501442260763852,-8.246676713409116,-58.732228160467244,1.8971454105182062,-17.85682159053565
0.8183185533737005,-8.3682457057526,-59.07439564371396,1.8610835717109353,-17.43650750103316
0.7901984909683015,-8.501421640655304,-59.39794583068461,1.6781157623971268,-17.15431368089066
0.7924901699807138,-8.506259629681507,-59.4127144287646,1.5673575521732346,-16.766791851545577
0.8108908034622321,-8.585324967254934,-59.64640743138111,1.428345773339629,-16.439610017972107
0.7924838493299408,-8.7095719076479,-59.994605647050285,1.3174114055225914,-16.085296557375205
0.7693097540874616,-8.86379403098061,-60.34706451944696,1.2127041195120682,-15.751368326282687
0.745843032492471,-9.019121378680788,-60.67112877004445,1.0548039203288795,-15.380821399283867
0.7297192188155686,-9.129519999519163,-61.01822827875839,0.8906337481888613,-14.989339596230225
0.7482675285735569,-9.20769321072067,-61.21637631128416,0.8280144728356476,-14.569991896705451
0.749762385865401,-9.212177782596203,-61.22469145497004,0.6540649040222064,-14.164007226792638
0.7406516882101681,-9.320700913853742,-61.47863801031955,0.5346292549739644,-13.845752474788252
0.7205740410162736,-9.380671749159333,-61.63383714466228,0.4632094233150781,-13.554805929824775
0.6922435426523732,-9.574619205384751,-62.06346088190848,0.30173625832716766,-13.091554420741687
0.6930046703357547,-9.75938233100672,-62.35131925112781,0.22432005600047944,-12.780186626426731
0.6784583185683912,-9.911559549496062,-62.62322413416392,0.08681577604714619,-12.454185460094145
0.6775006159749292,-9.92157859201228,-62.64112580571863,-0.04383495161931705,-12.059357557548163
0.6819700963288835,-10.062140307380158,-62.900811352776095,-0.12434757261307539,-11.756322616049355
0.7045882362089426,-10.170906475205287,-63.11427228036952,-0.31683314714251765,-11.355542678008158
0.7271898827871512,-10.268194734547372,-63.25993261021658,-0.717689601053408,-10.58451887003332
0.7761784973738644,-10.379139538170222,-63.4097801371877,-0.8397917421376349,-10.216034086129786
0.7912721714797718,-10.435269218409893,-63.45854835593288,-0.9460566006554245,-9.86852095983529
0.8122135108810891,-10.528553366652124,-63.5280355275827,-1.0933337214971317,-9.51329510908194
0.8432571101575779,-10.653586162950223,-63.62336718100206,-1.218476300118951,-9.022830119304087
0.8865351479156873,-10.777237699401963,-63.7269253427804,-1.3635996869031715,-8.626327127222542
0.9243159979501533,-10.92807417120575,-63.81537992028535,-1.5271039381212574,-8.347090699786763
0.990164598200706,-11.051548482102119,-63.88526208309652,-1.6434014497772864,-7.972141246220826
0.9915945300993003,-11.055838277797902,-63.88715464002113,-1.8091738808211346,-7.639962844847937
1.0600695594209633,-11.320981869266962,-63.99492106029698,-1.8779107074463894,-7.329725436303151
1.059542898322592,-11.324010170582595,-63.9955464703513,-2.066268709499653,-6.924378516939202
1.0340021517426459,-11.470869463417285,-64.02587610691498,-2.1913670731826755,-6.516793246433539
1.097695358114954,-11.593147547203428,-64.02050070193364,-2.267993336659103,-6.2440501224492175
1.103824460087752,-11.688776905920465,-64.01550536922517,-2.4370941884889987,-5.83356430508579
1.1037229337967196,-11.690604379159048,-64.01543768503115,-2.5716899301018827,-5.469364065373029
1.1086935537048381,-11.82124734173046,-64.04499580759212,-2.6735644421223697,-5.161429520590881
1.1189984285088816,-11.990359143055208,-64.10366653570907,-2.7872475605619513,-4.709522291081308
1.0565488363532252,-12.316770209159884,-64.14341380910263,-2.8448148203762855,-4.396868867234488
1.0554000802691317,-12.324380718217002,-64.14470615969722,-2.9346736885154456,-4.051338601711865
1.0579160081544836,-12.472770175374523,-64.16649311550414,-2.991729601430123,-3.6731445554687174
1.0579732821132597,-12.475318866540055,-64.16686539623619,-3.075122551769809,-3.37621772746125
1.0198767533003301,-12.613015193120875,-64.17015795817863,-3.1104154584018033,-3.0012196137320153
0.9770830307353346,-12.706776818970457,-64.1541714419118,-3.1835514135823217,-2.6842781370766606
0.9570963327930072,-12.764860036728496,-64.12933746357929,-3.3024316763722794,-2.2244686139274017
0.9526821254721282,-12.803264120091495,-64.05721488648574,-3.358452387184613,-1.8916430680272083
0.9989589236560881,-13.06430568486435,-63.69501319230804,-3.4529187798110996,-1.5488497614994443
0.9999598369697215,-13.065751448539597,-63.69039786980628,-3.4544792702325537,-1.1770449747413314
0.9329849740733271,-13.184645072273586,-63.35139025812564,-3.4936618101590398,-0.8209947027640894
0.9323938342108242,-13.186038473378057,-63.34404323412024,-3.55340553673895,-0.5050895632867386
0.9319691036058508,-13.18703962408978,-63.33876443945843,-3.6646411184274115,0.227602105744666
0.916710729184358,-13.223005792369014,-63.14912464307702,-3.7458503013297673,0.6329407743824684
0.79263916015625,-13.415118408203124,-61.87837524414063,-3.760119963565529,0.8843700072437217
0.7885026489005214,-13.413168518095553,-61.86196165742144,-3.9274176860407977,3.1707943705701362
0.7759467713072704,-13.427656069164687,-61.71612030999214,-3.9541040129760745,3.444689905705913
0.7621304223649652,-13.443598010251963,-61.5556381030469,-3.975258852522316,3.8082247956804918
0.7377565027170937,-13.458685588794896,-61.348239064895424,-4.020466009086903,4.143192765675378
0.6926004213710548,-13.471557833278464,-61.12155247422256,-4.034357160288138,4.447285564622385
0.6057750721174604,-13.480417562794136,-60.91069091174955,-4.001971379707797,4.769230495469771
0.6024125913105544,-13.480760673080555,-60.902524886932774,-3.9887620453574897,5.0153522262191235
0.5529467166498157,-13.487118888556411,-60.70385768323644,-3.9118452190987085,5.280030890541293
0.5143860306143689,-13.520859488837427,-60.482133738532625,-3.874862770475332,5.559513010173071
0.4939144156073446,-13.52999067575918,-60.31069998013771,-3.869056462187956,5.8979356423480205
0.46849429161471323,-13.518382997584165,-60.16169902392456,-3.9099315125094307,6.140109638460409
0.4640789731864535,-13.517364077946874,-60.1520192873703,-3.89807261098332,6.423975344583303
0.3922054177845893,-13.509232188956155,-59.92341258970835,-3.8293688172487492,6.6810129150660975
0.33216474188542283,-13.514097860036802,-59.66266114145975,-3.789903631763906,7.009253588523543
0.29454244650119266,-13.523224071469421,-59.47445620594719,-3.7814290077846664,7.2392911778355895
0.2683521041479295,-13.50849200389571,-59.26165967432693,-3.7382736929017426,7.492708347977418
0.24646342340261013,-13.502171849657703,-59.030652319586416,-3.702116992912721,7.796207763832557
0.24596965377706323,-13.502066041880799,-59.025115045928494,-3.685833529582993,8.062977750706468
0.22035103316812332,-13.49220666478947,-58.784781939540906,-3.678541626100156,8.300939380983728
0.1768694733367077,-13.462104046444644,-58.520547845180765,-3.6548861634495893,8.616256803487595
0.17909021012219287,-13.43591186500401,-58.2790168435377,-3.669636947012563,8.891093282205915
0.1757227422206146,-13.426894569459161,-58.19023478097235,-3.7177092603883892,9.155066882457072
0.14205441129527063,-13.407336811198261,-57.92330810352547,-3.694535031065925,9.45893675548768
0.14231921545419873,-13.407034177873772,-57.91468305377753,-3.718557297835403,9.7214322137789
0.14946393999568852,-13.398868778397784,-57.68196916871186,-3.732572036771117,9.986087340186886
0.1570457417440787,-13.367419107069209,-57.101498134868805,-3.7932446311844075,10.304692442785054
0.15671202503289602,-13.365683780171059,-57.091286403506615,-3.824057041517662,10.553694205550682
0.14973993495055776,-13.3294289117429,-56.87794044698707,-3.8203862643818383,10.877740683458226
0.14238230795140744,-13.28920620935774,-56.727065482752096,-3.850291807140991,11.111270339167236
0.142135688079013,-13.287849800059572,-56.7223180502085,-3.8643923888955527,11.375421842044494
0.13259519788261137,-13.261168011851247,-56.52060997841745,-3.89002320815338,11.68104019976416
0.12267143133551753,-13.238767997603704,-56.26261327123723,-3.871064047822429,11.901022990237212
0.1116161479021847,-13.159523957298907,-55.68919177088505,-3.9056311187381425,12.17686343551054
0.11051589512616232,-13.160074083686919,-55.6799313100202,-3.9513639298361056,12.473853196876467
0.127805593229189,-13.144410753877297,-55.3334574345773,-3.8681957892873697,12.905405397482067
0.12849468043089413,-13.14387479716486,-55.325839192736225,-3.8615541414612693,13.129430225426553
0.13879808886297818,-13.120000444609543,-55.006168628561085,-3.8995167466052294,13.450936612972685
0.1343217238735497,-13.08142649589842,-54.72967553020976,-3.8640919009244215,13.719946394075109
0.1438770070661148,-13.030066848738382,-54.480043756804,-3.931757884236461,14.006745515962175
0.14103834512317762,-12.983999840795626,-54.17146596200918,-3.9937825356118566,14.329691729272435
0.12479540927756252,-12.94397119253599,-53.79671021919989,-4.0002517343552455,14.596746803480745
0.1458575480473484,-12.916891299831981,-53.45821156039976,-4.006130319852957,14.931178029494719
0.1465303715994436,-12.916026240979287,-53.44739832474109,-4.075767688143671,15.23945799192854
0.1745491688165779,-12.875018204893475,-53.14200597120506,-4.228119124730625,15.525600128891298
0.1896771361123906,-12.819255419449563,-52.81395832133809,-4.187076377588909,15.855247829711866
0.17134526430133518,-12.771532573664825,-52.498901951686236,-4.245303990876749,16.181776465528667
0.15874314249665403,-12.723155858765058,-52.1925445563448,-4.319987057268861,16.5043223868953
0.16967964044724515,-12.673941617987397,-51.882677114411386,-4.324498002339894,16.778137080872018
0.17002665451427615,-12.672380054685757,-51.87284504917884,-4.402626421044189,17.095565057602066
0.1807207000752844,-12.62425684966122,-51.56984709161694,-4.444588414583592,17.450731910296117
0.19423820193348976,-12.559082427832552,-51.18757548287891,-4.630116890862865,17.77125927340781
0.2083383266803793,-12.520665420690397,-50.846003043581206,-4.5479760247328755,18.070886716481443
0.1969112789359922,-12.408299451203924,-50.4079662133797,-4.578246252255823,18.36366572792332
0.19642715124285315,-12.403538862221389,-50.389407985142704,-4.710535683269384,18.66495785286745
0.21275436929168287,-12.380119646934512,-50.04892206173484,-4.667323807998017,18.957672798999308
0.23426198261100614,-12.346103760111596,-49.69700268658479,-4.7011569787004674,19.36167300727395
0.26120721374640915,-12.280643671922249,-49.38440794089715,-4.697853741563577,19.672363821980028
0.282388451341608,-12.246114667801407,-49.01052430618641,-4.822749617078927,19.975645661279252
0.33836310145493514,-12.09672743891225,-48.26074083939178,-4.794869587412592,20.299844670627657
0.3428326123555963,-12.09068755931676,-48.2312662269658,-4.847997042746613,20.58531442199856
0.34436182827315,-12.088621051320068,-48.22118166794193,-4.947149416859958,20.857155618405148
0.3759765625,-12.0458984375,-48.0126953125,-4.898312292839236,21.171000065163614
0.43108823702624416,-11.961111245921163,-47.4658179268165,-4.965194388445369,21.426321366979987
0.43540187695487587,-11.940762960339772,-47.344793095268834,-4.921412103513433,21.759906616650902
0.4206666138422475,-11.874162625433183,-46.973463090618914,-4.982662744984353,22.16703903182552
0.4752701351466997,-11.808875806482208,-46.50339799417189,-4.984587805693764,22.408792150726647
0.4778287834856088,-11.80581655303351,-46.48137136934128,-5.0604009199443425,22.798148261751667
0.521448241036475,-11.747275071626643,-46.05149093913117,-5.050333631041511,23.057203030438373
0.5384617507654262,-11.695800436256182,-45.610292051066445,-5.1095923119709,23.35958782836211
0.5639728936057465,-11.654344829140662,-45.22921935488916,-5.138904899584418,23.687705891966615
0.5681722126114269,-11.548576051894257,-44.82019999439837,-5.191544125002935,23.979415065572052
0.5679321880450229,-11.54449563426539,-44.791877095562704,-5.203202989072921,24.307584808673006
0.5607065251968961,-11.50663708109351,-44.490567714983975,-5.218309581302165,24.560855024340178
0.5457166902089956,-11.475294698846081,-44.17169304342318,-5.2936624869227416,24.808513818950207
0.5637813203457286,-11.411060493084673,-43.72831080345427,-5.227917778792886,25.14183971455941
0.5627711315269525,-11.383785394977716,-43.528293417336585,-5.231687813740123,25.457584944669733
0.5618450151784664,-11.349175800238397,-43.27685510506096,-5.268921790243667,25.678429094602087
0.564044376800835,-11.342870963587606,-43.24679716288859,-5.300688634153147,25.93345678253047
0.5861499709661296,-11.279501593647096,-42.94468737596289,-5.242713717646865,26.19244855038212
0.6140588980576,-11.200910613034445,-42.621618050674,-5.108731594564617,26.526137411255952
0.6282259333053691,-11.159755793833893,-42.3573029178901,-4.930640496186513,26.944145601476077
0.6392296298238255,-11.126744704278524,-42.08083504286388,-4.849923405225496,27.141351198945358
0.6454730856007543,-11.12548828125,-42.01837605443494,-4.8787512586233674,27.404541289585868
0.6804421539049326,-11.090039686918125,-41.71998151036177,-5.061200126111132,27.52806168767309
0.6912481290633029,-11.029433838551792,-41.46186060958766,-5.089117841456229,27.64847446845584
0.6755042713505138,-11.016552500423147,-41.191352508886105,-5.0145897334771234,27.956618727639356
0.6775477485420018,-10.928982853259308,-40.69960176629654,-5.084895602912951,28.13135847694692
0.7008116337432183,-10.888373115015824,-40.37876805511077,-5.065639062057414,28.333933619438152
0.7017079136957464,-10.886281795126592,-40.36412881588614,-5.000388353476453,28.68213419789365
0.720358704776863,-10.842763282603986,-40.05949922822791,-4.993331735612841,29.996771709961187
0.721570669540257,-10.839935364822734,-40.03970380375914,-4.984152415119809,30.218138602053482
0.7384611737482106,-10.726255307430216,-39.46019759343687,-4.959506917856217,30.466332456101355
0.7383790460418407,-10.723052326881785,-39.44582524482211,-4.911591048823496,30.66935491864391
0.7356195610993754,-10.676939527748438,-39.19209257037564,-4.977702454574526,30.90596806694379
0.7509290931950293,-10.660061847766386,-38.963002101880036,-4.9504478922692385,31.1278323440861
0.7556223860593647,-10.657809067191504,-38.936531930125184,-4.93121422003361,31.318334348274217
0.7870920321654156,-10.6427036370606,-38.75904312608706,-4.846829037008732,31.50229622215354
0.7819102736812252,-10.60757411092007,-38.535830464023206,-5.021458446327543,31.96198140460451
0.781673059566787,-10.576066110108304,-38.30981239658544,-5.051509061384451,32.129001566438774
0.8072037032584631,-10.536607814904299,-38.136331486111985,-5.036941627820013,32.348682241196705
0.7993588175937676,-10.494662229448675,-37.96226850015863,-5.006473728617337,32.504108446142006
0.7791725080518639,-10.477278316373663,-37.78004661185632,-4.91262393975407,32.64678510485474
0.7795388688364293,-10.476032689706141,-37.769495421260835,-4.915381306707829,32.77740033836522
0.7894342797437496,-10.442388292621251,-37.48450758713001,-4.9019282945978375,33.03894721028201
0.7898067567350691,-10.441121870850765,-37.47378024978001,-4.826456180428664,33.17782191399365
0.8032389568301744,-10.426825608891521,-37.35543874291047,-4.798124222426907,33.350688351772284
0.7855853346783862,-10.45569503799479,-37.27399745146094,-4.737974052580995,33.49797784166654
0.7770647988577891,-10.468924286088317,-37.19002761528511,-4.699226490987002,33.58744883546381
0.777595689600549,-10.468127949974177,-37.1821969768294,-4.624279797830695,33.71351490815472
0.7822636838006918,-10.457873924206094,-37.08752608141897,-4.6098457620232125,33.81011666358576
0.7711986409398934,-10.449267779758806,-37.05064260521631,-4.5002279528224705,33.83672873733996
0.7672746230479432,-10.43933028215095,-37.01476922025158,-4.4702689791758985,33.970144637360505
0.7880003480801723,-10.429764562905305,-36.99882635484217,-4.436663906748279,33.960579486755954
0.792514727407903,-10.427681003215584,-36.995353755359304,-4.373816456176527,34.034844281553084
0.806169191495889,-10.449420801598356,-37.00355275071711,-4.361719477049007,34.06540403029504
0.8075682825185362,-10.449980438007415,-37.01474547889829,-4.3004073147489095,34.07757262960469
0.8165670620378904,-10.453579949815156,-37.08673571505312,-4.171887614195384,34.04040556705903
0.8173411886572156,-10.453889600462887,-37.09292872800773,-4.195371107292331,34.03100081805606
0.796446344953729,-10.51451427854161,-37.23888333126131,-4.212773516449914,34.0555936151736
0.7854761906032305,-10.539197125830231,-37.352698682647734,-4.192623171417708,33.981147524661914
0.7764620586749692,-10.552439317443726,-37.47760520803198,-4.115066555518013,33.95342065457835
0.7760093017131565,-10.552099749722368,-37.488358185875036,-4.092899614216208,33.84918547286324
0.7703483815360316,-10.547854059589524,-37.62280504008175,-4.146897990974409,33.85043073291098
0.7428820550921821,-10.578981575852776,-37.797693618867996,-4.103557850550871,33.76495082211466
0.7113988902690742,-10.60558221028497,-37.993138824287,-3.984748272129991,33.669445603247176
0.7097278078829704,-10.602518559243778,-38.01179924426516,-3.9997050786668353,33.590754565350395
0.713597676213799,-10.608321909603918,-38.16100554328152,-4.036092004390227,33.42577306356615
0.7371260341852834,-10.649104396754492,-38.248844746375056,-4.050037627810724,33.378178671262376
0.7708177426213936,-10.6474984113007,-38.53235758057234,-3.9978305699535497,33.186354328922036
0.7294494281027702,-10.70767050514597,-38.84073956152935,-3.983809242612466,32.98568708541581
0.726009002441445,-10.741050419921102,-39.13804157958269,-4.0420827040790215,32.82256488274096
0.725937947020769,-10.74247152833462,-39.15118683240774,-3.965738317119147,32.58138820719668
0.7539512048522619,-10.766757893387624,-39.398544520547944,-4.000346452187728,32.3635412283691
0.783635816224718,-10.812446252623602,-39.698636845623625,-3.823483278880147,31.87525051151801
0.76904296875,-10.8837890625,-40.05859375,-3.8345685521137796,31.701437532840444
0.7568901797940061,-10.904780243423989,-40.2546955717899,-3.795993787172165,31.492956220200476
0.7234972151486471,-10.9624590005387,-40.79353659220365,-3.8006794604013123,31.292292871529156
0.7212396626092424,-10.966358409470399,-40.82996528090768,-3.7967773664785227,31.0804069390124
0.7029634675004716,-11.021913900414937,-41.199462798531215,-3.76445191807602,30.79697617122104
0.6846455018903047,-11.086485752847452,-41.609448390242385,-3.7572602886692295,30.560793935420197
0.6724385002088583,-11.122169320479987,-41.945658385947375,-4.051190952808199,30.24129355941571
0.667882831331489,-11.175318790715961,-42.161293379476184,-3.9948765910539095,29.971702687479045
0.609969397950397,-11.221847908315171,-42.53315348731708,-3.997414934040364,29.71115178047119
0.602863963883603,-11.227301426097169,-42.5820739920314,-3.950357367065564,29.451424501401227
0.5960016223388439,-11.299356012317139,-43.055575558619765,-3.9242443954196204,29.20859659352091
0.5666997760541181,-11.446277803450586,-44.01764323167705,-3.8883642752731618,28.927323551967863
0.5644122874110723,-11.456051618561782,-44.078365657474265,-3.8195410609580307,28.616121250865373
0.5638147858506208,-11.45860457977462,-44.09422660798806,-3.7945708227491792,28.307181853070347
0.5065405936068029,-11.586117873193514,-44.78232828058909,-3.7958099127139917,28.021455500546086
0.4894928893287652,-11.64152466570034,-45.23313091004274,-3.8099318300692886,27.78957823383078
0.45712966008193784,-11.728333654913369,-45.75427373277144,-3.7360709317185865,27.401873645877853
0.4379611681330957,-11.810924423927164,-46.1477097604083,-3.728026376288028,27.1175840059029
0.4400145087044382,-11.816228887069798,-46.17200762383585,-3.7329637843423598,26.872403852021712
0.44191230036661383,-11.875193085202808,-46.5397001122023,-3.4138748298977646,25.531503893477836
0.4355439193449593,-11.878907974132106,-46.59312375299506,-3.4980358036474684,25.264689642182624
0.3899032556168112,-12.014313335457418,-47.39900309169704,-3.4305440781853065,24.959480204174856
0.3763374358994894,-12.06262740785051,-47.649398892148504,-3.405895550506699,24.659174401064632
0.34992456407956474,-12.089040279670435,-47.885513958417526,-3.3762018887943697,24.3364840604896
0.3174746146968665,-12.153155334638965,-48.373666872445504,-3.382639988916509,23.998616763364932
0.32354116235646163,-12.222920632724309,-48.79377529787247,-3.371205124955381,23.740734393957652
0.3063335217927632,-12.2744884907958,-49.282968967453186,-3.2987385432437435,23.28460213955816
0.2817110057831549,-12.32476158218369,-49.71517105560214,-2.9839033272464235,22.62882982574696
0.278957474964523,-12.330268643820954,-49.748213425425725,-2.9213450432950623,22.26373008811626
0.26054708001662,-12.40535920278604,-50.153653122813154,-2.8551048398060033,21.96390545193163
0.2588619237987795,-12.50309826342079,-50.628867176244185,-2.8830691554499595,21.733508833187546
0.2555262794487961,-12.534824818753004,-50.78132372014153,-2.8466247250364205,21.44256037465288
0.2432226972174882,-12.638526440416886,-51.278739973207266,-2.7995660386153958,21.102134338202724
0.24186052823479287,-12.650007578985317,-51.33381051922195,-3.0545952349458503,20.871529027961245
0.2124432262549309,-12.691004338622351,-51.738591025860295,-3.069661139002946,20.595901580422225
0.179695574454172,-12.735372124933058,-52.18438164069643,-2.700253090786461,20.190349748350993
0.17302014637834293,-12.762661901722929,-52.58774563147863,-2.642774877354256,19.91233393383678
0.14626449881761258,-12.785088335581534,-52.98748240990541,-2.6843917892982603,19.626173136829742
0.12839337035060033,-12.824880187059042,-53.397504332219334,-2.3471023801279927,19.132816264346886
0.12531343316778065,-12.833460012068326,-53.4815426182077,-2.59119407253489,18.982313583834966
0.11488564584880555,-12.862508848171185,-53.76607224362545,-2.8930081971839456,18.443938146494386
0.082682950615722,-12.962015540654521,-54.25534868948212,-2.5078759877741845,17.99218877295672
0.08534918365865249,-12.986685415282446,-54.576317355586454,-2.4718914302605697,17.63087063372624
0.0959848679753017,-13.013850348837952,-54.9508268122635,-2.8323588988202744,17.378925191012918
0.10194131995934752,-13.022785026814022,-55.01992165527843,-2.8070113528651035,17.006701901241815
0.12841309953336463,-13.096525042444393,-55.648689529388314,-2.800952599276613,16.657828152364335
0.1267256314046008,-13.099337489325665,-55.67962644508232,-2.8104879342794504,16.292834066404804
0.1919351290499556,-13.116779306699378,-56.346822140990234,-2.8581226281123975,15.940112557442749
0.1920527968529112,-13.118426655940757,-56.37270905764046,-2.8348171235342647,15.587283440420585
0.19042280412982188,-13.128413838727893,-56.61198298380831,-2.8899929024174895,15.241605254237047
0.22776639025855638,-13.116480874039219,-57.19609398469224,-2.9558704914401233,14.977480112414431
0.23051663935604333,-13.11612600318793,-57.21641034092851,-2.979314143953175,14.557546676551459
0.25792300533018087,-13.11358064329009,-57.57421356499917,-3.0504381448537288,14.330474644892005
0.25804878210811766,-13.11364353167906,-57.58754590346047,-3.0716621038126135,13.923674677079728
0.26120920214503485,-13.115223741697518,-57.92255042737369,-3.137352000663185,13.538696394352792
0.2260406948695103,-13.041234622714633,-58.27547048612498,-3.2295858663108703,13.259927967901481
0.25734151132894906,-13.064710235059211,-58.54283162671602,-3.3012642325825254,12.91384749660036
0.3008579467086759,-13.028655200332649,-58.85572968783806,-3.369363261977398,12.626746555709333
0.30676380456241886,-13.016843484625163,-58.892272183308094,-3.4549557302157012,12.28388464786363
0.3608526513697786,-12.984419345458077,-59.16324507032494,-3.5541974553991054,11.89813028795556
0.38914819705728326,-12.949560216423622,-59.423781704449326,-3.6123882144457014,11.630132389246594
0.4160165882732607,-12.913518466852706,-59.695060712164825,-3.7028457357316853,11.298233109012612
0.430874095388115,-12.890406789118488,-59.99551252270966,-3.7803061267489966,10.978721552979712
0.43148803465204527,-12.889451772485707,-60.007927738935805,-3.860462705007407,10.640531711606515
0.548653488077482,-12.773831142678217,-60.53441027098153,-3.9234910107002605,10.262111479822861
0.5508250586206402,-12.770611227734912,-60.54766433946908,-4.046099676734386,9.902286979080724
0.5944139006702941,-12.700878245255426,-60.788557978797115,-4.12753698121206,9.50249511943867
0.6418642992766274,-12.608973742469049,-60.98655533509285,-4.191354141473212,9.137429181464674
0.6839068864625973,-12.529739635849335,-61.22425765495199,-4.222383255664397,8.826340460290446
0.849609375,-12.422355610804239,-61.666254707358604,-4.2508452315133525,8.390691431191943
0.849609375,-12.415357084013003,-61.68837005201891,-4.3053022998649055,8.110443424122188
0.849609375,-12.410464909945343,-61.703829322072714,-4.348569182189678,7.732564583177168
0.8582374656593407,-12.34665285885989,-61.88321492960165,-4.344884220966819,7.421658663746606
0.8931531274193265,-12.25832930455911,-62.065186122495994,-4.393800761074033,7.104657685010743
0.9869207064838211,-11.792572799500773,-62.9951789868617,-4.4270409035211316,6.745998349297207
0.9874959782536958,-11.783656087067714,-63.0089855093387,-4.442372537513435,6.436223628094241
0.9571407466056421,-11.61321671141244,-63.334506480579606,-4.47761874453586,6.052978935253442
0.9521484375,-11.596130576599327,-63.369720242061824,-4.482588453365324,4.404352318856073
0.9521484375,-11.588426583543772,-63.37785223473158,-4.481995672018698,4.008429186306467
0.9521484375,-11.554569128787879,-63.413590659196124,-4.457881193628509,3.7446655730534486
0.9535950830024374,-11.495769252978063,-63.477103840275596,-4.449377026673716,3.3933359634204496
0.9496822992040521,-11.39490594049611,-63.6128705213798,-4.284244965329265,2.8768140849642063
0.9140829922666426,-11.319257413254116,-63.753784444673705,-4.230155755261833,2.5648032683635504
0.9112381003527497,-11.313212017937094,-63.7650454751662,-4.1802700891900315,2.260966128711761
0.8746837138002364,-11.2236020303881,-63.879910131624314,-4.153963832937023,1.9069457715719902
0.8482583952255213,-11.138189876595506,-63.98626875714967,-4.128338626910391,1.5567611362650216
0.8444333987268892,-11.076366992476888,-64.09895233584842,-4.1029053876653165,1.2215103948593438
0.7878657419110212,-10.991815734801568,-64.18031698290571,-4.054915821291388,0.8694554086737094
0.7705677283052684,-10.874859490924058,-64.24565024278927,-3.9638169711772235,0.5200986075316073
0.7660469148802465,-10.757913006277715,-64.31098490311115,-3.9449364651989924,0.20725354967197307
0.7647259656390722,-10.754082253478309,-64.31290027951084,-3.87204805041533,-0.1317410371717166
0.737219337730097,-10.674313032542281,-64.35278488997886,-3.8084318253604863,-0.4361222094824536
0.6832841173856649,-10.60037951575711,-64.38975164837144,-3.7298778688787593,-0.8442105704219699
0.6275619748952577,-10.500496924386509,-64.3933615040719,-3.7642327721582802,-1.118297110313776
0.6059536361762347,-10.37393379760366,-64.37381110237374,-3.67768211186403,-1.3679988079991001
0.597522344615651,-10.254233123412973,-64.34876671788435,-3.6177592374761502,-1.7863658698572533
0.6017559188885041,-10.24647157057941,-64.3445331436115,-3.5932986578967103,-2.0758177465712078
0.6061407960885814,-10.150958991571843,-64.28343458936777,-3.568822798097969,-2.4148010437084944
0.5905606555634217,-10.036173978982154,-64.19946764203142,-3.5082280461662094,-2.6448455302969496
0.601168028935913,-9.939609308979739,-64.09604692935156,-3.5162880627371464,-3.062849713155166
0.6027613435092564,-9.834450547139081,-63.99407479665759,-3.4285341254041697,-3.3761972770025306
0.6237391293144249,-9.539182688202603,-63.520184280191216,-3.407974078279878,-3.701924534177624
0.6290841308269741,-9.530883870064699,-63.50766572401709,-3.321710683082671,-4.048685846732112
0.6347478045164233,-9.522090271441606,-63.49440080406022,-3.193658040367069,-5.003635110847461
0.7011040428063644,-9.419063480412486,-63.33898750911799,-3.0619788824917293,-5.3609570001360085
0.7079192818623385,-9.408481925036106,-63.32302550185531,-3.0254995010162276,-5.697861607102417
0.730662172106494,-9.327028888592245,-63.19068800607629,-2.9871922719206907,-6.076472697934215
0.7500702121014473,-9.238479706115271,-63.045127706114144,-2.6984616813401345,-6.780600986332117
0.7424618442982069,-9.113742354824222,-62.9148472794953,-2.636579951659712,-7.113783509327868
0.7728117697293999,-9.012163823019087,-62.71135245517109,-2.6931240921269506,-7.389185045980058
0.8016208352654401,-8.927624257966546,-62.53146298866636,-2.6532268614529926,-7.698986055535403
0.8048088115036595,-8.92071697611707,-62.51419478404268,-2.6513904334382516,-8.004254565478313
0.8346402795706337,-8.856082128638628,-62.35260766534657,-2.6430696928020154,-8.340431255608088
0.8800568019454873,-8.773549741887221,-62.174282719163536,-2.6089476641933373,-8.622109060329084
0.9115474799363043,-8.659153214984087,-61.963523232010374,-2.610010811086454,-8.939486045270048
0.9286073446091722,-8.547757441385368,-61.749561613382085,-2.583912664946979,-9.22346345584573
0.9699601275566584,-8.480723466193341,-61.495760119268866,-2.5829081151051696,-9.49310633122227
1.0152681252302087,-8.392183905559374,-61.22320124838854,-2.5281837491115198,-9.819727614977314
1.0184110126466759,-8.382755243309973,-61.20120103647327,-2.5207282017748582,-10.157486386168328
1.0557816975708056,-8.270643188537584,-60.93960624200436,-2.4477830780627556,-10.42252259562583
1.086614356982731,-8.164622180232891,-60.64564456350048,-2.4194410983255494,-10.70878877798125
1.092890831673785,-8.077218088874808,-60.45637266493261,-2.384625095039695,-11.052313434859851
1.1190771463430709,-7.994152022185311,-60.24129612840582,-2.332967344560018,-11.36194903292074
1.1220365747370513,-7.988561990774459,-60.222991515746756,-2.3357142970343716,-11.658510229450407
1.1601674513733589,-7.915857150224084,-59.9804944638445,-2.2462759636488556,-11.931824409888664
1.1736182440377378,-7.870049748920983,-59.759788969123505,-2.1986613028268067,-12.235050586733248
1.2026894591771802,-7.761032692148074,-59.48179547435259,-2.095103270136903,-12.58591973451284
1.3182770266576278,-7.556964124141664,-58.749070335051826,-2.0183968899687983,-12.825888362053318
1.3195676062806159,-7.550618774328639,-58.731755058443404,-1.9957411543222463,-13.172602318471517
1.3204563533283764,-7.5462491013438155,-58.719831035552616,-1.8412192245947807,-13.746924550347405
1.3363102885540588,-7.468300586484211,-58.50712407127471,-1.8427996824725028,-14.034129564444369
1.370910556520931,-7.396482152739444,-58.24401206392647,-1.7572648730387925,-14.318788904906562
1.40625,-7.34619140625,-58.0224609375,-1.6904862224314456,-14.64260101024933
1.4239959071618453,-7.309009505529943,-57.894014371376166,-1.6058972015669752,-14.912360275872237
1.4556442672128236,-7.2331437391384705,-57.631208099100355,-1.547712018314627,-15.216936335379321
1.4415422816532568,-7.19083778245977,-57.47961175433501,-1.480743132975448,-15.460105602800768
1.4464047933546467,-7.1664989490799496,-57.361449385005855,-1.4039943829008195,-15.772036824444704
1.471616197591273,-7.1255304171954315,-57.121941044757904,-1.3597740640628189,-16.069515234310842
1.4930550174141841,-7.047347528705202,-56.9230735272895,-1.2774271438137248,-16.34959603697034
1.5124868612343085,-6.96314287215133,-56.74430056414436,-1.2454345213910898,-16.586622533783483
1.4955109209217508,-6.912791932609417,-56.46297481142241,-1.1698005388158919,-16.879355113823934
1.5048167585377985,-6.9096899867374,-56.422649515086206,-1.0353429017859241,-17.1655612654623
1.5195902736265556,-6.864554393563465,-56.20254843650971,-0.9162382937476679,-17.453167471706685
1.5024324411106629,-6.7912436546319235,-55.97013779606716,-0.8406311672204652,-17.731129447693508
1.4847340744615214,-6.71562336076741,-55.730405375092424,-0.7414704998898856,-18.009320981756254
1.4790687887107465,-6.676822694960746,-55.528600219944174,-0.6468866327959688,-18.302917660706008
1.480114005648055,-6.677867911898055,-55.5134445743532,-0.5356955905792944,-18.603502954855127
1.4918626601725942,-6.6859697796809625,-55.36054156315377,-0.4339870208298322,-18.917127740169327
1.506666431143687,-6.6482235406309895,-55.097857750827295,-0.34557120590585555,-19.206922912411805
1.4825834266066722,-6.548451093263356,-54.779618048016744,-0.18808307595440965,-19.505464327217222
1.5283578459210636,-6.443148820667273,-54.44383037863715,-0.10560305756679611,-19.792036494915703
1.531844782332268,-6.436548548174636,-54.42278422672667,0.054453247883714084,-20.08921218216957
1.5388535966944012,-6.384504915969803,-54.20544916710822,0.23926683368767954,-20.290199350606134
1.5197596624234062,-6.338361241481565,-53.949272215639034,0.282171097677832,-20.68254084023651
1.541658449868276,-6.2599769283469655,-53.64507856455883,0.4759488659726685,-20.92362403172119
1.5667176555203468,-6.192736563959306,-53.38679236678619,0.5958064286094071,-21.202618011497478
1.5771484375,-6.171875,-53.3056640625,0.750032156181959,-21.385277536459036
1.607425253754718,-6.039506857438666,-52.7065290441851,0.9113056612913937,-21.644758998872334
1.6077131646112917,-6.035764016303208,-52.69494063220801,1.0202866415889105,-21.89675112960503
1.6078225134003459,-6.034342482045502,-52.69053934344858,1.1858304994080413,-22.225099319751738
1.61176958156906,-5.955317007416337,-52.426886771731446,1.311216154508898,-22.391467768969378
1.6365508167843414,-5.8437390534900375,-51.917016849671,1.4774366012579634,-22.62461328955242
1.6412867578292005,-5.718640820396002,-51.418709626509724,1.6367621067600595,-22.927822792879027
1.6406736228478604,-5.715575145489303,-51.404257159092424,1.905515811485472,-23.43148259765658
1.6398577261778735,-5.672778463517639,-51.18581907739591,2.0185010786232738,-23.648936912848868
1.644333208557141,-5.668729217555444,-51.15534317357518,2.162593387175974,-23.88259928990504
1.6727015832760084,-5.643062592809802,-50.96216805048956,2.2627370488755787,-24.3053963342818
1.6794041332747225,-5.61165950184889,-50.78835643019501,2.3734794986038708,-24.53465763120432
1.6731144429071076,-5.562837316077937,-50.573727328004395,2.5855057688283694,-24.765670817467516
1.67236328125,-5.516034692495633,-50.33725169695941,2.671695436735277,-25.05696028161278
1.67236328125,-5.512308055589473,-50.3173334652196,2.7901951850850395,-25.299287463307746
1.6726847551444355,-5.466299617011449,-50.08142524015709,2.8558426312645366,-25.511180437226628
1.6740778383131893,-5.4133624565988026,-49.841814935131424,3.0158092054792576,-25.717346261474123
1.7044922534393991,-5.328948583094193,-49.58384821014095,3.072341336227794,-25.95709663756622
1.7299549645731236,-5.173103311427965,-49.259908362490314,3.1905533254843874,-26.228039339189127
1.729582934920049,-5.134040197855146,-49.18364228361005,3.3091794610323433,-26.42063495379635
1.765991734461972,-4.97169982648394,-48.870696450619924,3.4098001311043475,-26.645844124690846
1.82115247365268,-4.816071559565728,-48.546256816070034,3.4812433161526144,-26.865110601550647
1.8742535551605377,-4.703928838635985,-48.2478446947735,3.554662148251083,-27.0333527210162
1.95503159636631,-4.583291242619381,-47.9476894926839,3.5743293083643124,-27.18388491907291
1.989038257139234,-4.442226575709474,-47.71719990300075,3.638411236531624,-27.284551435368577
1.9921777667034493,-4.429203424924581,-47.695921004843285,3.6956257491294053,-27.408590212798476
2.02136195646169,-4.289596492018311,-47.435359676651835,3.73155746483593,-27.5467655286589
2.0450758398539515,-4.145619342851009,-47.1203037972975,3.820753772860286,-27.693780299533486
2.078151970609395,-4.0551531372601035,-46.951332687763966,3.834129026161378,-27.828749547118502
2.10521877000114,-3.970760525531318,-46.74271181070045,3.8150520742275518,-27.91159289769771
2.1289604858130238,-3.853469216626658,-46.459317855717,3.856741114411548,-28.000631202866987
2.147299428814028,-3.736791997501451,-46.208449153848946,3.905809427534379,-28.172963397081766
2.1477929177360697,-3.727168963521639,-46.18994331927238,3.9382379476802925,-28.21676209982615
2.1677402653291655,-3.6291994861156636,-45.989911954604175,3.894027730539861,-28.315221587236394
2.221818724176125,-3.504407754318499,-45.709091909659996,3.9670485632629067,-28.459764615488897
2.2243352681944963,-3.4379220472018917,-45.520955414701426,3.958024910764209,-28.51469518352687
2.2331355742309555,-3.3549477331438493,-45.35877834631525,4.066572184152449,-28.56663400575619
2.236607817306988,-3.259373197379505,-45.184899505338045,3.9909138663001187,-28.673766960098092
2.235246195040104,-3.253624125585995,-45.17748622855168,3.998369341135728,-28.802372121188284
2.225659430540128,-3.17212266612139,-45.02076958060695,4.019428649140977,-28.853437920368275
2.247883511329835,-3.1149981881412323,-44.85627328033935,4.021733709008188,-28.97728188109057
2.2773023484501316,-3.032399145457323,-44.697864157383904,4.0021272389954134,-29.004597146320513
2.296858959146226,-2.9533797240801634,-44.536889929103715,3.9962671654009796,-29.169627346590826
2.2952875207069297,-2.882664994311831,-44.37188889297761,4.014265899545052,-29.1570765636635
2.295169017194236,-2.8773323362406193,-44.35944602414478,4.0080293365927275,-29.25432649434773
2.271652179458356,-2.82067179789822,-44.22532797079644,3.9938648109457375,-29.312683864324246
2.2564353064187848,-2.7326930992685994,-44.0611978520279,3.9403655699418465,-29.41955432900516
2.272881348044083,-2.6614269188923085,-43.95429858146346,3.9476403625639733,-29.47284819707362
2.2802734375,-2.5981222360510743,-43.82611474355275,3.933133534823142,-29.520877439897916
2.280790328741203,-2.54739284694098,-43.699851992605566,3.902322172809903,-29.56472529551382
2.281082122183817,-2.5452043961213717,-43.696350471294195,3.877089172333399,-29.614491977316447
2.2840909497589847,-2.5226381893076146,-43.660244540392185,3.903334119620652,-29.716346354812803
2.2537356686787793,-2.51689276473723,-43.5801311203831,3.89836456479361,-29.756727775443828
2.2618040696491035,-2.4583119477977244,-43.49378583974952,3.9206315889470886,-29.79521225563807
2.2564304969545597,-2.419791330412884,-43.42270092759851,3.8796085310249993,-29.823834564600322
2.2305267283036834,-2.40971764260421,-43.368015193779996,3.898988245358197,-29.870727545822483
2.2289050680170077,-2.4090869969371695,-43.36459168873035,3.845586232729005,-29.925918161445612
2.222895782287129,-2.3447356778935906,-43.32018346653962,3.910933689239556,-29.98845161267162
2.214460294835461,-2.2995600933005917,-43.285330657759495,3.8929139777604433,-30.018036572885507
2.1966370762771863,-2.3124946901903036,-43.262201721440306,3.9028627819608204,-30.030609212005146
2.178490480880598,-2.316138425369402,-43.24951171875,3.918836480346556,-30.098920566359574
2.159467551851195,-2.335071038195148,-43.24915045393537,3.959224580175359,-30.127567001918244
2.1603815953580834,-2.334091705866339,-43.24888929864769,3.940756384534083,-30.122696772279696
2.1827244194438817,-2.3101529657744124,-43.24250563462318,3.9854444887108684,-30.14643749914411
2.171691411453844,-2.3045072786468537,-43.251032312502446,4.00901988040016,-30.12924657470527
2.138671875,-2.31201171875,-43.26904296875,3.987791069951328,-30.13846184449214
2.148573654030598,-2.323013695450664,-43.27674435244047,4.043963174888546,-30.1245703787038
2.1518509667330963,-2.347248629886189,-43.32130707056761,4.094419248947062,-30.13541144159299
2.1380997436851708,-2.36417321209902,-43.37631196275932,4.1212071243303825,-30.15174372295458
2.116539183432712,-2.381671814533644,-43.42236123742546,4.1872848826163676,-30.09597879427018
2.1148431946967303,-2.382519808901635,-43.42363322897745,4.173157088294261,-30.08815930082094
2.0847384716018693,-2.4198785255462614,-43.48179571871555,4.197680574097177,-30.058356656581655
2.0654296875,-2.45849609375,-43.54248046875,4.233515819085525,-30.006692814293398
2.054952264259006,-2.4721167439632925,-43.59696306960317,4.262297265499811,-29.955197577717083
2.0544163583579103,-2.472813421634717,-43.59974978028887,4.298167276524879,-29.935065734851495
2.0365138130764917,-2.512100318628469,-43.68872707342218,4.263549627840391,-29.87073302445968
2.036429384724502,-2.6135315764733957,-43.81839204673449,4.268867245026371,-29.79429526434731
2.0626410024935766,-2.697991233729302,-43.9771179543361,4.304029994538311,-29.76040407519687
2.0276610313644943,-2.8304476793583286,-44.238321501950594,4.2775573093545205,-29.68258566591106
2.026818031163431,-2.832871304936386,-44.243133628098334,4.278790755116333,-29.620438798706072
1.993658262310606,-2.9280281508264463,-44.444075789858815,4.312278436859714,-29.583578947307245
1.9605912642045455,-3.022720009039256,-44.65750823217975,4.303151265694751,-29.438446864279808
1.9044151411181716,-3.1670612377673475,-44.92357826590619,4.27188683312653,-29.373107749920273
1.8883777523014564,-3.30854893385889,-45.23127409873935,4.224899204272461,-29.245728552320383
1.8979872686418569,-3.4473697688490654,-45.4928877074305,4.144323054047675,-29.23922622434211
1.8889019319231315,-3.6057142088039926,-45.74208551457268,4.113364944023473,-29.02192046703716
1.8885765498454816,-3.611385153585891,-45.75101028013108,4.044386529034426,-28.974682193272905
1.827656997054293,-3.7388475187169923,-46.04830393669481,3.983340288153059,-28.863935065554557
1.8391735305535828,-3.8227536913546754,-46.225987596398134,3.958133397982891,-28.77585416682412
1.8362527445259866,-3.9666852141482196,-46.51234839313643,3.868104978905052,-28.65621430689305
1.7053937274041064,-5.035523395510305,-48.52601971521924,3.823315700037355,-28.495514560715186
1.7048023977022273,-5.04123958262847,-48.537649199356196,3.7123594401766695,-28.419169433925475
1.6614723159147602,-5.1962420643899065,-48.85839689268222,3.6083044229714147,-28.33304118060703
1.6593477953628215,-5.201928281161272,-48.87026921341364,3.4456443944126818,-27.909739161624987
1.635924198722824,-5.264620848638913,-49.001165782872455,3.30793348651639,-27.866230650180228
1.6349949314132595,-5.26710800526157,-49.00635874724943,3.198956113063204,-27.75964090899689
1.6083446224042501,-5.318256847510638,-49.150951045482294,3.0493183044440855,-27.59795913199947
1.6065739321569974,-5.318453590871445,-49.159870077838825,2.959408317842673,-27.409281402924424
1.6059584515897705,-5.3185219776011365,-49.16297027625153,2.8396812211825164,-27.23875174763808
1.5684993573751616,-5.322684099180537,-49.35165312118437,2.7503514114916783,-27.127922713139117
1.5598520227172172,-5.373458206482808,-49.51600818515085,2.6210667980474653,-26.96290236326473
1.5812627371348347,-5.454231936853109,-49.66554107700349,2.5522497257332617,-26.766884293918253
1.6361213842501598,-5.515672681993869,-49.9603920775008,2.447018961069091,-26.56006888813575
1.71142578125,-5.700284778722205,-50.596810659552,2.3252334964766987,-26.26471477939217
1.71142578125,-5.703901043604461,-50.614439950853,2.218823917424956,-26.05951438109319
1.71142578125,-5.70508081796321,-50.6201913508519,2.121314934222383,-25.726052054926992
1.7083877063818482,-5.7780477297996695,-50.91628282676716,1.9744974464486091,-25.42489748439635
1.6989912786508286,-5.885058637590295,-51.202179504327276,1.9666983862979919,-25.093249924754513
1.6870807672147288,-6.024581771556034,-51.52886781800315,1.8694897668885346,-24.84593245676103
1.6852865606802432,-6.035741573418541,-51.57178214396422,1.7625693590345435,-24.53742984360096
1.6710114371374325,-6.121392314675405,-51.9112128593155,1.6929170530242033,-24.216479595178267
1.6594754375317051,-6.190608312309768,-52.24238590517202,1.5514812210805218,-24.006149198899088
1.6454671304869257,-6.2814624397245975,-52.58394349880071,1.434002719453943,-23.74257203138843
1.6357421875,-6.34521484375,-52.8076171875,1.3395467413875508,-23.46469979255681
1.6348263473351203,-6.39741773314814,-53.00177530245449,1.194866455333539,-23.175664265290358
1.631794851115115,-6.492831376911278,-53.34975355777659,1.0751695576114741,-22.86189748044627
1.631051777214404,-6.497004022661423,-53.36187137831126,0.9451124204312578,-22.507717362917496
1.6109727087492696,-6.609755714811794,-53.68931464866576,0.8018979618514663,-22.2938677628715
1.5862986192742303,-6.711781271921925,-54.01067612548347,0.6446622988049739,-21.826892802516014
1.5915072517517168,-6.816820293512017,-54.352614336288624,0.5332884613188895,-21.543801853652568
1.5985896835567823,-6.920539543079653,-54.70417395751183,0.4477206810490628,-21.155541054476757
1.5979827977129337,-6.922360200611199,-54.71206347348186,0.2556486889926788,-20.856857441094117
1.576553953269781,-7.033027708539083,-55.08283477879825,0.11895782771630081,-20.570393195635692
1.5341539351178435,-7.302087261168946,-55.86387467369826,0.003691639919310319,-20.19599148039106
1.531904666464517,-7.307168942200535,-55.88253527289623,-0.09969249271769343,-19.95415516687715
1.494873160514161,-7.390832714903192,-56.18975961855844,-0.22674413311219155,-19.6304086329171
1.4822404172549908,-7.517010753010443,-56.50098665697597,-0.3057457848049978,-19.297941816109937
1.4820968051226378,-7.523904135363384,-56.516065930873026,-0.4435173517909732,-18.99636527706978
1.4474972763008058,-7.593436683346472,-56.7111240984875,-0.5192450598783438,-18.612338992942547
1.4130902545515356,-7.8334831425953935,-57.38417668828525,-0.6298219030626342,-18.229941270234043
1.4095366394980224,-7.844143987755933,-57.40674214387506,-0.7298874804558864,-17.89047615986917
1.388699814385301,-7.921314963794876,-57.711983252970484,-0.8026584548830442,-17.525594479228616
1.3537770742353092,-8.022095672290693,-58.033191562134554,-0.9264024343094377,-17.175498990420436
1.3519213057073163,-8.026021336484524,-58.0404718848213,-1.053980302869789,-16.75783015213274
1.3114775299837749,-8.16670004097417,-58.35535916293468,-1.193027451407005,-16.322474765314166
1.3195041072517002,-8.289478663744706,-58.71350954482388,-1.3150931074521992,-16.019625540485656
1.3510190184701014,-8.448804048237735,-59.0531702546222,-1.428746058031379,-15.613568278205108
1.341927551382769,-8.56495306973997,-59.352085771719906,-1.8979644878709934,-14.792626400748734
1.335227889499488,-8.637903072761773,-59.53010716977747,-1.9531642295613523,-14.515479576513373
1.3351612943310764,-8.639434761635242,-59.53368111048223,-2.0741612335648227,-14.058697634867587
1.3322518174827231,-8.706352729147369,-59.6898230346772,-2.2711442557717874,-13.679192754656901
1.342787958069796,-8.83066805023857,-59.9531210989514,-2.4077097438093062,-13.246972337411979
1.3550139126712328,-8.937096443350457,-60.214498162813925,-2.5114826300446538,-12.86279118602388
1.3658616844485636,-9.044359031985636,-60.452937196610755,-2.632170925688257,-12.510293949447501
1.3852809305202003,-9.207782316215717,-60.663462873945335,-2.766624184831258,-12.183959651680272
1.4072712080082408,-9.384332731302989,-60.884357034733135,-2.893388961347128,-11.73314122141025
1.4058934783154875,-9.393386383569654,-60.89911842429835,-3.059334488003813,-11.358032255242007
1.3875145891956586,-9.514161940642815,-61.096035093439376,-3.150408139894296,-11.014498589245463
1.37451171875,-9.666812076988156,-61.31078316677242,-3.2370497222442367,-10.67207949462195
1.393265181993443,-9.824726511994367,-61.52668916091383,-3.4049756383920027,-10.172682384279891
1.3941363488133358,-9.837692528326894,-61.54254113133358,-3.4624900273615964,-9.835831006072091
1.395304461044732,-9.945158853615345,-61.6593523544732,-3.6014295012128343,-9.406586568365965
1.399578076403288,-10.068835699916074,-61.79212476781571,-3.7517121749149283,-8.972993291037936
1.4219053231986465,-10.196242694158947,-61.9039544137006,-3.8406351422331397,-8.591197562873068
1.438945600181628,-10.369743696167488,-62.010843423866575,-3.9166200767734836,-8.150662157937722
1.4413215330977558,-10.548312869213962,-62.136587038398254,-4.05161321742365,-7.751769510480294
1.4235104461370138,-10.724702160912031,-62.23515200514555,-4.123508944271066,-7.338930944853671
1.4131307900574113,-10.897775924778184,-62.32244503522965,-4.205421692163483,-6.951301628884987
1.3953295255599771,-11.129811048233343,-62.413858257178454,-4.316979732466692,-6.488420056074533
1.3934580249768733,-11.141564071895235,-62.41827499855458,-4.462868398298312,-5.652306151804737
1.3624825557967724,-11.336090018346269,-62.491377105819616,-4.509567838443516,-5.228789732073575
1.3847012425247958,-11.52229513838244,-62.537694514841014,-4.539414212039958,-4.828689603086317
1.379169477464994,-11.545586780739498,-62.54380857095974,-4.572306469156473,-4.403018574166501
1.338810155331858,-11.711907898361087,-62.571074465315554,-4.625428150403636,-4.028365062650872
1.2667780526021697,-12.004547460915255,-62.57611893353043,-4.685687378683269,-3.577349331503949
1.2629296007471718,-12.03888749285216,-62.569902203610816,-4.720909521926018,-3.2108891106061113
1.244824767443102,-12.20043831310386,-62.54065593442732,-4.707147373222625,-2.804658320476475
1.2386413413911728,-12.327659914479131,-62.479242889170806,-4.77297796292477,-2.3533254515562967
1.2388994124640764,-12.347273316019804,-62.464016695869496,-4.790119115011706,-1.998146562744383
1.240234375,-12.44873046875,-62.38525390625,-4.788937359607061,-1.5252696116190774
1.2031784129615248,-12.61616851944237,-62.209581197326855,-4.793991841544738,-1.1183410528305227
1.1978200292692278,-12.640380475385342,-62.184178489452265,-4.774570955846727,-0.7173044626945747
1.1745600476884437,-12.745481132898513,-62.073908947143366,-4.754457724490166,-0.32597829036856985
1.1563741407554486,-12.84035271422412,-61.90244720778133,-4.765220795494358,0.07453351874550407
1.0799296318644085,-13.015113582618527,-61.499910503999665,-4.7202361458465845,0.40826433814758556
1.0770014822366771,-13.0198619333662,-61.48487405996537,-4.72977645879169,1.2272245120853011
1.0548805158556418,-13.077161997474668,-61.28836556616681,-4.684506232753236,1.6024837533611342
1.0306557547073965,-13.149008263872426,-61.0783688429732,-4.631620579225924,1.9879155153735737
0.9900191799110794,-13.192161242309696,-60.901993132302906,-4.567989862125955,2.3871468988708173
0.9563425458656991,-13.211715416916691,-60.75099145061555,-4.537982350370385,2.7176002287394345
0.9535278420124693,-13.213349761089534,-60.738370681725264,-4.48339449094567,3.095161365767224
0.895408219723796,-13.264748030276204,-60.55952063138132,-4.428175199688042,3.4563554573580837
0.8579066979904428,-13.29058313422647,-60.337915291140455,-4.474467922434783,3.9372891453244936
0.8089086629756314,-13.324633076542058,-60.11731964972729,-4.406316413111014,4.285205601610584
0.759236979291465,-13.359403255120975,-59.89777080784327,-4.323823806972243,4.664380934694216
0.629274868250986,-13.44549575077506,-59.16373260696488,-4.294137491332634,5.011170224638923
0.6235267241465462,-13.448885681913575,-59.144277349996,-4.198396518466879,5.36178531788371
0.6200216757108784,-13.45095276176025,-59.13241410913682,-4.153139260155385,6.106096191198345
0.5868861116385513,-13.470494248264444,-59.02026296919971,-4.050054166085772,6.478317745025825
0.5327502405990258,-13.496801399823816,-58.71352765341978,-4.030532133407803,6.829385282036423
0.5299465383145142,-13.49762601814279,-58.68582047790226,-3.9414225388338195,7.17760331879573
0.50480725249392,-13.507049071254054,-58.4343236649365,-3.9068814613292915,7.479499603579537
0.45761756788907576,-13.509548716774743,-58.10840033944538,-3.853462938863103,7.755671473545798
0.44054527182734693,-13.494487377982042,-57.81581580236503,-3.779483563263881,8.15514653549184
0.4338229312262651,-13.481495128107198,-57.5340299463469,-3.750167904034143,8.405758508344839
0.4231328109694762,-13.473477537914608,-57.29617477063334,-3.73533287069381,8.74364861284545
0.40965805335398325,-13.47532238211357,-57.10087757495207,-3.6924564467483947,9.078472127900444
0.4081275807765017,-13.476512749673832,-57.08727337426335,-3.608640383218429,9.404577641212631
0.4043670663186353,-13.452367652028565,-56.83630267975805,-3.5780890795271176,9.746520008856146
0.4048391226083859,-13.424858653858387,-56.57545739221835,-3.5133204274817302,9.985175875532763
0.39612251218069405,-13.416142043430694,-56.29652585853221,-3.512126747669811,10.29694509767475
0.3889286724099283,-13.418158999786028,-56.070270469921745,-3.4639317008215187,10.570221174160261
0.38855807891692024,-13.418307237183232,-56.0586338342413,-3.5378724710032117,10.929146078573382
0.3803079688113642,-13.417749878526768,-55.836026181735114,-3.4770095515832935,11.19613085315866
0.33946525361349034,-13.3751578810894,-55.333583921640795,-3.416815647367258,11.48943976129539
0.3340556663737603,-13.368793660807365,-55.2995353431319,-3.4378739645417653,11.843253661561006
0.29960247001262624,-13.35205078125,-55.06657035554408,-3.311114571880779,12.25201464357738
0.2605855093852272,-13.328386105416127,-54.786621019424516,-3.3052801972697665,12.540290112898306
0.25679063611909203,-13.325612928798567,-54.759327123241164,-3.3291997199652172,12.8384011607818
0.24332971295957803,-13.293144396608001,-54.435155903194854,-3.265467127811206,13.175264919605858
0.2600444331043268,-13.264801953255512,-53.952621383488555,-3.2372368814752974,13.48429385921479
0.258617764366856,-13.265182398252172,-53.94320536982125,-3.2629214119080245,13.822866855840969
0.2956313934630739,-13.185865573540418,-53.6100065494012,-3.261881020983239,14.135738309880898
0.3016471982804257,-13.153711072208056,-53.295419396749914,-3.2297343129062455,14.494623287050215
0.29464326565600646,-13.138702645155728,-52.99124860848942,-3.2634495078240633,14.784292938697035
0.30974649147325534,-13.091444517053489,-52.62831650098547,-3.2708688579618865,15.040970764144898
0.3130049221014813,-13.084927655797037,-52.59708987413164,-3.2597836865774354,15.309612136608562
0.35338583680343594,-13.031015120835876,-52.31246904330089,-3.3086567679350622,15.73983121158308
0.3704108737185134,-12.976024374211272,-51.96935003795262,-3.2638968893671603,16.008075790771215
0.39456174241181874,-12.941810643562423,-51.62218130048635,-3.3660856997569226,16.356280622090605
0.41925437304380014,-12.906829416833784,-51.26722473515162,-3.3168742108355644,16.661199148851054
0.4212325362306957,-12.904027018985682,-51.23878863934,-3.4020127913626084,16.989318265006037
0.42724609375,-12.871471056767138,-50.94155989203491,-3.4179277692988563,17.298326278949514
0.46207917734159476,-12.824441856227232,-50.60434795162959,-3.427201219869488,17.57519898824221
0.4989798657458905,-12.774602833202014,-50.256952048379375,-3.419545964100678,17.962970523884593
0.458373542163598,-12.729665061085594,-49.91297374292797,-3.4608423480780175,18.261676392452692
0.4564155274207538,-12.723511300465226,-49.88220493982613,-3.484711758184204,18.57586135443878
0.4516929083147881,-12.654781360683613,-49.52049722164541,-3.4538539251269214,18.900200104581838
0.47047310551446003,-12.576245990575895,-49.08172352343489,-3.265282275509705,19.51506502422607
0.46512607609106965,-12.52623587876829,-48.67827660861819,-3.246211620817263,19.762547221825848
0.49912340200167,-12.433943858731556,-47.853357488255156,-3.222849769524629,20.13064877865489
0.5021682501650035,-12.427211616042264,-47.81049710299859,-3.2651074699378597,20.37574791116347
0.5034492565050563,-12.423834417509397,-47.79407693082155,-3.190353414052069,20.598008037972384
0.5463154029099049,-12.314273059334779,-47.00832755884513,-3.183070646973249,20.90425110359663
0.5477791536968383,-12.310680216494124,-46.97133458441172,-3.2059726172141723,21.204478928661267
0.5985409716548656,-12.236327415804285,-46.59370780285494,-3.2219083555147137,21.48701157025794
0.6214986352175866,-12.16007158538864,-46.1908619774984,-3.237255169405472,21.84503564582807
0.626309718463389,-12.095703437012526,-45.77777445576206,-3.2154000751189074,22.08030044250624
0.6318855658453616,-12.089988193446004,-45.74167084396378,-3.240391146408882,22.382471429156652
0.6851112320985566,-12.035431885536479,-45.39703465497435,-3.236190744439355,22.75547605981956
0.7070224502959975,-11.975843584647423,-44.99510081595767,-3.244988409485643,23.017766777771225
0.6923001382852088,-11.955209559084505,-44.744485484830946,-3.2495956770599435,23.26498741671284
0.6695295008390386,-11.851035011010287,-44.06400223599331,-3.5706461130705236,24.027644969160104
0.6697641188362501,-11.849744612025624,-44.04916264766968,-3.538694497729594,24.310967251476075
0.6701593818839279,-11.805410634637498,-43.57952669053499,-3.5081512270356825,24.74306801346048
0.6605594108752717,-11.79197067522538,-43.488134966532584,-3.4938632446706634,25.02298112063955
0.6336453756683779,-11.754291025935728,-43.231913351362955,-3.4796948543898907,25.33869509088924
0.5684355427747847,-11.626473922798134,-42.57223031294182,-3.3979317871458505,25.619054185274273
0.5669582101037338,-11.613670372982359,-42.516091671441885,-3.309195344942637,25.904093640590855
0.5569860851436372,-11.54200424382716,-42.15968234360162,-3.2266432984943663,26.28209107060967
0.556029528197497,-11.540449838789682,-42.133616166819294,-3.2438073301796635,26.586097556284766
0.5429645324936123,-11.51921922077087,-41.77759503388844,-3.204507585393344,26.88526780750839
0.5819114746530887,-11.44279022353402,-41.31988060933303,-3.122349168597651,27.147216905273098
0.5854090022101611,-11.443567451880035,-41.28179642037824,-3.0838893303007353,27.467349168504754
0.5825364889055469,-11.41118676867674,-41.00030986261499,-3.0206597559885893,27.604988140264858
0.5692383015908145,-11.354064318468808,-40.678864205536605,-3.2175355084183934,28.92569398172626
0.5719956006886586,-11.34841842031608,-40.652866814042646,-3.1541335798829664,29.159290527807634
0.6031481681876172,-11.284629829722974,-40.35914260619533,-3.0932068628991516,29.349985940884526
0.6219645277888488,-11.223789400093347,-40.023813441328244,-3.044531090907938,29.624288381101596
0.6293396772111614,-11.18408203125,-39.72305103847096,-3.004793344976349,29.916009859653727
0.6458429893818579,-11.182354839623628,-39.442598393620976,-2.983451487342691,30.081900990668828
0.6760236437027474,-11.135991568891757,-39.10051731312019,-2.9422766347021536,30.285947723616395
0.679212930441643,-11.126423708675071,-39.05865792467218,-2.727821325801557,30.786581818249083
0.6787639353212586,-11.095527180248215,-38.935278379421604,-2.720432988723033,31.061259328939986
0.67626953125,-11.054932281361488,-38.74844441194487,-2.707600961429236,31.261960399514827
0.67626953125,-11.003748248386625,-38.44794460544728,-2.655638482266326,31.51897876784042
0.6343909266360942,-10.99365234375,-38.20952451081829,-2.551321123563909,31.5217903874052
0.5877173471836451,-10.983728957754677,-37.965724618788805,-2.605365829900677,31.991094915508985
0.5873844734779634,-10.978735852169452,-37.9420905856854,-2.62034958784983,32.176059196012226
0.5843995796018503,-10.933962444027754,-37.73016312048137,-2.5504359590387935,32.47914606665197
0.5906530139465019,-10.890760058293063,-37.53105655843739,-2.5310265815402317,32.71615685918123
0.599811252485674,-10.852818784345065,-37.358358345984435,-2.587856857052657,32.95700129144997
0.5606724301286726,-10.826653135744426,-37.12403025451266,-2.2640335780743754,33.01589129932855
0.5604150115909564,-10.822663148409825,-37.11000094420713,-2.2045633910738758,33.21598353762313
0.5568312978615336,-10.767115585603772,-36.91468854595358,-2.201585300716843,33.37070498630339
0.5682951864077002,-10.76326365152633,-36.80478485067272,-2.186156406787333,33.5756802753317
0.5861161585379405,-10.761892807516313,-36.65262116556066,-2.1526029649268708,33.69556808027403
0.5532532108576009,-10.716369533687597,-36.49380443967759,-2.1205361703511727,33.84589689581273
0.5630070710640925,-10.691288178870904,-36.36421743979134,-2.140010712911973,33.96956870064361
0.5569930788671996,-10.66886042038575,-36.23772096204595,-2.1161682896477743,34.12720668513436
0.5557939777534151,-10.668110982189635,-36.23277466995159,-2.07369044952182,34.30679616508112
0.5666409816872566,-10.6640625,-36.143686215925875,-2.1091919510255934,34.44914319195741
0.5724616672004512,-10.636148865909925,-36.03315435868023,-2.0950471770556334,34.48555074231583
0.5539234659458642,-10.608474200710363,-35.935816225853635,-2.0563326982376964,34.59703437157217
0.49101655471000877,-10.601673453549731,-35.86780875424731,-1.9758208104110935,34.695576149936436
0.4506626670800147,-10.568914556776834,-35.828016246133195,-2.004511519948821,34.755497093983344
0.44957663309510265,-10.56777915761079,-35.82697957732942,-1.9912254440601487,34.9150729283074
0.4385686028095814,-10.55627076231229,-35.816471912056876,-1.9782300823900556,34.94864825677713
0.46244115962764054,-10.551472606925529,-35.78595482560852,-2.0071687732455246,35.04065521945217
0.4834299871545917,-10.549363730731887,-35.770675831192435,-1.988243343725415,35.107230105825536
0.4749110769628987,-10.536585365444347,-35.76925601282715,-2.016877354834861,35.2386711800711
0.4509042904076987,-10.533956565604305,-35.77108421073055,-1.9831475334992916,35.21378962015629
0.4472513969370861,-10.530518548220199,-35.76915032595198,-1.9627717186513962,35.26152413217741
0.41199309167594333,-10.495972837085189,-35.75079750792316,-1.9167897933849076,35.308039130241895
0.4377505106242625,-10.50303243974941,-35.76946374081184,-1.9179178993786934,35.32206295752605
0.4394790531377016,-10.504415273760161,-35.77101942907393,-1.9649115666914412,35.33785947531498
0.4379745587571253,-10.510469614775966,-35.79430416863442,-1.9539960870518058,35.30502388208785
0.4423692120938012,-10.525733035226652,-35.82789939326188,-1.927012205049195,35.30873292982538
0.44529853035200395,-10.530859342178507,-35.83705351281876,-1.9523506049827262,35.35050358792803
0.44391322121461074,-10.543652245007584,-35.877960988846056,-1.935251425930943,35.30458161826923
0.42003927973331645,-10.548768089610718,-35.94276168715243,-1.9194274457806557,35.307513069422065
0.42550486773095136,-10.558487147942516,-35.99097536886632,-1.9665481991069385,35.29002097078448
0.4342981063562669,-10.569119862393734,-36.04134049072633,-1.9160021161339955,35.21886446880958
0.4278312818565679,-10.575586686893432,-36.130259327597194,-1.9301158964082674,35.20007787869817
0.47169833308472553,-10.602060104042362,-36.24846795445505,-1.949472521699775,35.10517413498526
0.47943042400059666,-10.605926149500299,-36.261097036284305,-1.9199883259757087,35.08568030601491
0.47299250400586096,-10.648293438956676,-36.51048991331702,-1.9246619216377212,34.97236930791839
0.4165005962156685,-10.693591930504839,-36.84746426800877,-1.8210032358957875,34.97824503563353
0.4167495312718394,-10.694463203201439,-36.861902501266684,-1.8445307990647706,34.80913301038498
0.4169384079731288,-10.695124271655951,-36.87285734994147,-1.8676675982535613,34.60869046187212
0.4287656195279972,-10.74132138455655,-37.38928589831438,-1.8085645396282786,34.50873772529731
0.42550312785760147,-10.74532535160658,-37.40826766803305,-1.8151206513354765,34.405674550567326
0.42441005729794934,-10.746666847293426,-37.414627351289205,-1.8288361907666086,34.30662903308505
0.4011229275177692,-10.78297957808798,-37.59391403356046,-1.749154938762615,34.15846033182465
0.3831543391090971,-10.820414137272714,-37.7855789765863,-1.733853309391293,33.98401353087294
0.3810092142313189,-10.824883147434752,-37.808460308615935,-1.683027376317142,33.906786921786576
0.39934462187231584,-10.867536021252148,-38.0122725175365,-1.6669786496358654,33.77119195152512
0.39740634950739023,-10.906648408046914,-38.2915042159203,-1.6314009698785839,33.592104648817546
0.39818792294081634,-10.909206284738126,-38.302304139727646,-1.5849005261845122,33.41776452276059
0.413055796257311,-10.957864779228473,-38.50775111646466,-1.5354814439012756,33.25480705312008
0.3941714638157895,-11.012052837171053,-38.75575657894737,-1.4751752457413687,33.15177554962463
0.392743650927269,-11.01531640948767,-38.77085060091173,-1.4403600435354065,32.91585351210427
0.4010522377040378,-11.048419546015893,-39.00101213487972,-1.4139816728724526,32.69949439084774
0.41002462801985523,-11.11461810140356,-39.26467995800323,-1.2741963751086445,32.20424892818038
0.3916712501317403,-11.17231906216466,-39.541365466642155,-1.1769058402526724,32.076046458906134
0.3829441993530082,-11.227931468747872,-39.8243289148638,-1.1281383141850654,31.74932050842688
0.3904856603247969,-11.29388839185634,-40.0820107997778,-1.1129491940721294,31.620225165173913
0.39022981791438094,-11.295576951765087,-40.09183514833777,-1.053495880444956,31.383914340296794
0.3827773345465415,-11.344763341992826,-40.37801050966281,-1.016495716405231,31.108880266582755
0.3635232315038487,-11.389473628654192,-40.74225387298354,-0.9527450551938301,30.95104055377967
0.3253577663747748,-11.438047857000287,-41.130847699752294,-0.9001286513531852,30.66485848245466
0.3118024012545567,-11.495883296350248,-41.488902764278585,-0.8581752011947401,30.460664877168654
0.3064608516163592,-11.563167144849311,-41.868158148901855,-0.7932450037170611,30.239302376598676
0.29163707386363635,-11.634639616935484,-42.240144164681084,-0.744619334918994,30.012918631657584
0.28524342398001096,-11.648251903784493,-42.28984963635701,-0.9698994650374857,29.728123688785207
0.24673980010952903,-11.730227361057132,-42.58918426064044,-0.9443697198612142,29.512036731369598
0.2565914258160973,-11.794933877948854,-42.97391110667704,-0.8921882090561581,29.237760874573716
0.20493077875721316,-11.915271766802444,-43.80075125037126,-0.7767823816182471,28.935042120306996
0.2022488782459267,-11.921123186099797,-43.83171501081976,-0.9798497995945752,28.76045767991769
0.17276750966463053,-11.98976931862196,-44.15735452094394,-0.9094860858339757,28.405081597263322
0.1679755729084432,-12.002228354188048,-44.20584892091655,-0.8925990406026045,28.204631075250653
0.12949311649487844,-12.102282740863316,-44.59529137982183,-0.8318844946681168,27.927884059199396
0.11721592746826232,-12.154349130214229,-44.81968249597593,-0.7756964229739651,27.65682251563756
0.11096636599679793,-12.204898179541626,-45.088029310114045,-0.7101265265579286,27.3476177791219
0.105535716838379,-12.275496618601073,-45.564116219668776,-0.6237005306588941,26.0480770244733
0.10506483721981952,-12.281618053642346,-45.605396666229154,-0.5686271900315063,25.62808531793561
0.10859543998945223,-12.33211945068918,-45.92729546658234,-0.5867811369956684,25.3803336644458
0.0959102443007172,-12.399206943199284,-46.354781876099764,-0.6049525782430862,25.0812651412863
0.044768528141266625,-12.478175764180081,-46.79229263689071,-0.7083384951934875,25.1991125879354
0.03343734620566689,-12.551765502216655,-47.169261504824604,-0.6383665201951629,24.756271492383203
0.032129464069609835,-12.617159609019508,-47.532852738648465,-0.392828833450082,23.837904452519453
-0.005222641363761142,-12.685207046136238,-48.01938260838191,-0.39349161003150357,23.574595572466816
-0.003980807348856737,-12.686448880151143,-48.03856204483432,-0.3812132942566251,23.259641999027448
0.001706575741953745,-12.725448053129549,-48.43883935791687,-0.6908678970513762,23.46249003791863
-0.02434417265587093,-12.78204105826965,-48.811634550506426,-0.6711764632589734,23.06793732268683
-0.05643907637793816,-12.851764469803797,-49.270923689977394,-0.6147571438071822,22.623297950857268
-0.052563334450502354,-12.904312916135076,-49.70506621095307,-0.7005214100235406,22.39886720908222
-0.05188781577675225,-12.910932999137827,-49.74127401186608,-0.6592906326469148,21.91644783639243
-0.044653244389651944,-12.981831798731411,-50.12904703821466,-0.6313363532875229,21.615999450225456
-0.04465063724716897,-13.031575698483014,-50.50396244281457,-0.579717355654978,21.108063559895417
-0.05265249923418239,-13.073321089920912,-50.883971451827755,-0.5289766178616588,20.761177073693567
-0.06137848565551438,-13.119697657271686,-51.271134021496295,-0.5505506215826586,20.483637032425456
-0.06665571191150828,-13.188301598599608,-51.74608438453575,-0.46220608286130016,19.96744978921272
-0.06691709350479512,-13.191699559312337,-51.76960872793156,-0.5628535318229666,19.700456467344342
-0.0769572165042188,-13.27764081025422,-52.6453734179517,-0.5631920244578907,19.36311929037299
-0.0790093615889584,-13.279692955338959,-52.67592757810227,-0.5870727008986165,19.017605191717262
-0.0927734375,-13.29345703125,-52.880859375,-0.5052853801704771,18.639698313601844
-0.08702867652704727,-13.322180836114764,-53.188778563150265,-0.5709411224758156,18.231172776621566
-0.08480838134098086,-13.356987466965283,-53.5977877645786,-0.5658238393904753,17.892550896549068
-0.10467329808696678,-13.39456356297173,-54.382808913325945,-0.5906512290316499,17.543463469472435
-0.10166082093638386,-13.397274792407254,-54.42347735485882,-0.2197677760883323,16.992088729135475
-0.10069669662713121,-13.398142504285582,-54.43649303303373,-0.23610748219346078,16.690883061591958
-0.10066362228621147,-13.43295754396959,-54.72815341968429,-0.2278281473998618,16.356079305731907
-0.10478819890412662,-13.476953027894018,-55.071868137843886,-0.1874369430455971,16.010588984034502
-0.12318720986948331,-13.46569574559338,-55.723260688576424,-0.4751110513815888,15.537165103905021
-0.13248433366088155,-13.475930174668655,-56.0285437217549,-0.4867532075087837,15.205944808299405
-0.13175873570734595,-13.474686292462593,-56.05155554256703,-0.4448595229649044,14.77340016146144
-0.12491899065696364,-13.462961015233367,-56.268473171307726,-0.4537982682296615,14.48408374395191
-0.1179844895232037,-13.451073299004063,-56.488395921549824,-0.43583423154247214,14.022837507534636
-0.11788220909552846,-13.384900597052846,-57.04226610137195,-0.39922185357225715,13.704547944269333
-0.08127678547550278,-13.408194957538317,-57.22196545368844,-0.1928420836604232,13.588886922309761
-0.07849377039206247,-13.40996596713687,-57.23562752773442,-0.39556336780395895,13.016556158482254
-0.09791711258561644,-13.400369220890411,-57.46215887200343,-0.4376668792337597,12.633158520350406
-0.10064432125171381,-13.389098742321673,-57.77445648497258,-0.42405426179752226,12.343621437156727
-0.07624027605985642,-13.3794708903279,-58.12220067241463,-0.4271436279545071,11.909677632294175
-0.027338319878090246,-13.308668795066104,-58.489995410570344,-0.4675054319516505,11.639862757880936
0.02271775982226896,-13.257704698392185,-58.94433487470771,-0.5160602707139788,11.202699421126365
0.02779115683275487,-13.253645980783796,-58.97646638910745,-0.5959531973732766,10.819077279194502
0.050050894049476415,-13.212310100222128,-59.17130940152647,-0.6453682454751402,10.460950759334946
0.07459881123951062,-13.14011034378085,-59.44711247113215,-0.7396235351943687,10.16587073753804
0.11957341974431818,-13.062376344358766,-59.720340084719965,-0.7829803998320557,9.833551485521504
0.166015625,-12.989799782773613,-59.99596751272865,-0.8312893720899979,9.481144354617204
0.17165845099257518,-12.960424074530229,-60.28367462989658,-0.8943910094312884,9.17129302177253
0.17453886557079573,-12.948696672318903,-60.32379469009322,-0.9371191798149567,8.830409890468847
0.2520370217120533,-12.774312254870951,-60.85596740969762,-0.9943595423443554,8.512498756341211
0.2552246877672152,-12.77001261228492,-60.866716516162704,-1.0621746008874169,8.155610232129584
0.3130865417759618,-12.685826352632331,-61.07817101035992,-1.064673691031416,7.858226013057163
0.35611543163192627,-12.592481133948453,-61.28432120207501,-1.1030348027783674,7.484534522098129
0.4138697683772617,-12.447355538618215,-61.51145904448593,-1.150900136997393,7.131911527050393
0.4171385846661209,-12.437549089751638,-61.53018847835723,-1.2362292804267696,6.828583873674297
0.4858141234501592,-12.231522473399522,-61.923680754633345,-1.24811354196207,6.548945095319776
0.48583984375,-12.2314453125,-61.923828125,-1.3206119694441014,6.147912293850908
0.48583984375,-12.193113413424367,-61.99066323108059,-1.3340058615694375,5.809967730543571
0.5065050249026427,-12.082183071889242,-62.19158002644378,-1.2906810228946455,5.389182773053149
0.5214726812054721,-11.94904327775362,-62.39506052485931,-1.451717564114901,5.140867978895812
0.5267007720827901,-11.784115708014179,-62.62670166333931,-1.3474406364037321,4.719489784457656
0.5263510600010864,-11.779831735013309,-62.63054849623805,-1.355148796604567,4.363219622350117
0.520756091101695,-11.711293365995763,-62.692093154131356,-1.3859839596897388,4.045113691247448
0.5224451306788355,-11.595464591524399,-62.82341749369094,-1.3998127908771778,3.73448360136436
0.5378108730149296,-11.460353939829783,-62.99097506181057,-1.3599880850148338,3.4237190604223904
0.5636992737021993,-11.365187501160962,-63.09526171758904,-1.3886358429612073,3.0634643390017864
0.5640943232572155,-11.358175371559424,-63.102273847190574,-1.4068242635503907,2.779057366450728
0.5698388275212998,-11.256210420871929,-63.20423879787807,-1.3530687007160793,2.4802535492792823
0.5524224018233908,-11.13946485732459,-63.2754824150877,-1.369061283846392,2.098093772338236
0.5352161882315638,-11.01281654898783,-63.34287984324226,-1.4127640052327877,1.8342926856783657
0.5587749847448037,-10.902844479617029,-63.42501644849516,-1.399287766615231,1.5348630042728506
0.5370414838263203,-10.829284938046777,-63.48520152796173,-1.3707019734781198,1.249755749055352
0.5475688698838309,-10.714359162353944,-63.53798680380842,-1.3554130303959937,0.9515260526644932
0.5490381677723464,-10.702609440467876,-63.54270960631983,-1.3316157826531025,0.6169031361747073
0.5038528373637142,-10.618883681181295,-63.57992105489165,-1.286654140254754,0.3571506792599204
0.46936006964491916,-10.519183081787673,-63.61541705759238,-1.2889498276226448,0.029154418578519345
0.48212379414453427,-10.393141302353975,-63.6345626443418,-1.2345809722410053,-0.28012388551344486
0.4591586280789352,-10.275241612631541,-63.642456824460524,-1.2281906858459308,-0.5638201755039978
0.43289465880678396,-10.195307793107604,-63.644740647875494,-1.2141936703396539,-0.8761421796182891
0.42375678430571345,-10.151445259757853,-63.613883273854995,-1.223425771877075,-1.1639562981867029
0.4476279663952884,-10.014612152612376,-63.55614887596354,-1.2097567187785785,-1.4340174518936724
0.4493840196280097,-10.00733707493396,-63.553765660861984,-1.1982559991272694,-1.7787470533833298
0.49275155430335893,-9.925523537511255,-63.52589106358147,-1.2434082810677864,-2.0379572514922426
0.4729272278548559,-9.82592411554681,-63.41377629411612,-1.221298190339155,-2.3507179446580047
0.4985987318236393,-9.701369781476046,-63.312991871127565,-1.1743708119942795,-2.673834902368119
0.525356752768143,-9.571543828004565,-63.20794186297507,-1.1627695416233195,-2.974026578050863
0.5578414639129697,-9.494280809582042,-63.10543138636309,-1.1605692167887014,-3.2341381330887646
0.5626679944788842,-9.487597921106161,-63.09169433782933,-1.1867426029476746,-3.5231143362885473
0.5680317661561899,-9.448286035720013,-63.02091058972098,-1.1034898815779854,-3.8794429622408204
0.6040200935008393,-9.338425009179605,-62.83724293006452,-1.110403999788545,-4.163016619521225
0.6055659076553539,-9.334349680954068,-62.83049755920845,-1.080149831859245,-4.512101609379663
0.6385655491540135,-9.245296257485963,-62.71209313248596,-1.0575646739550848,-4.697214072968289
0.6821876621987487,-9.136215632496212,-62.58137924938803,-0.7488549302443914,-5.409816774433787
0.7155310808968451,-9.065226418493813,-62.47059305177822,-1.0020192834742971,-5.333866782482064
0.74112957985341,-8.99845352786249,-62.30297709423517,-0.7365164675727272,-5.99235380734878
0.7881012743613204,-8.888429746904313,-62.106603492677536,-0.7196216779441755,-6.326434557700933
0.7906734950166998,-8.882917845499929,-62.09933594860361,-0.9586840144991555,-6.160477183349614
0.8431089053172968,-8.77055625199865,-61.95118510680192,-0.6706168805553006,-6.914479304496333
0.899280221593987,-8.651068822792524,-61.76973756602113,-0.6535704991398603,-7.180511760746494
0.9528959185163551,-8.57856582213785,-61.53659097546729,-0.6600601858596065,-7.533391735048145
0.9996429277283424,-8.458830974683776,-61.333269584107036,-0.6287940145390536,-7.750922700496763
1.029358158873268,-8.34186465867801,-61.120489400808204,-0.6947561292899564,-8.007636428546206
1.06019506749804,-8.22736622127352,-60.89442521008918,-0.6057782288532536,-8.394693428483366
1.0602984276999217,-8.22612589885094,-60.889722320903566,-0.5980696180366891,-8.654821621615952
1.085224482845589,-8.138503426076202,-60.61684284026417,-0.562226039577709,-8.905162429214013
1.146588256709674,-8.026932928141502,-60.36915633484914,-0.5603695947190914,-9.278587590151492
1.1997603276130833,-7.927752006081896,-60.13809422898834,-0.5539754293547219,-9.53413832797066
1.2069069625418223,-7.897378807634755,-59.995161530413554,-0.5163000188770326,-9.875692677159332
1.2291704615286883,-7.833484709163935,-59.75911198365028,-0.49969413024167864,-10.15829759749414
1.2301385564895868,-7.83058042428124,-59.75152857312324,-0.44760485518861515,-10.409614688692116
1.2711923461873549,-7.707419055187936,-59.42994055382405,-0.4508985194106856,-10.749173840708734
1.286955204577708,-7.658257661475913,-59.30022210129641,-0.4016137242721243,-11.029935177866
1.3149512411664568,-7.5775688056715875,-59.090902046616314,-0.3540209533252181,-11.312601326849155
1.3656748628279516,-7.500583868094097,-58.90901727049124,-0.4014127034716921,-11.72312554510006
1.4072625307454592,-7.417408532259082,-58.6254649892355,-0.3816134150335415,-11.987530818112782
1.4294119805587218,-7.238978723358521,-58.19165014112983,-0.34036942289925776,-12.353164623263575
1.429758586933024,-7.236668014196506,-58.18356265906277,-0.3209193681095144,-12.63654580621272
1.430016526560412,-7.234948416680587,-58.177544067757054,-0.25969115678194044,-12.890504822673428
1.451879260280973,-7.168143058827606,-58.023152894825735,-0.22482954268868127,-13.145054574704265
1.480854215786423,-7.106093121387321,-57.836341283248444,-0.19630500256278083,-13.469730016027459
1.5068849167746339,-7.05076290824667,-57.60808319710619,-0.14373491165697772,-13.741577592257343
1.5071740541361605,-7.046811364305807,-57.59661408176564,-0.08624482300363923,-14.005349311685306
1.5112179012523477,-6.991545453717914,-57.43620814615687,-0.09390146379320186,-14.222673733396139
1.513671875,-6.9580078125,-57.3388671875,-0.02766597889068123,-14.492395197331934
1.5273443232682713,-6.911521488387878,-57.16796158414661,0.029726428804167426,-14.76195200750179
1.546525927189397,-6.84799203299393,-56.970110150589875,0.12220687184510837,-14.959547247386034
1.5484649018809966,-6.84178731398081,-56.95550320791316,0.15889614522963313,-15.217981269300479
1.5705193048450656,-6.77121322449579,-56.789360038917174,0.20985585488013214,-15.44077616401835
1.6108034861995355,-6.748788386262616,-56.6201947655049,0.28642152531254794,-15.633384399150009
1.5945394046236891,-6.691730075594375,-56.44543064242636,0.38671426923905017,-15.861625472608534
1.588158946576172,-6.633148041141157,-56.2747348515213,0.4570515383571916,-16.135041403635437
1.5891944649894834,-6.568560878675533,-56.1096370875648,0.5535559470404223,-16.431896410614414
1.586579398755524,-6.563558143271437,-56.098722028501314,0.6265317139752824,-16.626620070363483
1.5622777513648707,-6.440209103233082,-55.69558519008771,0.6292712333674899,-16.82349120508768
1.5625287380911126,-6.439079662964994,-55.69031446883663,0.8129053144135554,-17.074603952357695
1.586399771110775,-6.424646262106537,-55.57169694877421,0.9538138040651631,-17.328717807948845
1.5880707870769692,-6.410104991447318,-55.458085457471604,1.0220729453749442,-17.531535226249503
1.547582616758107,-6.36903226076059,-55.28777520261218,1.1017862103482656,-17.72828303328715
1.5538038320876846,-6.345184268663876,-55.18201454200936,1.223222959154171,-17.939838141438084
1.557237059626747,-6.3320235630974695,-55.1236496738453,1.3236962407109445,-18.161905358608973
1.599154608912722,-6.279798446745562,-54.97565258259369,1.412341997761004,-18.35493538587466
1.61920139553543,-6.236276424403862,-54.80951437797074,1.528466182205321,-18.499461327409666
1.60929690529787,-6.204912205318255,-54.61967831508417,1.572047343496351,-18.79637828333582
1.5961913045035423,-6.125486246320848,-54.50146118087753,1.6506884936329271,-18.88317442617295
1.5956856246092936,-6.115372648435872,-54.48325670468457,1.7697850099902865,-19.02431185214016
1.5944444195730882,-6.090548547711763,-54.43857332338117,1.801403411480166,-19.209593395125797
1.5746539877248547,-6.058137357269234,-54.23313337588464,1.869266032727154,-19.420043646198902
1.5936958190591577,-6.002242090017825,-54.04369116254456,1.966788495255571,-19.55439330303398
1.593908626128008,-6.001107118983957,-54.040853734959896,2.098074049528023,-19.68883732774739
1.5898175314705258,-5.9703164275978935,-53.91088591271157,2.111257590416173,-19.91474859063153
1.5799923836726335,-5.947391082736145,-53.7777005758957,2.1898691516809095,-20.0971542922821
1.5796665303579482,-5.946630758335212,-53.77328345318552,2.249865677163058,-20.247758061346378
1.573937437008796,-5.931980216785184,-53.64679593092728,2.3256284642674814,-20.417644538981047
1.5724281516494614,-5.924426159952873,-53.51589938425718,2.453222470025409,-20.603558602131518
1.5785809287830916,-5.8811858939154575,-53.3961961970442,2.497181468664934,-20.59373020447281
1.575239897611296,-5.853823410830561,-53.259527614623735,2.62895048666158,-20.684166418143676
1.5752856091864071,-5.853137737203894,-53.25577926546462,2.6525836214635774,-20.94688314167845
1.5765756551382946,-5.833787047925583,-53.149995497409854,2.73337331304883,-21.10709830203217
1.586203925940906,-5.801651042553645,-53.045072217728205,2.818492623434963,-21.161451871186667
1.58935546875,-5.769277142514337,-52.92945541453028,2.812763443578774,-21.37955045583831
1.5930416525078515,-5.7470703125,-52.822628719459175,2.898595748076218,-21.513869651067555
1.6037015974514237,-5.732096630340035,-52.72840803863345,2.9386411749814982,-21.646094082943623
1.6039052921499297,-5.730670767450492,-52.72365516233498,2.9710811027893556,-21.732331537617466
1.6086175507555456,-5.69768495721118,-52.613702461537265,3.033695824602745,-21.87191466152955
1.587861434273098,-5.6618368601719276,-52.558901987745614,3.029299519886493,-21.99662101594945
1.6028258549947523,-5.653090389164918,-52.48425137570465,3.0850959817488075,-22.06107877240583
1.6189210513439458,-5.650488892875783,-52.386808557052454,3.113019646191205,-22.19897086174331
1.6212337554998022,-5.630160892389262,-52.29171140405626,3.1379821375839327,-22.279062764568753
1.637744373839112,-5.604732829913321,-52.21475495588626,3.1574442562081515,-22.393735668587247
1.6376791602633558,-5.605711033549664,-52.21227684000752,3.161938476324522,-22.437882469895072
1.6362479166205997,-5.627179688191005,-52.157889581582786,3.159590357292771,-22.60130414661558
1.617068063263935,-5.6086218510695085,-52.105058451375086,3.209405387333888,-22.679567650022882
1.6328303097154413,-5.597495962561028,-51.971779126859566,3.277096151760773,-22.72161426547598
1.6326702788389964,-5.598936240449032,-51.96649810793688,3.2234560567603268,-22.80158546122138
1.6326421638620392,-5.599189275241648,-51.96557031369729,3.2539269255143353,-22.889117116167025
1.6411809048896486,-5.5978566794101114,-51.81632705483949,3.2581542863104715,-22.960366333409613
1.6037938133889553,-5.609752572160333,-51.76194583083848,3.318846757977596,-23.043507688326414
1.6022636644068553,-5.6102394377455465,-51.75972015959179,3.25821535010094,-23.173801722100656
1.6146024220687325,-5.59751986313595,-51.71368238736839,3.3346306984599323,-23.21490822672103
1.6346990385052078,-5.584195222377604,-51.65206637526303,3.2883010886464348,-23.36710007810316
1.6309543545534926,-5.5846617519064985,-51.55716171736848,3.3098402891344847,-23.405825613636534
1.6298774491440948,-5.584471709775428,-51.55418439064838,3.3468036237018453,-23.470979442122296
1.6073033664207559,-5.580488048118369,-51.491773691354446,3.4015375680561846,-23.552904478969104
1.6020981146364797,-5.580419423628826,-51.42627949617347,3.3718880623260077,-23.685461725099106
1.6365530327759965,-5.555480373801003,-51.356613247329506,3.3890940519727053,-23.968393100980162
1.6703162693714426,-5.530268052683653,-51.28517240444904,3.431277929129564,-24.050635155663578
1.6698329386784063,-5.530958525102276,-51.28310098719317,3.479554833610919,-24.108508631060413
1.6606344564323194,-5.544099214025258,-51.24367892042422,3.4692622487051494,-24.18977280771863
1.6472981164498737,-5.535807170399748,-51.20714507921478,3.468652190718174,-24.243350118517938
1.631206387085534,-5.502979260655076,-51.177513731477404,3.5080902870816715,-24.295567099013777
1.6425528130807414,-5.504600178654392,-51.12240251950068,3.5462519633789356,-24.35087547926579
1.64794921875,-5.51526352993954,-51.08465023069554,3.6345125905138502,-24.390482819646277
1.617553655643685,-5.489623968143685,-51.05594303822852,3.597039589117969,-24.465391960565128
1.614087562843264,-5.486157875343264,-51.05330220561868,3.6575728594148273,-24.537409342739846
1.610960203266694,-5.4830305157666945,-51.03289880461665,3.6727429306473454,-24.593262619250993
1.6284800759031814,-5.508283110467842,-51.02770781694364,3.6980676505018977,-24.641999817368365
1.6232542243851178,-5.520041276383485,-51.038159519979764,3.7801587469723614,-24.610572308721537
1.625427206301807,-5.496734877788255,-51.044647196900904,3.826824832095596,-24.620687888314915
1.5961738664641778,-5.5340047941046455,-51.05927132123947,3.8025180890757895,-24.668558639553524
1.5901249686456926,-5.542294024448496,-51.06218375352245,3.8567242262731583,-24.693780844535944
1.5647105174764564,-5.577121235310042,-51.07442034112245,3.9071278382082966,-24.664503996656784
1.6110272527398835,-5.539808671758672,-51.13976421023747,3.985414707459924,-24.683362813694767
1.567068442890549,-5.563807658945275,-51.1737088227218,3.9962384362517156,-24.636030846181633
1.5570531016536078,-5.558799988326804,-51.23213164660395,4.076295274643229,-24.58894392766377
1.5561859160516884,-5.558366395525844,-51.237190229281815,4.125014332161157,-24.61292171203846
1.5500556317846728,-5.580749313937946,-51.30554159662589,4.220779497274407,-24.52587784115299
1.5436975082207105,-5.624499594849861,-51.393042158449724,4.236582539612883,-24.464181832894567
1.489710296494947,-5.675012027208591,-51.5823101842187,4.293340827978454,-24.41564821683823
1.4743814602335987,-5.701071048852882,-51.639026878385685,4.4076688756651095,-24.375696486494277
1.471932944715656,-5.705233525233385,-51.648086385802074,4.424559714784536,-24.308743715425024
1.4516008184332458,-5.77310863053141,-51.83814508779318,4.522700588621319,-24.21324369728477
1.4519101486151116,-5.779913894532456,-51.86227284197871,4.570531884930887,-24.118519321437944
1.4490273378147385,-5.806210954457891,-51.94266410150315,4.530097649672115,-24.097279739131015
1.4314041673590718,-5.860837092214721,-52.06347105942944,4.5785985670959946,-23.9678344034589
1.4162415609250367,-5.919802783902635,-52.18140244280527,4.652423895193266,-23.896553308709898
1.3808038381878642,-5.956392085699709,-52.31138303937379,4.709460226319337,-23.780800340481417
1.377396237862785,-5.959118165959772,-52.32274170712405,4.691981466854614,-23.668980748880056
1.3461403410117991,-5.990136192370423,-52.459614008424126,4.782696791828926,-23.549661347877457
1.3391907376098986,-6.1025935900324875,-52.94933256869264,4.748400953444133,-23.412237257094265
1.340012981167817,-6.10453707480575,-52.95740550544311,4.791440265924891,-23.314149811700695
1.3412670579293275,-6.107501256242047,-52.969718259101576,4.84301075535619,-23.100340409485106
1.3423409452965334,-6.110039535473624,-52.980261880525056,4.835046580693444,-22.85280162468642
1.3560042721267305,-6.142334671617727,-53.114410907585174,4.809939239523743,-22.67437058617867
1.3623046875,-6.188728865881459,-53.28442743952634,4.816670457104593,-22.620109259440255
1.3600962341681517,-6.240590827770971,-53.460309061644764,4.718446045189424,-22.457918840914495
1.3475824111348014,-6.29794585000716,-53.64488795138668,4.634215640812656,-22.2240420544571
1.3346039253436863,-6.3574305765497705,-53.83632061680563,4.630679986443155,-22.012181226655606
1.3340736280390784,-6.359861105862557,-53.84414250204859,4.552477568460432,-21.86409932376749
1.3227924327612948,-6.452444086193526,-53.98900152663857,4.479187659408254,-21.718603023880128
1.316638598501789,-6.483213257491055,-54.18592422294275,4.374032629101322,-21.5962881842811
1.3235616784288748,-6.531800064268843,-54.402247781854655,4.2287336728186915,-21.39383291516336
1.344031345891946,-6.60005610756275,-54.64139408842315,4.151276605286839,-21.276136130593052
1.355314137705144,-6.652239019698792,-54.81909805948102,4.0673285681751,-21.04166094088342
1.357044098443318,-6.660240088112847,-54.84634494110726,3.901908397577074,-20.860560761587838
1.3623046875,-6.6845703125,-54.92919921875,3.7557162425921575,-20.661206762095528
1.358565924302587,-6.7272990347561485,-55.08515905498494,3.6050155802762873,-20.474207808076894
1.3525520180756192,-6.7960293916357815,-55.3360248575956,3.497959319618417,-20.260856365628936
1.3465751791900058,-6.864336121757075,-55.58534442253833,3.354904483747802,-20.02705939814175
1.3472249215607777,-7.023791763939837,-56.02413846326624,3.2267053093408578,-19.756959198801223
1.3469574324654587,-7.029007801298553,-56.046072569082376,3.104261076364608,-19.6679575726293
1.3468661479475459,-7.030787849397857,-56.053557899551244,2.9168649836953904,-19.532059093205316
1.3401260685941607,-7.103698482496714,-56.268349736181094,2.769573541412683,-19.304148464334393
1.3330078125,-7.193550786126717,-56.49242036321785,2.598271855737977,-19.019707482117024
1.3330078125,-7.2599872108107055,-56.72061503930634,2.43490913763209,-18.784172939029258
1.3426105801444312,-7.290782930089658,-56.82000967671818,2.376010602199628,-18.552321972218405
1.3658389470498564,-7.339368078595768,-56.96970519581689,2.255824247820101,-18.29735128699706
1.3440142102625763,-7.571692185931962,-57.673159060625025,2.1251307019938253,-18.005447865797052
1.3491311859106099,-7.5914778251043575,-57.73081031959287,1.9503537867030047,-17.76760809171369
1.349805212959602,-7.594084063027128,-57.738404357678185,1.8001558391174939,-17.486322151455482
1.3481649017652273,-7.655130232777951,-57.9040505954709,1.697830850461301,-17.260625751402024
1.3235115037143035,-7.765305332607089,-58.198798380249876,1.5262772116206378,-16.977105432428612
1.3079969976603805,-7.986714266098038,-58.814821886752185,1.496706643500616,-16.646194483005235
1.3089401844404975,-7.995622141243588,-58.842279101906705,1.3326470783633084,-16.362072863341446
1.3092810869937217,-7.998841776468483,-58.852203154011676,1.2462675931915186,-16.031212754989077
1.3093196939053067,-8.105511936464621,-59.14218485397217,1.1373152767426689,-15.782012272403442
1.293165899638495,-8.213203898243366,-59.37910716988541,1.0198787991629104,-15.434159791766598
1.2720305332950352,-8.326141099661083,-59.64653674159584,0.9487370455441493,-15.138823637799392
1.2367556402675373,-8.494280191608668,-59.93326307000241,0.9305195375808353,-14.830435387437554
1.2344608051369188,-8.503446389733998,-59.9510142041257,0.8127127636222866,-14.477752012629765
1.1826402766740423,-8.674893635601055,-60.416462455298706,0.7135080594774337,-14.088984885983129
1.1829052543655987,-8.681518077889969,-60.42719405180675,0.6622370882113415,-13.80417989791542
1.1860953341851574,-8.761270073378936,-60.55639228449888,0.6686210019690293,-13.502180818911771
1.1105891146223763,-8.914392291159109,-60.98696135330772,0.5816497742295326,-13.178063366195914
1.1100880223950524,-8.920906490114318,-60.99798538230885,0.5120754301795643,-12.795802412104033
1.073206994583892,-9.111994662462287,-61.393782868546765,0.5227796656567136,-12.545067603067178
1.0706243256055146,-9.118844349752766,-61.41208613130657,0.4737751317651657,-12.165998643229205
1.0356936135226904,-9.264387141905905,-61.70497741897772,0.44855945214526116,-11.806962482754823
1.0182127794353855,-9.41095721233023,-61.91474742802537,0.5151596711714745,-11.515846181391211
0.942126913546361,-9.674738284004338,-62.34330182131197,0.4371354583255709,-11.116626287462791
0.9427481365107376,-9.68082626905523,-62.35150196444174,0.39210854150171315,-10.731639485713771
0.9554091096015742,-9.804903805345427,-62.51862680924078,0.44047662420932454,-10.278160703877464
0.9560161117992965,-9.810852426883105,-62.52663923825071,0.12741941303781346,-9.463423156362888
0.9572489656614812,-9.92269616189896,-62.669544026170776,0.12209820570903673,-9.088538375417047
0.9256216094414319,-10.056735909688694,-62.81563229061577,0.09321252103178779,-8.690884794899254
0.9130859375,-10.216419052343808,-62.94571809795871,0.05769882353159517,-8.478888524802613
0.9130859375,-10.229201760654291,-62.95437735197549,0.011902541211284756,-8.079634288742104
0.9086447498802936,-10.364488080908172,-63.06489797114413,-0.02394663371073591,-7.713694242678703
0.891248357796651,-10.658687476750462,-63.30594383468072,-0.047541643338107065,-7.400221013547073
0.8964179009661329,-10.67578673492644,-63.32383840719046,-0.0353792457688229,-6.986581427570242
0.9105988564284684,-10.806596375962371,-63.43528696785766,-0.12664564618037844,-6.666140146796843
0.8935874307931125,-10.943996352247938,-63.520344096034435,-0.08099762747445993,-6.274137262832632
0.8714604613265238,-11.082191341675207,-63.562052242057824,-0.0982545852589709,-5.9886214417371795
0.8701788091778107,-11.089026819801676,-63.56247945944073,-0.1305470979330039,-5.65071517642503
0.8758915973310711,-11.31414934366691,-63.62791013316948,-0.14390568625495348,-5.247916439474036
0.8895212061264935,-11.540896471808939,-63.70225345387178,-0.18736645513811823,-4.900583273558628
0.8860375518025155,-11.615154383770442,-63.71840180801101,-0.20585935388949395,-4.482153587706118
0.8537366469740859,-11.919162899802721,-63.76590313864105,-0.1511520371881261,-4.207119451614006
0.8509249954666345,-11.967655695921986,-63.772630466483314,-0.20949109078685524,-3.802570684498096
0.8580839352635397,-12.020154587765957,-63.77620993638177,-0.2598787578013315,-3.4279214967466625
0.8449789058492562,-12.170086609318323,-63.75909992517541,-0.24373034102261215,-3.122921624133082
0.8131817653565017,-12.342699657707563,-63.72578863513538,-0.2648355554329953,-2.7305104613656166
0.7925128035095801,-12.512719752000685,-63.648216168947535,-0.2573554875128963,-2.3867929572358055
0.7606319742081677,-12.649098855123393,-63.54548905230965,-0.27505959836616967,-1.9872443190285898
0.7581390320796993,-12.659763107561842,-63.537456238784586,-0.3046586832216889,-1.6590359985711576
0.7116473812629915,-12.794523333297246,-63.41614790836653,-0.3154698869917212,-1.2567068443068927
0.6663375523410735,-12.920975449756535,-63.299866303500906,-0.3114021737742547,-0.8887378630119471
0.6519298168657214,-13.01222444110043,-63.220623758386466,-0.41104464713868083,-0.5311358474252785
0.5865759165083967,-13.19496381135046,-62.89015077562725,-0.40581364558586586,-0.15495240497020235
0.5857178612929828,-13.200026337121402,-62.88225666764544,-0.37763968580766516,0.16645955475525817
0.5205721512615467,-13.271336761155432,-62.69127753520068,-0.4578489204326104,0.6740113068262085
0.5130861537020955,-13.276757655939862,-62.67294974807237,-0.4480336803261764,1.058612298053599
0.5380521573467685,-13.344604084751442,-62.50596288845201,-0.43318517756148367,1.3913176745373024
0.5214350628903485,-13.397387796554188,-62.27430104220662,-0.47659650590276215,1.7785835754455521
0.5040077880044502,-13.452745022662334,-62.031344327620864,-0.5247555416305261,2.060477354263818
0.5077146664464726,-13.5064837367073,-61.78969040777785,-0.5555778146576102,2.4732738808078376
0.5107694496695029,-13.516827934645507,-61.72450372550937,-0.6314359007779586,2.82152793775602
0.5116125511457528,-13.518795171423424,-61.68600209142729,-0.6666092685516958,3.199519540496515
0.5193956601922333,-13.536955759198545,-61.33057344497134,-0.6951754123481635,3.555225220458396
0.5277761028243007,-13.559383884414336,-60.99193087057955,-0.732777721931626,3.9005383329479324
0.5355301593485416,-13.585230739495138,-60.756724489344236,-0.8194632457011011,4.3054524630933395
0.5449120098504827,-13.607568193500805,-60.44176139538262,-0.883579308197028,4.656322477554115
0.5515994044387131,-13.615564248188713,-60.07818067479978,-0.9452616755536241,5.02742446309487
0.5520787317582737,-13.61572265625,-60.064026965013305,-1.029602934265668,5.348163969736524
0.5729332864730584,-13.61572265625,-59.78249047636371,-1.1122155137141903,5.783281639705911
0.5905723451118472,-13.613242982368472,-59.4921660495339,-1.3197313295709137,6.2757638102775015
0.5891280423281876,-13.598799954531875,-59.207638401152956,-1.46635187789704,6.67663538193406
0.5834809544814784,-13.594573894929015,-58.872303775956674,-1.5071006852929827,7.069535739508749
0.5889121721557834,-13.573928533058615,-58.50559449282355,-1.612225002054501,7.414165327652971
0.5897988889284358,-13.571416168869431,-58.47470719190949,-1.628837905647302,7.7666028506282485
0.5997870333953089,-13.544477729011728,-58.16081939627431,-1.7023252388806611,8.216914820830809
0.5905663556097868,-13.545175831890214,-57.931602380301655,-1.8296770331526346,8.523394260932028
0.5625097879218103,-13.57323239957819,-57.78352605083733,-1.8721682709892207,8.891622908947665
0.5601402049760265,-13.559003192236291,-57.320470347064756,-1.9244412162669136,9.25081989714528
0.55908203125,-13.54736328125,-56.97021484375,-1.98253215303113,9.582296087058907
0.55908203125,-13.54736328125,-56.97021484375,-2.077556412889848,10.001781827790177
0.5741248210277599,-13.5003545631945,-56.7539747406947,-2.140236443383415,10.358056885758613
0.5629902402520061,-13.452241490095286,-56.328702905591776,-2.1884721471793966,10.73309118933036
0.5485633844032725,-13.42645660376131,-55.90897564704428,-2.291741839654094,11.16309960093121
0.5407859477916682,-13.423345629116668,-55.518548329141744,-2.3525987633818772,11.532121748141403
0.5501150942204758,-13.365804272459432,-55.171306518547155,-2.3515895530484414,11.928369606625019
0.5513473212288672,-13.359150246614117,-55.13803638932059,-2.431472473098367,12.358562708419655
0.5320681144956455,-13.2683466688528,-54.33648406511245,-2.386606544347117,12.869945649490523
0.5317263100439328,-13.263333536894347,-54.30606346891002,-2.459578854526086,13.228400800498402
0.5779420537376974,-13.188426272958292,-53.443625213658336,-2.5405905545105014,13.631521081243726
0.5802821587307057,-13.186169743143605,-53.410111567151326,-2.6083886643515797,14.017176749982628
0.5810983461752427,-13.185382705250658,-53.39842259696349,-2.68033391016543,14.421022909062463
0.6037899146063612,-13.081438921702292,-52.581429414139706,-2.766959863318476,14.793302088389312
0.6042935294817363,-13.077661810136977,-52.54894625467801,-2.7909999576734634,15.214393696994566
0.6092996543536344,-13.040115873597742,-52.22605120044058,-2.814593098789331,15.624017706888269
0.6185746641900021,-12.985237409985702,-51.85042417603135,-2.8882320927883,15.923931253191292
0.6278180910274127,-12.925153193064682,-51.46355870999774,-2.9329035475004304,16.347801391721138
0.6328522403041726,-12.862399801984353,-51.06968593459513,-3.000235042244398,16.748657565228513
0.633426491061592,-12.86024636164403,-51.05181237977045,-3.073854122926946,17.080279789650888
0.6445235171150933,-12.8186325139434,-50.70641744385522,-3.0282822370112683,17.476525164982593
0.6215018392355128,-12.790324317584112,-50.2950142884369,-3.0858823065782843,17.908567656027575
0.6307528671490148,-12.721779652863301,-49.87848031480911,-2.777387855858308,18.399403262815042
0.6471955540401508,-12.646534864726709,-49.43417007587711,-3.0350905461983047,18.56413441189693
0.6477359123193042,-12.643697983761154,-49.41485226739738,-3.0437145589729795,18.99998430808399
0.6453358345472119,-12.603815336732193,-49.101327452828905,-2.9912715017367475,19.360930653990685
0.6055836177915184,-12.524046796020633,-48.432686729081894,-3.0239807144970143,19.71413400045425
0.6024499002575026,-12.51979389365304,-48.4022449016086,-2.9836371239717607,20.050276829973107
0.6301799874180711,-12.469320118650515,-48.000268829002806,-2.980154757041916,20.427203581664156
0.6739546982518224,-12.418692104627505,-47.57022176615621,-2.9501915648305186,20.812460883977952
0.6619291998885459,-12.368416073227452,-47.18714500814472,-2.985923826323912,21.18886680831918
0.6639804499957133,-12.357903416428218,-47.15227375632288,-2.8812796353710866,21.49519046551028
0.6907678581066494,-12.267375053972366,-46.74038279900691,-2.8226492980643485,21.85651542679823
0.6941426460849893,-12.215830417924947,-46.294137959744496,-2.7898695150758925,22.185910900213116
0.6867599743726193,-12.15354842507142,-45.81885958155949,-2.663191591834291,22.49777140020884
0.7040985956293423,-12.082337263253448,-45.44654990393175,-2.7002412499575,22.84712334448355
0.7511153488183878,-12.023006598514892,-44.99765185562682,-2.758411651753164,23.359044875010277
0.7902342679981075,-11.973642248121436,-44.62415931774426,-2.614268132210441,23.53899317885356
0.8092513583693564,-11.937839029478866,-44.24909426407901,-2.5831101274126382,23.82082082145436
0.8122232603866475,-11.929220513628723,-44.207487635836934,-2.638696437005123,24.363229042548674
0.8437134140850144,-11.837899067903459,-43.7666254840598,-2.5664455169886935,24.471857374248483
0.8525919333658964,-11.771485923519085,-43.354437712810764,-2.5652075959101666,24.784025744173512
0.852317992965889,-11.766418026118945,-43.316770907809726,-2.55356461605588,25.1175310355436
0.8325756691776659,-11.65385167240144,-42.55965808101229,-2.521051018036573,25.40726753376722
0.8308050348428274,-11.647359346507034,-42.51967125561718,-2.502858749657179,25.78363856992013
0.8095850916763678,-11.598159310426368,-42.10839445849098,-2.5277903999526643,26.204574261972564
0.80078125,-11.550526828626218,-41.757437020587254,-2.416675901497115,26.46521673628448
0.7994169347426471,-11.471234489889707,-41.32913028492647,-2.451651777839217,26.86912736385614
0.7466587354210595,-11.422379497232471,-40.93861418385389,-2.3178193950551247,27.115572423892907
0.743659550853321,-11.41538139990775,-40.899291541743544,-2.3392861907582017,27.49352211445236
0.7201726307162625,-11.360578586254613,-40.591351922168776,-2.2744408991808456,27.739627060274458
0.7255687710278581,-11.308731488464131,-40.34183080125729,-2.284806120150563,28.070644830345255
0.7437274732186959,-11.265662625030872,-40.08161918355613,-2.4202015676895883,29.3670799735032
0.7487461930614406,-11.209908917221549,-39.67971764811592,-2.400735725453586,29.71817800523642
0.7502144358637258,-11.199840966577309,-39.630426639753495,-2.3628166329000777,29.983792860785986
0.7576999058710949,-11.128456033494984,-39.273891076727715,-2.175119265378072,30.62613553399888
0.7482720681024692,-11.020213175957231,-38.55897487761852,-2.016373596086538,30.653910885148786
0.7504481063404387,-11.013995923848746,-38.48716561576552,-2.022799576906081,30.95802139788725
0.7601855326034609,-10.981049925995583,-38.171506729419924,-1.9320825966529185,31.15508220219542
0.7628616158544965,-10.902523867233308,-37.86628108051158,-2.0273041930303606,31.743019329445392
0.730573910836494,-10.885611259842925,-37.50957881555079,-1.879656331558266,31.741979601391193
0.7270623763192612,-10.883771884619613,-37.470784719931835,-1.6727632987869612,32.078304890844684
0.7139376466734719,-10.80219043346944,-37.18212820741339,-1.7452975572448395,32.60558703785485
0.7017521742062887,-10.747442411677806,-36.835296179349264,-1.7631925233867918,32.995979908835736
0.6925625233179017,-10.717247844473105,-36.585862798093046,-1.738711914783977,33.27802798852613
0.6691832201209097,-10.668416385040228,-36.31073952749966,-1.740228723555873,33.54565945898675
0.6425573987697958,-10.627908961269796,-36.080089702955306,-1.7245378579359567,33.82014476792293
0.6466631661603163,-10.608374391384526,-35.88611023817263,-1.6986265737379256,34.04967990519819
0.6501952503117703,-10.603076265157345,-35.85961960703672,-1.688147031402707,34.308861206424794
0.685497849945606,-10.55012236570659,-35.59485010978295,-1.6963675254676502,34.5862770401784
0.6739709407312647,-10.485067284919321,-35.061191510799766,-1.6384710121221673,34.75682405431614
0.6754489284175589,-10.479598730480033,-35.03754370781906,-1.665058550794285,34.974040951025806
0.6760083448764297,-10.47752888958221,-35.02859304447713,-1.6814206537798384,35.23993392378494
0.6930565076588502,-10.4095320477969,-34.578323710523826,-1.6238969889347885,35.40009211544641
0.6931324740552296,-10.409076249418623,-34.57080303728227,-1.6477064139041602,35.58727949327773
0.6988230198884399,-10.398608768935933,-34.48915035745857,-1.6225668640704356,35.80089481654926
0.7226051050525962,-10.358298551854856,-34.22901352324866,-1.5867620000988865,35.986518451235376
0.7283012566837679,-10.299409800520916,-33.97670228368225,-1.6772517228246926,36.14086315001316
0.759343889091303,-10.289606863971168,-33.77410826165413,-1.646977898356667,36.39727577144543
0.7617977004699563,-10.288831976167382,-33.75809391370923,-1.6198564896293846,36.6021437347541
0.7457130080956152,-10.282815323741604,-33.57533379442094,-1.6286142550673333,36.71050802980966
0.72998046875,-10.2783203125,-33.4326171875,-1.5925513350960472,36.91913075443254
0.7284246664956527,-10.23164624486958,-33.28248226995549,-1.7306544910673125,37.092961043929265
0.7255345689092274,-10.144943317276821,-33.003587852865444,-1.6853332895858557,37.20861127562303
0.720664729572081,-10.107454840771446,-32.843953224285144,-1.7178571082508398,37.458503099723586
0.7202390832878276,-10.105113786208053,-32.83267359775243,-1.691928334242391,37.61492304513395
0.7212326662435807,-10.086937331523155,-32.71810351744865,-1.608826827846002,37.77607677146304
0.7032845690359477,-10.04413802279726,-32.57451873978758,-1.5879673841415212,37.949240253245236
0.6882379354392503,-10.003928304257,-32.42913202678034,-1.6105343512366943,38.15610016672299
0.6703084054716897,-9.986414390062265,-32.29496002060563,-1.5572454870272736,38.33059204106865
0.6335670130800932,-9.989353701453593,-32.14652479534357,-1.508621658588936,38.53686264654929
0.6258657127698889,-9.98996980547841,-32.11541154209035,-1.5365342724864632,38.76083210471249
0.624886723519536,-9.948328039148352,-31.99030055231227,-1.4756197008081529,38.934605313997466
0.6252243993379515,-9.893475722351806,-31.82333564300903,-1.352020949784702,39.036800708486425
0.6177861970677364,-9.863722913270946,-31.67457159760473,-1.27290899899792,39.135155968439065
0.6062525699013158,-9.806361148231908,-31.5382080078125,-0.9900471586367132,40.043540318244396
0.6178559120811711,-9.804461372458118,-31.404977516146772,-0.8604436675124845,40.239660398878016
0.6009840248006919,-9.802774183730069,-31.249756153166366,-0.8552575757534839,40.40709340373943
0.599166190724654,-9.802592400322466,-31.233032079666817,-0.7649461944374423,40.507045727896525
0.572174588597534,-9.748130460024328,-30.97294507189608,-0.7374834482085646,40.662645378087674
0.5722401695793838,-9.74263517880224,-30.960983361832184,-0.6562813387434403,40.860250137198385
0.5963458957878248,-9.652634316078409,-30.84276063822143,-0.6104995587701012,40.886885596773716
0.5955253104610974,-9.654549015174107,-30.83072538676276,-0.5590355289355387,41.049805202453605
0.5883206639187888,-9.67135985710616,-30.725057237475568,-0.515830737887228,41.20956893816441
0.5798345709694859,-9.68017617231299,-30.626225200349392,-0.4040998609607698,41.27083655508154
0.5680898459850164,-9.659210977730297,-30.468484591796596,-0.15667586945001233,41.457596740530676
0.5665804241334841,-9.632041384402715,-30.32207067219796,-0.06801132184241965,41.53836546477798
0.572881760940053,-9.598687198946418,-30.20156760620915,-0.05114426740539102,41.66195388233613
0.5628987990116783,-9.56518564503185,-30.057023547141203,0.030090448565800898,41.8370630099053
0.5607913100955498,-9.559437947987863,-30.031542090246194,0.11174893750337844,41.92545455124068
0.5458674026747882,-9.509393207097459,-29.77763547735699,0.19884558245325934,42.051017504062095
0.5457143960603309,-9.50755712772397,-29.76462991512813,0.3107341511114612,42.341890491678505
0.5445736744364754,-9.493448226178279,-29.649177926485656,0.3654119770822888,42.483296771150954
0.5446693043331077,-9.503866909804502,-29.507562574052134,0.3771863607360899,42.61323444775907
0.543713734290369,-9.499407582938389,-29.493069761737264,0.4437054414386239,42.681175496149855
0.5391726172719815,-9.431908671706037,-29.257722374256563,0.5425133372300053,42.83938562432512
0.5404097979318928,-9.429434310386215,-29.246835184449345,0.6269178736433929,42.965788405651274
0.5488471792457525,-9.428448455543204,-29.14080841331796,0.7692238145749997,43.091206664573136
0.5556324188418752,-9.439304838897,-29.03224457978,0.7226345239697451,43.21702713567567
0.5422488024635036,-9.389107407618614,-28.908174612226276,0.8140743203374967,43.23788228183995
0.5308107707471958,-9.361522094266824,-28.777084038264235,0.8717857098623227,43.32954205928978
0.5274378962537867,-9.38175934122728,-28.643855495774574,1.0384938414006513,43.521018039445025
0.5254172024545869,-9.382163673121216,-28.6349992586289,1.1072651585617024,43.499736348010046
0.5325707424159513,-9.353205278587675,-28.46000938320287,1.1590793101694885,43.63121665367993
0.5362042536295701,-9.35039756537715,-28.449274009162632,1.2150303192770195,43.75979046855832
0.5581630391787427,-9.33105864718858,-28.37769940578503,1.2505507801582354,43.84412989131443
0.5765940780345077,-9.305076239744208,-28.289343120324567,1.3521351136046746,43.86795561743214
0.5778869864563224,-9.302777735883204,-28.28172932628499,1.442614855292831,43.89762025184517
0.5896376915419884,-9.281887593508687,-28.212530729669403,1.4286034479524545,44.06602600093184
0.5812420780852128,-9.274339106265915,-28.086126755609996,1.5539260633708238,44.04564643623296
0.6117145647321428,-9.236124441964286,-27.892462332589286,1.7611068580424387,44.207234056724104
0.6108042689732143,-9.234303850446429,-27.888517717633928,1.8387945974885866,44.20996184879937
0.6106690676504267,-9.246448549102773,-27.82769561299253,1.7858613208666583,44.37060560835396
0.610837091146649,-9.247540701828218,-27.824755201808642,1.8895763520547462,44.37706151328805
0.6138839134005437,-9.217707064878795,-27.76761750608858,2.029255510838027,44.420105518626684
0.6072345620537255,-9.174372177603987,-27.677259262166373,2.063796594499948,44.47194919396093
0.5932918531673878,-9.190638671304715,-27.569203268297255,2.088042029787019,44.69024189851539
0.5928022199176143,-9.195786390041192,-27.476739311675658,2.205265507516131,44.97827044656323
0.5735212796035125,-9.168212955590574,-27.395926450655267,2.2230854084065896,45.02261058720608
0.5692907214608834,-9.164511217215773,-27.389580613441325,2.289077857118869,45.12053096544453
0.5528410883767833,-9.151203081907587,-27.308470894514265,2.3144634612744284,45.17081957306743
0.5426820527522935,-9.142750218009365,-27.220558656465023,2.3796084976516454,45.28888312404293
0.5823493047591743,-9.124569394172878,-27.156099371953843,2.468169108928876,45.34444018108988
0.5697047437131156,-9.076506545488291,-27.095583649963114,2.442612312729139,45.52098988983096
0.54931640625,-9.084318171786723,-27.021727136299436,2.610662545790831,45.483769172614
0.5498805447954578,-9.08193403279544,-27.016266093454515,2.6224305128329632,45.58119211632181
0.5551299253929387,-9.058311820106775,-26.967709322927817,2.709540779486332,45.6730523744926
0.5596346824490066,-9.038316738953974,-26.91015159818775,2.7013080634593365,45.80617969536285
0.5612892565243058,-9.031698442652777,-26.84727778332638,2.829290733121539,45.83210317412282
0.5652325970087622,-9.014688694212031,-26.811178403185743,2.798362057398748,45.88497313449624
0.5592927285464292,-9.003800901351786,-26.773202055505713,2.9306259861060227,46.00778651685389
0.5562685517455255,-9.005312989752237,-26.769573043344632,2.8880972468869572,45.92797076120177
0.5366792189793731,-9.00181444224281,-26.744847299418435,2.9263931589607353,46.024536248660326
0.5167094232465469,-8.977565404567235,-26.71774543378103,2.9946330842913085,46.061288915627735
0.5237618701312516,-8.971415057985157,-26.702230393059374,3.0571475643403545,46.0551925241047
0.52510012164706,-8.97685300335294,-26.6757935769853,3.13158925590659,46.11839723997333
0.5120627279236031,-8.977649161189632,-26.648554439616984,3.132462602990401,46.224317025903275
0.5102997807040135,-8.976699881917545,-26.648147605643235,3.1814531113216447,46.1812202001856
0.524095883137874,-8.937982775146594,-26.69007311224346,3.277072338085972,46.17961703016598
0.5260148728985012,-8.975413188044962,-26.722242356631472,3.349606878387206,46.213476397584486
0.5259549386682789,-8.977211214951632,-26.72350097546614,3.4270636664531793,46.192395293841905
0.4996077934266981,-9.006681183306391,-26.781439415041344,3.5337401797254984,46.17046359875295
0.4979613048026952,-9.006543975921058,-26.783771940592015,3.5677469058928892,46.157621844709844
0.5045619593173416,-9.013065024175507,-26.809500601418353,3.643923938313364,46.13487709429957
0.5047455160860514,-9.013202691752038,-26.809959493340127,3.6299147073748514,46.113231875249646
0.49272152149560366,-8.998703090653533,-26.902511849530775,3.669029492133646,46.04780641521108
0.4817437708133713,-9.025363342310383,-26.9793561043064,3.759779373974439,45.97979181764234
0.4762160922366828,-9.032053358618342,-27.066340042372882,3.7314762334147957,46.09911949457436
0.47461251123069276,-9.03223126684604,-27.15385720532574,3.75361439454268,45.938352206779676
0.47472003914015903,-9.032392558710239,-27.155523887922467,3.8054762577048677,45.891949058767
0.478515625,-9.054582282046955,-27.274990681138807,3.773545870738147,45.81406875824749
0.478515625,-9.098365558053121,-27.435923803756065,3.8422543556077784,45.70548311073586
0.478515625,-9.12841796875,-27.54638671875,3.8694096603439903,45.58175222252621
0.4591525386117522,-9.150685518096484,-27.645138459330063,3.8344249082310284,45.64990439854485
0.4301781216714007,-9.184006097577889,-27.792907985725858,3.883123445029227,45.49195019413162
0.43475252966009453,-9.187946998940063,-28.003076372313878,3.8399877518011607,45.336387511437536
0.43497483459540986,-9.188095202230274,-28.012190874661805,3.8068602828211198,45.150925597927674
0.42936343410039635,-9.206661765461607,-28.191306683120047,3.782372029361568,45.08294312500537
0.44745838344434025,-9.273380949494527,-28.412402263465342,3.9343855463562107,44.90691229066954
0.41514631778433614,-9.299230602022531,-28.57611672947603,3.931196947505427,44.78331847749586
0.4317230148883375,-9.331641564002403,-28.82483394802652,3.8059683257711328,44.34412813531216
0.44852409015715466,-9.364193647335737,-29.074749942650175,3.757104513997831,44.212665836037075
0.4489279621588089,-9.364976149338942,-29.08075753867478,3.7127742996187862,44.09265152369796
0.43222833884022394,-9.41675797244139,-29.330712158150046,3.5014111120672027,43.898015677648495
0.40817253709739604,-9.56558262701302,-30.250311695401408,3.551405604122209,43.73971614682365
0.4077375206896781,-9.567757709051609,-30.26367291363846,3.5362885871657,43.59261578550433
0.4074679074564824,-9.569105775217588,-30.27195389151518,3.4452475286382196,43.13240566780132
0.407668103109536,-9.656707424505152,-30.56445403604638,3.3799539622839347,42.94258161673536
0.3832293430846522,-9.725151990024527,-30.911634751318836,3.272896992479062,42.71772966491593
0.39211489074108835,-9.850501688529976,-31.62882300445335,3.201685070603588,42.41336711547343
0.3883557194514701,-9.863146173776872,-31.714600458425544,3.086729776070669,42.21788233684321
0.387253015055673,-9.866855270380919,-31.73976216782055,3.063306050226501,41.981434906026095
0.3359922087587242,-10.006351753828518,-32.35008167163677,2.9985594591837668,41.663610382594776
0.3360874470316979,-10.007208898285281,-32.354303901738604,2.9315507959613853,41.53078522512542
0.3411000838015662,-10.052322629214096,-32.576530798536105,3.084322244886067,40.92216169885376
0.34565065253367916,-10.092006764865284,-33.03141376853321,2.8573598861472362,40.65228237160799
0.3198906599312384,-10.195046735275046,-33.47842540486969,2.5463688486789806,40.34402337162593
0.2936912469173465,-10.28823943684507,-33.92041060624808,2.7174553308692424,40.01028354570129
0.2932382488501382,-10.289673930724563,-33.927859907797725,2.484022573045536,39.75115513419125
0.26861435391209,-10.367649598028382,-34.3327861801123,2.3784651419167915,39.43849664133511
0.2721945681665386,-10.42690769214608,-34.83138239681377,2.397663931104077,39.04873019145729
0.24954134656071417,-10.525686672056429,-35.316029477378926,2.4202614111977,38.653905898034
0.2794624139496051,-10.627418301178658,-35.773821808428956,2.3841146746922988,38.32165582068331
0.2664483263620215,-10.719487353550138,-36.24330845250246,2.351190605259731,36.96085676471192
0.26550740270776757,-10.722216032147474,-36.257986861508826,2.319974709744102,36.622479081034506
0.23792037495806173,-10.809803594109471,-36.725563470571316,2.4465031714793355,36.22921736582217
0.22703936056125384,-10.903069431796396,-37.198110381518404,2.4539461347310407,35.2919031744811
0.2386986474156358,-11.033676616577793,-37.75887855556156,2.4099459530353755,34.91174809433343
0.20661526547920758,-11.097882697537752,-38.22508138477576,2.3596334079406347,34.64621249479522
0.17873698955286715,-11.172649853831539,-38.70102581905577,2.2357286891780888,34.27960071857191
0.17935756503146327,-11.179476184096096,-38.72662455754786,2.192387796238961,33.868478334208135
0.17682347519339345,-11.284831302014592,-39.245221660640304,2.0955663442090184,33.521680828757006
0.16028938343804994,-11.355476966787423,-39.74425061180158,2.0669195642575033,33.14818216689449
0.16279350729549633,-11.460755112591912,-40.25875262092141,1.8883579676570577,32.769126072438766
0.1678083648222145,-11.56049518527768,-40.772901035332694,1.7913904789721045,32.44240101885555
0.1557214311842855,-11.614298100065714,-41.217544610196434,1.788637056998411,31.688779697078793
0.15423081654322265,-11.615788714706778,-41.236177293209714,1.7283879043146015,31.311722950939384
0.12036325005135089,-11.667139746660999,-41.64965217611324,1.6230772339650343,30.970680131571626
0.0749493432460448,-11.76109955384439,-42.18992106741774,1.5855093995681102,30.800424011006463
0.054290084287813345,-11.861180347485307,-42.713641544996285,1.528681716834555,30.30781932284691
0.04594626280546955,-11.925798837617338,-43.24218472502229,1.342472145174952,30.060323536402905
-0.03195511667351974,-12.15603326496325,-44.48497370669716,1.3671524876083936,29.512260477820774
-0.028365285773026317,-12.161642375745272,-44.52356438887747,1.2554445642702206,29.113932818039295
-0.02734535618832237,-12.163236015721372,-44.534528631913034,1.2175124149779464,28.680854042410513
-0.007028695993108323,-12.208046381455425,-44.84759472949616,1.1056336897178767,28.271778543447137
-0.05876631803322142,-12.274566181221285,-45.35905807880699,0.9305196831278266,27.83732417168679
-0.06183477507648095,-12.364123418597037,-45.90446576137654,0.8370109890427386,27.438400465144372
-0.05167401378512199,-12.432030596495855,-46.30430994914195,0.8087530359839263,27.01628485137888
-0.051818109419811714,-12.433039265938682,-46.3110464200637,0.6632757824800422,25.417932861650044
-0.0759123342211794,-12.579743294580279,-47.334809256802345,0.451636003900191,25.53962735101538
-0.07623892369013333,-12.58166654367523,-47.34838086362332,0.6197883485662317,24.1050445992134
-0.07522694172546938,-12.64204042816702,-47.926672864856535,0.6616014260245606,23.859286072880245
-0.0836497382573829,-12.683876011700187,-48.48644514012644,0.41027071561134676,23.536830131458427
-0.07570139047081963,-12.75336279891546,-49.08707488408692,0.39359022917682296,22.9472081429583
-0.08587231157699146,-12.810801309466394,-49.82065813211344,0.18348105303299178,22.823654900721202
-0.08591388853821452,-12.81375327371323,-49.842860229406554,0.14887439443729988,22.420894608069467
-0.08650086782457243,-12.855428803044642,-50.15630716832168,0.17160794994879325,21.881041219958888
-0.08749198226100051,-12.925797928031036,-50.685562277374274,0.14910311696969814,21.36077900440611
-0.10675619018455523,-12.955094486983398,-51.23206012642161,0.20593111155992005,20.921028960227204
-0.14815212879506642,-12.968752779589659,-51.8230883835389,0.13271499514056018,20.358732712057744
-0.15241879892077798,-12.972507449300284,-51.85517374288425,0.520085008215716,19.492955811188295
-0.2070182025002438,-13.018879160723865,-52.3958300952677,0.4311455233493291,19.144974249528527
-0.23658917023234835,-13.040668294842257,-52.94678391511849,0.46621826118891363,18.694992337464804
-0.24403252817899568,-13.045833579407397,-53.065658611708386,0.17989742907461448,18.45892883678524
-0.30011434534455994,-13.079482669706737,-53.63448847153054,0.16281766513711204,17.90956751519337
-0.32255857315610503,-13.08744136918099,-54.21345839868463,0.528853031119084,17.25958658223346
-0.321943330543547,-13.086333932478384,-54.254310508158476,0.2694189309964372,16.727221285430616
-0.31781376329257605,-13.074140805470368,-54.790636870594035,0.2799386071496883,16.251429053559974
-0.33905202701770837,-13.070711270652893,-55.257155487368635,0.29944379117583253,15.687002615808838
-0.3667046707995115,-13.049009011090043,-55.63819324244289,0.38811226794976506,15.182741020051495
-0.4096412644680177,-13.014955850594331,-56.111976344991916,0.40512164110231197,14.597425165178691
-0.40671950770696225,-12.937622093802918,-56.56765501947788,0.5213255975938011,14.14125400179007
-0.38471498508361174,-12.827036328569271,-57.06510047598051,0.4993779777948788,13.555055030105871
-0.38796145840737845,-12.812552062970926,-57.13677261782058,0.6006599195495141,13.150335586241178
-0.41310501305615843,-12.68335716011598,-57.743576306463645,0.6343652272967404,12.552221885939908
-0.41512179549924777,-12.606719427278584,-57.99365732940672,0.6930829141844157,12.091737965304484
-0.4171613385491171,-12.529216791383552,-58.246560667590515,0.7696225653980235,11.47209080987762
-0.41392087688376866,-12.442971847147637,-58.60962809846557,0.7613305880296934,10.99197484189731
-0.4130652486636137,-12.436697240199834,-58.62925050564779,0.759099382194762,10.465035301072001
-0.39664048167455085,-12.316248948946706,-59.0059251619303,0.7933925714733334,9.96006451400582
-0.37802190876628183,-12.180290335095656,-59.42974427100679,0.8981681733665567,9.489672641660801
-0.35555345479943756,-12.048288168040445,-59.765366802136526,0.8772876210748421,8.974138093496142
-0.34184107961805854,-11.888499117430477,-60.11047706977443,0.9307606145466281,8.506358045935592
-0.34423828125,-11.813661121956061,-60.23430003887639,0.8898592863992434,8.052441705362055
-0.32633177713646255,-11.571324070218848,-60.69920089196238,0.9792506412094895,7.564018564380592
-0.3244877203808601,-11.558907421397791,-60.72268188131705,1.1022107598455193,7.020129640592131
-0.3033479574223245,-11.402620199223245,-61.00224998951141,1.1157294614763202,6.477273340475491
-0.3171428708538083,-11.263736659244472,-61.222052796759826,1.137773281629606,6.024282836179952
-0.3606239271145687,-11.166663686429358,-61.383228601356144,1.1890557893847102,5.5400838238275645
-0.3555688423603579,-11.152621784334327,-61.40101501067652,1.2155683374542008,5.047492364694808
-0.31468786019184186,-10.975975662020396,-61.627121239963465,1.1977288195982538,4.609850579659837
-0.37301020079574077,-10.800353011578315,-61.84156795938764,1.246155067312344,4.121733683357735
-0.4191352804055988,-10.602015169255925,-62.04759331497834,1.2700463975033216,3.680446599781412
-0.4389359579017434,-10.40635318409667,-62.22882920207528,1.2651829522940687,3.261652307296277
-0.45969688841201717,-10.216729814914164,-62.40307721968884,1.2539986757305428,2.7604732850366824
-0.5027139647517083,-10.049603001111864,-62.52912026997673,1.2950675955664934,2.318068957383074
-0.5036293962186813,-10.032994458782497,-62.53578984209325,1.3242720830670294,1.830856996219465
-0.5140736370464185,-9.843506089479265,-62.611883596695336,1.333718546342837,1.387175224133089
-0.5269821620896672,-9.671215106862633,-62.66898492016528,1.333969766557999,0.9634314421667036
-0.5395401594851592,-9.509007640504194,-62.72130990931316,1.3895315250832283,0.46457242401854143
-0.5473973382032743,-9.284276708546551,-62.71502551867053,1.6149838863478294,-0.2641421744109219
-0.5410741263073583,-9.099325270559243,-62.64211851663717,1.673954352201605,-0.7128323956257192
-0.539702371514129,-9.085950661325258,-62.63285917178287,1.7213734719806268,-1.2289307897057384
-0.5392049047558762,-9.081100360432293,-62.62950127116466,1.778971742396493,-1.7039833372406474
-0.5306218404985259,-8.997415483923128,-62.57156558742755,1.8484667497219505,-2.183388102056444
-0.4706617348143097,-8.867386254852077,-62.44808502773552,1.8635430496131988,-2.5990082976946476
-0.4740063848323003,-8.752095078459988,-62.35433000865813,1.9074288209555874,-3.1506589298699392
-0.46806358516488233,-8.617787805976342,-62.20932569677313,1.9991048817977486,-3.6145581589620757
-0.43775311181967874,-8.48672646861278,-62.04796632608476,2.0401424262284706,-4.047062694537525
-0.43319961927528694,-8.48041033379314,-62.03768424614581,2.0825212322953917,-4.4883520690347325
-0.40135202762495736,-8.343746668159332,-61.87977002969336,2.1337947268434903,-4.87786179175218
-0.38607086181640626,-8.174332478841146,-61.65284434000651,2.222758616837467,-5.343675627193892
-0.343306229652159,-8.045941275059972,-61.4175199596256,2.272593807845425,-5.74899760515791
-0.29298046339530504,-7.953341865147361,-61.24037326240148,2.3991570396742645,-6.191364737073161
-0.2530364722874475,-7.790785899425961,-60.99115045198596,2.481262636723656,-6.640442278973937
-0.24972936711778249,-7.776297629158857,-60.96926056538675,2.566389287459515,-6.942523777106871
-0.24679206606409865,-7.676083050813318,-60.75535244239348,2.6558250308744107,-7.448746036850025
-0.13073633568607515,-7.450955448770432,-60.14131974060777,2.6929079004481764,-7.816887506108689
-0.12461759289582763,-7.433254799984359,-60.096084749265586,2.7479647393081024,-8.237448545276308
-0.08136671550561139,-7.308136190391233,-59.77633719141648,2.8496125907427228,-8.614531703058
-0.07719666799456458,-7.296072838662847,-59.74550862588839,2.9279481060858785,-8.98790222903751
-0.05834321644992923,-7.224979819090588,-59.54359180102176,2.98493307535135,-9.353559271962045
-0.04095218784595743,-7.1456789079797876,-59.302999440469655,3.064769304727804,-9.657747834249218
-0.02197265625,-7.05078125,-58.92578125,3.1812811185404257,-10.038872743533897
-0.02197265625,-7.05078125,-58.92578125,3.215682360249957,-10.47010826035793
-0.02680233369175799,-6.990410281978025,-58.76881673314286,3.3328264205046594,-10.83828116881916
0.023987194835031003,-6.945988049435341,-58.580029253625995,3.416321568975377,-11.171612492275377
0.02366498975863596,-6.942443793594996,-58.56967266188473,3.5005649244964303,-11.576138490035902
0.01648825011071745,-6.863499657467892,-58.338991744630206,3.6209315986218087,-11.863946707269188
0.009623335778343666,-6.787985599811781,-58.11833378394676,3.685346102898947,-12.243763813420188
0.0675649722511919,-6.637860594830155,-57.56244936773689,3.7593782309364343,-12.58167182202812
0.06951512499600929,-6.632660187510642,-57.5409976875439,3.8836674989789515,-13.051763024208311
0.11076615303650693,-6.446453782918396,-56.911722338207944,3.941206132258557,-13.395737464763034
0.11295981640576837,-6.441550300092988,-56.89417303125385,4.0326541616989715,-13.704788656423277
0.11506136638316346,-6.436852717790575,-56.87736063143469,4.144277714993592,-14.02366484735507
0.13885220853797625,-6.3836731882680535,-56.68703389419619,4.24207291083151,-14.292370324058332
0.1409656991402429,-6.378948915157104,-56.670125969378056,4.343698467858218,-14.604664463144312
0.17012593458586808,-6.343379050080545,-56.56073817353343,4.398605370665422,-14.873260756250035
0.17686739198659654,-6.290352896914044,-56.42580229327702,4.508328220912148,-15.081704551731452
0.17251201281531708,-6.282730983364305,-56.40919741018652,4.5619681938418495,-15.387621015015133
0.1643972404756148,-6.2367641915929815,-56.22406267269964,4.601662305497314,-15.676752539335943
0.18278589381189148,-6.206667832549721,-56.00185727283484,4.7205634086557495,-15.950124140935783
0.17959159339747843,-6.1433411657058725,-55.80229437106005,4.794182359599006,-16.15014100236314
0.17638142863938874,-6.0871632824393025,-55.624130226986075,4.93425643502853,-16.394717063207096
0.17612050626488154,-6.082597140885427,-55.609649035200924,5.048761146641041,-16.716148960376483
0.19708914474223257,-6.051090682559321,-55.434562417723626,5.116981446944848,-16.916249305281642
0.19859288201682163,-6.0159981269150995,-55.293919887758214,5.299982218474739,-17.096462612742428
0.16612972081882896,-5.976700615991214,-55.22728497793075,5.433083453083071,-17.373099967688454
0.15890738241557084,-6.001079078213725,-55.02861611228893,5.519119066871525,-17.536513073794207
0.14429029579707894,-5.969168483433033,-54.90737829688471,5.631755711076167,-17.720155724388817
0.1490203623498032,-5.956160800413041,-54.77020636685571,5.7954736388287245,-17.95843106037204
0.14935186585316226,-5.955249165778803,-54.760592765258295,5.871751414117469,-18.15682536008893
0.13381310918262654,-5.941347946336965,-54.667876189356555,6.082458133240436,-18.399674177243703
0.10000422185063784,-5.925760140746811,-54.60083613405829,6.171430755108446,-18.483367902424142
0.09521484375,-5.940800947827825,-54.52600092450693,6.328724425699775,-18.64946135403123
0.09254915142642511,-5.922198009698768,-54.44732573778621,6.485581401144884,-18.76170633578345
0.09224644244877697,-5.923787231831421,-54.44361755281002,6.558875710484742,-18.911813955445812
0.08679699443619526,-5.952396833897475,-54.37686181465589,6.6174715260595605,-19.096425441266977
0.08440129889754505,-5.9416580187582655,-54.29328469194288,6.725517360413292,-19.191623288008685
0.08245021931998414,-5.917864201278747,-54.20305607528747,6.871243093201343,-19.38047773545974
0.04038477812653865,-5.909548982212012,-54.11990388462012,6.970564388069988,-19.497931126084545
0.02095690623461349,-5.903571175476035,-54.06012581726035,7.048770846705139,-19.577986485914753
0.032974402974277436,-5.91956954080185,-54.01555085903436,7.102756784668301,-19.682162180575673
0.03641807304777049,-5.922668843867993,-54.0126237394719,7.161065267169164,-19.77138100231979
0.06679203489431487,-5.908093866731961,-53.91211613691235,7.215274778791496,-19.922846471914895
0.06265516809402333,-5.908610975081997,-53.90746216176203,7.244613326119463,-20.007466150141195
0.045730530237166674,-5.9086759657115,-53.834040321172,7.293796340448267,-20.09040466158781
0.04440797868034241,-5.904708311041027,-53.72294599039876,7.385894024067511,-20.190707564617934
0.0442739911044899,-5.90430634831347,-53.711691034027155,7.432698021522285,-20.271427779752262
0.047321024351887155,-5.883066041388677,-53.631758497545746,7.497985769324458,-20.41300948360474
0.04342919685990338,-5.853507510567633,-53.55872829861111,7.533931124179858,-20.450683401281744
0.03956804139011103,-5.823847786069857,-53.48472695195957,7.56086858519636,-20.56337278777151
0.06082401457876997,-5.796518677684438,-53.40273962680332,7.624665307303417,-20.582603430561193
0.050706014291480854,-5.765606115987333,-53.295935604841034,7.696814994649131,-20.698322351665603
0.048130580357142856,-5.763288225446429,-53.287179129464285,7.734582390988237,-20.85456393887147
0.04853189294500919,-5.762290796452002,-53.27524351225397,7.790533952380997,-20.967307372289127
0.07049715659470639,-5.768148200091922,-53.213740774034825,7.833215683626804,-21.04290861761739
0.05762800660020595,-5.771484375,-53.121606374225465,7.944315501476012,-21.084782282347817
0.041921825242742156,-5.760838935603729,-53.05239561354667,8.054656583745484,-21.09293458062772
0.0537109375,-5.740639138184201,-53.02375295874078,8.122407023694223,-21.16419617648534
0.05537089905464753,-5.70244062746859,-52.96624550143531,8.155087684494177,-21.2645225792269
0.05559020683846486,-5.703317858603859,-52.96397932100253,8.191909899208568,-21.27080847401615
0.05999041364166416,-5.720918685816657,-52.91851051736947,8.232117795182234,-21.35558989898799
0.06549415009310534,-5.718409165485342,-52.87315764146593,8.328464083295259,-21.422452445271027
0.07080078125,-5.7096030185135636,-52.83351210041376,8.349252009485738,-21.480915667576188
0.07393912720423503,-5.701131928886319,-52.84463774238681,8.378514351237087,-21.574737867323044
0.07463633156911723,-5.701231529509874,-52.84364173615126,8.366782237382537,-21.565497994269094
0.08302131019300607,-5.702429383599001,-52.83166319525999,8.377570437516226,-21.580143091580297
0.09209383221964734,-5.704526069073216,-52.84712413642145,8.380269919083972,-21.598035468095986
0.08603092048826504,-5.713438340474344,-52.87557743258652,8.351412694628195,-21.65725188136961
0.0775592672413793,-5.7320952316810345,-52.88687365301724,8.349755458848733,-21.617535149405878
0.07621180341748768,-5.7603919719827585,-52.88956858066503,8.323679551695477,-21.67722073100541
0.08372163003585498,-5.797468836078881,-52.88888298465776,8.257556030399186,-21.678554671838697
0.09089186456794493,-5.813243352049479,-52.92043201659896,8.238069638931563,-21.70970025671866
0.09156560813687471,-5.814725587901124,-52.92339648830225,8.199251847532238,-21.673759377402888
0.09907097714682896,-5.856523045211741,-52.99462440615108,8.159033081948934,-21.742457415168673
0.10100027487534316,-5.860243833688162,-52.996140282937766,8.113450520640754,-21.76940632426871
0.12597201265353664,-5.902829756326768,-53.04488433876668,8.09771254960549,-21.746750518407904
0.1273593022024566,-5.9035234011012285,-53.05632947754527,8.132067588044393,-21.668000527731714
0.1318359375,-5.897772020174104,-53.09858818446727,8.035362116862856,-21.719277883543143
0.09990402747844827,-5.944351091056035,-53.16272898706897,8.059519284896979,-21.726254011453353
0.09860062357378296,-5.947739941208164,-53.16689987956389,8.045511166182195,-21.72145456651364
0.09767506814148073,-5.95014638533215,-53.16986165694726,8.035563220312582,-21.671368094165945
0.09537331230983773,-5.956130950494422,-53.177227275608516,7.97382092783468,-21.69340780561787
0.146038955202324,-5.935329718844238,-53.251488339124165,7.937602459661591,-21.653299325348694
0.13696835769622256,-5.948143117542694,-53.26325339554823,7.937484307432996,-21.61672624225423
0.10863278248783508,-5.9899804387378355,-53.30975697149245,7.9241873308736075,-21.595915735287207
0.11588947386674066,-5.997237130116741,-53.378177204493554,7.887116436384105,-21.559957656196133
0.12249173331590404,-6.003839389565904,-53.44042707929995,7.868936056545763,-21.451140329972457
0.10186521290599958,-6.042917293653819,-53.50682444119655,7.823821404205361,-21.45837994215613
0.13037491806883048,-6.0614899260960104,-53.58106233613766,7.803574398344637,-21.374217338966183
0.1331597957517025,-6.063629767724303,-53.59053011857786,7.74376716968122,-21.33176679083545
0.15662216109228755,-6.092305992029463,-53.70653848053964,7.747059527433578,-21.208656918549064
0.17743537317549218,-6.120212419154908,-53.816865549761786,7.6670282936666325,-21.20874067704224
0.18671094899157048,-6.145388982084262,-53.904320978884805,7.634901430879054,-21.117424966325427
0.17995117099624314,-6.186657228232138,-54.017958011591155,7.612006250406509,-20.98791364129822
0.1780969940188293,-6.190180164489225,-54.02593097259403,7.505462543991712,-20.893036989169342
0.1869345111247356,-6.181806400597604,-54.15566410523485,7.469071413599494,-20.714118479715868
0.19756647110087006,-6.2144808115331704,-54.26718054909013,7.346398458652331,-20.68902046158955
0.205433282403367,-6.256062528417797,-54.37169675639473,7.29495550219788,-20.587830035174303
0.17303066557983876,-6.31767351339957,-54.50517991722183,7.2142389621334075,-20.489855321772083
0.162387373770477,-6.393144822950946,-54.669173428996174,7.138602078421968,-20.27247236248464
0.16927867115096312,-6.446314705473151,-54.84284717213906,7.054389408596904,-20.112714724694964
0.16789904041633902,-6.497498693076208,-55.04495151117252,6.965618410142184,-20.016535845395158
0.13844141797880327,-6.570441377207249,-55.21468352616975,6.876941838111122,-19.837342480830443
0.14070954205927236,-6.6219436649943075,-55.392010458425176,6.756615288440301,-19.659009137904302
0.1416005374610422,-6.625240347980856,-55.40403889634907,6.674950850357078,-19.511389904356303
0.15414622581286536,-6.671659394882602,-55.573405689098685,6.57235322879157,-19.34144603692886
0.16268762066741088,-6.727821322732139,-55.76451865569641,6.515998460359867,-19.101063676498654
0.1624885337365493,-6.732599409072817,-55.77885291471845,6.323920100258135,-19.01431273659783
0.15885547873451633,-6.7939829464461265,-55.98881330951386,6.274236756358889,-18.845268001090655
0.1540879681970114,-6.854371413254523,-56.22401049603077,6.183892460118074,-18.6379691699309
0.12197434029065456,-6.947870068839236,-56.425870431722835,6.064417481825913,-18.46675649595716
0.1203955069071018,-7.022075237866216,-56.70848160737878,5.920429896758492,-18.272750798923234
0.12025426478768775,-7.028713617478676,-56.733763946753896,5.811915793046296,-18.030774350080232
0.12249890835636928,-7.093980495079616,-56.959068208201586,5.68364513644724,-17.854829304829686
0.10281359182637248,-7.176344777798654,-57.182570879243166,5.576067872799555,-17.532571821434672
0.11191785261260459,-7.269806380880586,-57.46780108098184,5.46094032714872,-17.402417423543984
0.12260567911673304,-7.342185788135258,-57.693596637272506,5.320514520693223,-17.179670931416247
0.1258838455794782,-7.437252615554868,-57.982075285994085,5.204854966582559,-16.89590924573758
0.1261655218374335,-7.44542122703557,-58.00686279669414,5.049066967770841,-16.604626779778638
0.09895127294996195,-7.508264364535768,-58.26018404561454,4.926802640337826,-16.35363781219986
0.11412833150287055,-7.613814951880649,-58.52437955191241,4.771043496644822,-16.006878936634465
0.1298756179414265,-7.727086754042867,-58.81986469802461,4.576815037679808,-15.77714630191533
0.11354851599184343,-7.8087222637907825,-59.13334505545661,4.409133778806535,-15.422323384730939
0.10553861267937734,-7.894180800344651,-59.385737642466154,4.236511756292742,-15.153407351139707
0.10498046875,-8.015901772030537,-59.694680782970856,4.121723778038287,-14.89688139992689
0.0966941362365996,-8.136468819124477,-59.99970815703246,3.9131691151302306,-14.510693904675593
0.09202788925631797,-8.239643999771362,-60.278759578807765,3.7491881903159907,-14.25982303007488
0.09249616139750302,-8.243286116425024,-60.28921765662757,3.5648157262573505,-13.903952694349337
0.10440207276668848,-8.335887649296467,-60.55511634387271,3.376504346345314,-13.593421501943416
0.107421875,-8.454756452968775,-60.83933462322449,3.2734021504582813,-13.31751296494539
0.1033982053552478,-8.591221280377798,-61.12544967682134,3.1223313580465373,-12.880294943933633
0.08844352332723124,-8.75422731448318,-61.406597698948055,2.8808592814730503,-12.618580023764409
0.08769216196407725,-8.762417153341557,-61.420723292575346,2.720991745391089,-12.249697472802037
0.06093814673013245,-8.88189252638659,-61.66548368946606,2.629940899558548,-11.842091672846639
0.11753285748209849,-9.142198374479396,-62.29660085465987,2.443088458365537,-11.584076669276458
0.11837983957145988,-9.152044541268221,-62.31269351435774,2.3006477119618296,-11.236519991732244
0.11903630420685372,-9.159675942654674,-62.32516634243022,1.932417697606823,-10.37633354941294
0.1294833680403332,-9.281123059718873,-62.52366055526633,1.8048209548162077,-10.066040384210373
0.12937121271850785,-9.446057285096414,-62.77575439409128,1.631344835881123,-9.674282401665115
0.15172482367962387,-9.64205655409565,-63.01872871599626,1.4437640449437765,-9.257551073866143
0.1900456895140412,-9.813160440842776,-63.22126094825551,1.3592365399686201,-8.928364642607653
0.2417554353412829,-9.97662995990954,-63.41975964997944,0.8847234122073502,-8.167312707598438
0.24634427571931855,-9.991136616588491,-63.43737487594674,1.026227649834098,-8.21084702782177
0.2507888548748455,-10.14304407447466,-63.54654092871215,0.5917644143407301,-7.410273797120252
0.29215796572414504,-10.23405611834312,-63.641689883665535,0.47990019598246647,-7.01421250537214
0.32234396166463025,-10.557132433993837,-63.90928982573776,0.31213588593530517,-6.6867691287540945
0.33131532551529963,-10.706655164838327,-64.02442232848801,0.23861356171597947,-6.266945575141092
0.3321505707474501,-10.720575918707501,-64.03514130896727,0.11469512354796052,-5.944572208437295
0.33245509804637696,-10.725651373689615,-64.0390494093035,0.01212534116986319,-5.584550060161999
0.38877654543456125,-10.906350376958187,-64.12150795748391,-0.022807071805758028,-5.139995123580711
0.37937690625630166,-11.086722550696965,-64.22535632026366,-0.13285001195875168,-4.875987522990774
0.3505803627644392,-11.444200832144057,-64.44261826309604,-0.15761260818342748,-4.570488762979534
0.32649519216410483,-11.590952999313078,-64.52576605245999,-0.24758835863491413,-4.227077219251343
0.32461696599235423,-11.601826940307422,-64.53179614701139,-0.3518897889589425,-3.808067455743626
0.3086718064864696,-11.739616040387748,-64.60669746676115,-0.44108429117248704,-3.4974988744429454
0.3129513532727282,-11.747616932205535,-64.61004667728953,-0.49530977903036444,-3.1647559421687035
0.34465048393390335,-11.806880524311211,-64.63485469258957,-0.5610625703332346,-2.8295804547788355
0.32396718740587727,-11.948075805972902,-64.69401044934817,-0.6719468628091931,-2.5543949395304613
0.27952022718307135,-12.114363208446841,-64.76334990128542,-0.677831948352619,-2.318826291283191
0.27099609375,-12.292915538827012,-64.83574325495817,-0.7705466727524026,-1.9520452170296012
0.27099609375,-12.299473128519377,-64.83844343894916,-0.8505625373954899,-1.6778792366616122
0.27099609375,-12.370369334061362,-64.86763599417233,-0.9407295749758475,-1.3413591128209104
0.237195075456185,-12.486585475015913,-64.90191742338347,-1.03574326958055,-1.0991213540064664
0.21585278467417987,-12.591532303057352,-64.91858691994672,-1.0783320109619865,-0.8286695505108426
0.18586358286132015,-12.682650575617537,-64.91507476701804,-1.1502516212935205,-0.6065072822649549
0.1829475141987363,-12.6841943766742,-64.91421709976433,-1.2605355246714538,-0.38193989908719483
0.1821022277063226,-12.68464188128783,-64.9139684860901,-1.2627941387803503,-0.17897661148966823
0.18414994112056854,-12.757029982994691,-64.92047806612057,-1.3234980409398531,0.07080248960842488
0.14056400110943998,-12.8570553014056,-64.89846785438252,-1.4146864019593721,0.34882130296692293
0.14009290979649436,-12.861766214535056,-64.90058776529078,-1.4781134043135609,0.5662154796901692
0.15550934511805264,-12.868028277087241,-64.89456691320747,-1.5865922739018572,0.7083294466049123
0.17239511931003734,-12.868625812033303,-64.87033478013117,-1.612682765656885,0.9435185480061573
0.1689495771072238,-12.871497097202313,-64.86440079078189,-1.7359046738407216,1.0403803292968028
0.13366825647645086,-12.901774914258066,-64.80363544016387,-1.8228103551964807,1.1498410261208118
0.11757835814345399,-12.938342865014878,-64.77584379758869,-1.8707346267220544,1.3107387423951686
0.12237960237765466,-12.954626814260157,-64.7542214010561,-1.9724861048348856,1.4640321650024213
0.13727124685702494,-12.95620452391639,-64.74099688547658,-2.0816430689106795,1.4957166965655302
0.14142157931571422,-12.965888632986667,-64.72716244394762,-2.206058022979036,1.6412896324069925
0.14459174202588698,-12.97976440161649,-64.70712633308173,-2.303149020737777,1.7180653550428844
0.14486824475615392,-12.981008663902692,-64.705329065335,-2.329946396491266,1.8155733348331675
0.146484375,-13.011511706042212,-64.68175708722626,-2.498324997083756,1.93898005446167
0.17255073906744553,-12.999539628328058,-64.66242501687302,-2.522525861066441,2.0682632689380718
0.1817705305232558,-12.973596929505813,-64.64485374273256,-2.64737550680141,2.0385454054526946
0.17786442942277383,-12.971224497020291,-64.64358777827029,-2.726131942315746,2.1118503108721836
0.17722531582446807,-12.973461394614361,-64.64582467586436,-2.8527618542976256,2.157065292242773
0.17160026965130024,-12.99314905622045,-64.66551233747045,-2.877512057060187,2.1832613784247794
0.175866479272241,-12.96630859375,-64.66038102502222,-2.9594394292546298,2.180801503523783
0.17009563274211711,-12.96630859375,-64.66272543142507,-3.037927125036788,2.2917777999950646
0.13784328907576401,-12.964991726575764,-64.68275521607067,-3.095031483965471,2.2585824399530785
0.1329442074424342,-12.960092644942435,-64.71051667865954,-3.2116377800703475,2.3035518682933716
0.18228460012999798,-12.945823854313913,-64.74311791637217,-3.2068975286841237,2.3574470254633773
0.12046658993984127,-12.94635850190508,-64.7620917890003,-3.2537604837067846,2.3003458775706656
0.14018635926495354,-12.936498617242524,-64.79386252846854,-3.3312343228718504,2.305415480409441
0.15811077171264162,-12.927536411018679,-64.82274074852315,-3.3663314583941,2.2669921296015554
0.1594564483228284,-12.926863572713586,-64.82490878306177,-3.3894998917905923,2.2938169336134253
0.1454456971121245,-12.942933209137875,-64.8174430074761,-3.4207128440263546,2.351715136744254
0.11665128908891519,-12.917497586486101,-64.87640664344725,-3.4321337231069577,2.2668702678507358
0.11811350869866,-12.916975365196906,-64.87818219583052,-3.538880781344645,2.3551882148938676
0.1186499802859291,-12.916783768201453,-64.87883362561506,-3.554281621228256,2.324366359985889
0.13630123364482863,-12.910479749144704,-64.90026729040801,-3.557431954356332,2.2276763323828974
0.1462397915502278,-12.905518020949772,-64.94042348795318,-3.6062971196949007,2.216212868064161
0.143328857421875,-12.887640380859375,-64.98202514648438,-3.6823824859058476,2.1541894926719776
0.14214997468171298,-12.884440556278935,-64.9828672055845,-3.703145931669823,2.1514061080355438
0.10443206919924891,-12.864385623870296,-65.04364472099624,-3.6953325879566847,2.1289554476996626
0.10509014866015022,-12.86120490647594,-65.04693511830075,-3.714397837931344,2.0810492535123206
0.10530659510783728,-12.860158748645453,-65.04801735053918,-3.7302304596723843,2.056875697886493
0.11275420375675628,-12.82416197350901,-65.08525539378378,-3.7302610871379898,1.9974703123742716
0.11860986447914701,-12.806290286197868,-65.12520143098934,-3.730251727860619,1.9121769336940686
0.11904037023495,-12.807366550587375,-65.13058275293687,-3.7254141124628575,1.9146755433510525
0.1217227380755803,-12.81407247018895,-65.16411235094475,-3.7197604629788827,1.9088033657884986
0.10859307825304658,-12.831787949058691,-65.21899665967608,-3.7145921327489475,1.823289557872323
0.0821413046013351,-12.812158458218446,-65.25869735033223,-3.681281213049914,1.813809904548086
0.04468172959973463,-12.761699097813468,-65.29109639332707,-3.6990496953195304,1.7600855772259911
0.07104862915560961,-12.778478033894478,-65.31147081571115,-3.5942987646431277,1.7281930771406433
0.07365380362671384,-12.780135872194272,-65.31348390507519,-3.6142093370070114,1.6831908497416799
0.0956761070318765,-12.794800881490577,-65.33317364017391,-3.6314508115798247,1.5949972425741854
0.03376956966680221,-12.779159848915583,-65.38587729274431,-3.5459463417697066,1.6289568733731319
0.032233913407345764,-12.791445098991234,-65.45037485564148,-3.568000632129639,1.5738901458340813
-0.0040204747430027665,-12.755444487787232,-65.53429509329648,-3.5395961441242747,1.4696017902685183
-0.033621104886849607,-12.784806657330275,-65.56828907363685,-3.4623167777755413,1.3991268300645592
-0.036074805035296365,-12.783577130302405,-65.57418844203129,-3.4245258580064757,1.3673938558293288
-0.05681179049542101,-12.760954964345904,-65.63262903741891,-3.3400171323153103,1.2611681230691836
-0.09815148804739585,-12.782216614775457,-65.73001128686673,-3.2908005594261027,1.2253878247046477
-0.1416015625,-12.8125,-65.830078125,-3.26748971620016,1.1899387822992922
-0.1451855992978336,-12.808915963202166,-65.85875041938267,-3.2123288349198873,1.171299122650147
-0.15942570036905673,-12.794675862130942,-65.97267122795246,-3.123962545151457,1.1883418058572894
-0.20603843163107657,-12.803365361597768,-66.05523636672218,-3.0938354900152945,1.1025618866612474
-0.21124299938567273,-12.804938835570088,-66.06128818969265,-3.0066788716293615,1.0630745530396377
-0.2685546875,-12.822265625,-66.1279296875,-2.9611025631592014,1.0141160252990356
-0.2833989167104802,-12.822265625,-66.14539348657115,-2.902457460100692,0.9823731158407655
-0.3310764743274278,-12.82417634141613,-66.20685159605405,-2.8628493744409838,0.9228269447476827
-0.39311339744641294,-12.829816061699674,-66.29567719051987,-2.7641151424355,0.9080496113917365
-0.4003443457914115,-12.830473420640129,-66.30603059383202,-2.6981243967847774,0.8452949900594426
-0.40403602089407964,-12.82907234485928,-66.4053839940812,-2.648025932059369,0.7382127244044956
-0.4067019242705164,-12.829633587675373,-66.410294868722,-2.590934888783252,0.7106894189146623
-0.4508712425165897,-12.828695271927293,-66.4959671011703,-2.5047396048666144,0.7019070582917767
-0.4805005883042412,-12.820614541257934,-66.5565725811905,-2.390391195882259,0.6597279274756512
-0.508372812018377,-12.816078062572243,-66.6224384988441,-2.4043580355766494,0.5685702033788178
-0.5090091955954534,-12.815982605035682,-66.62396581942909,-2.2810731390130314,0.5145291479407806
-0.538419523647976,-12.81329909176103,-66.68707909878952,-2.2148373334402436,0.5438127837425543
-0.5821397851251385,-12.818940415822599,-66.73926134635903,-2.149269112893805,0.48028286797742353
-0.6410359160045066,-12.831730127787003,-66.80314529100451,-2.0700733740666095,0.3373921245080776
-0.7105402661078694,-12.851198310568522,-66.87683781956986,-2.0071888242528786,0.3717118920291316
-0.8276224672906506,-12.86816976308374,-67.06058466011919,-1.961944124721839,0.35338712593379906
-0.8306349632702389,-12.866964764691904,-67.06406576658449,-1.8844895694470978,0.31912217798293546
-0.8315209914995295,-12.866610353400189,-67.06508962142723,-1.7901542281456955,0.3338066934576972
-0.8986144243670552,-12.839772980253178,-67.1426198105186,-1.6366928845562398,0.2604597664569013
-0.9416538768390307,-12.85153679357331,-67.22798057918199,-1.613277667714911,0.2207155650973498
-0.9853806653559603,-12.85996370406779,-67.3084649429153,-1.5305252645212448,0.21234378281785699
-1.0601405763690277,-12.841937510514805,-67.37623433951254,-1.4534230676421203,0.15847171949407055
-1.0621830772102119,-12.841495888711306,-67.37772481309935,-1.3517087762899251,0.1664582508791771
-1.1438831048647924,-12.852890590488135,-67.44000882764183,-1.2647313237719828,0.1257180590288333
-1.211092397958078,-12.882418135629743,-67.48862398171757,-1.1581255707711762,0.07126963999135028
-1.26763438484124,-12.857288363681672,-67.49490642470458,-1.0467954412313958,0.0561769579053156
-1.3297385730962643,-12.848591420842313,-67.5262345938847,-0.9413717103831658,0.04478316996852929
-1.3696720453627098,-12.846281737545544,-67.54364420818152,-0.8068335943101062,0.03184607287573131
-1.4044048498582309,-12.842920498400817,-67.55484833866394,-0.7138602529039417,0.0133800895943463
-1.4055721474305194,-12.842807534119627,-67.55522488626791,-0.5783281856772646,-0.013225134635570974
-1.5606779442639458,-12.833530456756346,-67.59165942297462,-0.47626647460121774,-0.021576846341240425
-1.6976787860576923,-12.810366586538462,-67.60608723958333,-0.323514014463413,-0.019798160023101072
-1.6988142566568047,-12.810139492418639,-67.60707131410257,-0.14727593052236898,-0.009691542792069914
-1.8080159434754584,-12.795154868616375,-67.61785448259354,-0.04976237435113262,-0.08028732112173169
-1.8105584355415083,-12.794806582031985,-67.61809828320261,0.08654115861783396,-0.08270596115300029
-1.8906079404389184,-12.7919143094352,-67.63955918639448,0.2224198368167265,-0.08407062713916465
-1.9248932764764388,-12.808240659929256,-67.67874242758022,0.40718512155815745,-0.09806840376380101
-2.047883582052371,-12.81005859375,-67.67135605308991,0.53925572376329,-0.166182727512079
-2.158063933111893,-12.808058124040647,-67.68401985238418,0.7746668059208872,-0.12878350603739053
-2.2637131018666206,-12.781139324554744,-67.64638021090745,0.9029891807495289,-0.19214819442265316
-2.36290743055445,-12.760978043477829,-67.60227700030241,1.1251610234101008,-0.15642847789153197
-2.365606546842172,-12.762034219416503,-67.60110347148166,1.297384620493773,-0.2178579724449278
-2.445221385608789,-12.78329582504996,-67.56898591349557,1.4752451451141866,-0.30910483840623076
-2.587339100360652,-12.801906478172228,-67.5165377092419,1.7445843736482374,-0.26454828779172346
-2.735796429727979,-12.80657909650259,-67.47224133743524,2.000831009807527,-0.32708554461409023
-2.8508610929564613,-12.813263057846777,-67.43499732180645,2.198947686125095,-0.41895536565245567
-2.8548174213184208,-12.8142050407901,-67.4331133559198,2.4238277696710355,-0.39561453536397384
-2.87841796875,-12.81982421875,-67.421875,2.6518876305150627,-0.4198496541370778
-2.988166208924281,-12.820716480865238,-67.35941665193333,2.8834982652430767,-0.46236397516788286
-3.118332726340289,-12.821774745234475,-67.28533814608683,3.086437905674657,-0.48070396286694833
-3.272866350303367,-12.784603459878653,-67.19636642307405,3.3789868441909903,-0.4028511504064087
-3.3586511713901013,-12.80237246069505,-67.04927953048667,3.8165891577569653,-0.774569805964159
-3.3627489563728825,-12.804421353186441,-67.04001073112086,4.1473973761298595,-0.6462092435768569
-3.5491653584463734,-12.788774193842922,-66.78971496364525,4.443787707663702,-0.7084024710621784
-3.5719405225739074,-12.783169936086663,-66.7649846028972,4.686581439818312,-0.690954284718023
-3.6547663279241647,-12.766324009574745,-66.68777410638425,4.952437778275666,-0.7282066164244624
-3.73628055306434,-12.79482673112868,-66.55374000671902,5.1860175708728775,-0.7841406763847428
-3.8064704115104,-12.782262305758223,-66.39453975280152,5.41970566842015,-0.7433409870851615
-3.808626554018193,-12.780976913109347,-66.39026893206493,5.71099582652738,-0.8523282543400129
-3.8804766421196137,-12.740903895634052,-66.24028020865926,5.931242832282621,-0.8972201639788703
-3.953833348683585,-12.730361674036203,-66.05622519997063,6.203039314176337,-0.8076312631187479
-4.049369168319117,-12.715920212928506,-65.86848620557058,6.3955714940970125,-0.8354519396339446
-4.12109375,-12.707928949825122,-65.67717449058951,6.621144292196078,-0.866304770958714
-4.12109375,-12.708818353062378,-65.66146170006463,6.866989501046689,-0.88956581292886
-4.201483261604289,-12.688456531782766,-65.50407169852157,7.17786650089522,-0.8834110350084645
-4.292308562197531,-12.670155696471781,-65.34084605088216,7.391778068254865,-0.9116063354905004
-4.375723705549179,-12.651951380450189,-65.13888113105202,7.634383028285271,-0.8977916098940248
-4.459848646558217,-12.632537932525027,-64.93180435318362,7.873135522844038,-0.8873623955918838
-4.513512431903187,-12.60143185406277,-64.6846323534394,8.143662347302893,-0.9932200380748586
-4.574493236384798,-12.613626366933737,-64.52844592491338,8.379772571061636,-0.9534537534536363
-4.576428835915507,-12.614160325424967,-64.52410751217214,8.605448929891168,-1.056883838653038
-4.651956302417178,-12.614882001476172,-64.3093080905342,8.956616093475986,-1.0159958397479445
-4.731890635872055,-12.605263539951887,-64.08235459421246,9.200022148388513,-1.0468541971972214
-4.8129310836489365,-12.54200088252437,-63.91362408121202,9.520522653252186,-1.046501297979921
-4.862327750605712,-12.544298401917708,-63.73326880883496,9.794483644479811,-1.0632886184749148
-4.916853424398565,-12.545275926992474,-63.54823089410699,10.048311151594291,-1.1424427204297378
-4.923110586956012,-12.544553946697384,-63.534513268500284,10.376338100221432,-1.1143503309547174
-5.013518730565594,-12.531652106729032,-63.30255234158333,10.628361453577966,-1.1804785010663075
-5.099659952624091,-12.514640873876111,-63.043297734753835,10.922332384425559,-1.1526834278714106
-5.152807343875759,-12.464125958341718,-62.83259359337272,11.192269653816197,-1.1890387469805512
-5.220046051420621,-12.468608538844707,-62.630877470738135,11.419942374871653,-1.2025261250282122
-5.285775723437768,-12.469775803927357,-62.42163328074235,11.705493229469212,-1.1057234128540157
-5.323376740378655,-12.468759560226253,-62.29561906180532,11.936821823765797,-1.1243268034726204
-5.3523106669634135,-12.464147626242577,-62.195031400624345,12.247678821938592,-1.172896932219804
-5.413571495201107,-12.444824474082708,-61.96778365080835,12.513027375743306,-1.140160165090732
-5.459283539823732,-12.440538969899338,-61.796363483473506,12.750798997033556,-1.1023181367765524
-5.484910291219389,-12.4809361879796,-61.59423029610711,12.934305375665744,-1.1141534255997863
-5.533946409792136,-12.45595310547425,-61.39518134058848,13.198920853722228,-1.0477481620388331
-5.58416445771714,-12.42700329657016,-61.19166516852176,13.433013170374636,-1.113386583505448
-5.585796743586637,-12.426277836183717,-61.183685104270886,13.63164607429303,-1.0312682749784687
-5.63017348518009,-12.40655483991996,-60.96673214536956,13.814429149706399,-0.9803745961155352
-5.695249536427562,-12.403733777473189,-60.83839853533185,14.016290926864414,-1.027979898045612
-5.735833231923179,-12.387127689328148,-60.69543713077485,14.257874798051972,-1.0456723195412816
-5.817848256046087,-12.431477418969598,-60.47111955103525,14.476502768219717,-1.0432707390047344
-5.820331995600902,-12.428802622525952,-60.45850979637235,14.728563761538595,-1.061377519164845
-5.858213247858678,-12.388007427786809,-60.266189592602096,14.946493218572712,-1.0890765702244385
-5.9050082087862314,-12.35860394021739,-60.04565141908213,15.168665307795692,-1.0246239944502358
-5.956689028532609,-12.344509171195652,-59.81700294384058,15.33835810598464,-0.9935240717873628
-6.004110942237627,-12.351446256204763,-59.56764280889329,15.598443864464471,-1.0252265457005194
-6.01060101385221,-12.352565234069347,-59.533178290664125,15.800307142936418,-1.0044304534692696
-6.0568008876839965,-12.348976123306842,-59.3351667710617,16.02260294057689,-1.0039780751153506
-6.095767466111459,-12.34587303442905,-59.09954003328402,16.237243919698088,-1.027195775989088
-6.124821326596197,-12.30621946368212,-58.86106388993892,16.480509036719923,-0.9494329522757066
-6.1504141928603415,-12.277352320131033,-58.65803600744485,16.663687673079465,-0.9612722713714672
-6.168829556762258,-12.284048816095366,-58.52745433614035,16.895973026505388,-0.9673620987782607
-6.245572849902945,-12.294114701600497,-58.292344270757035,17.117027811821217,-0.9353568071362561
-6.248772501281864,-12.288446747729271,-58.26738699000146,17.417773939547402,-0.9568275356529853
-6.29009256885438,-12.215251199457954,-57.94509046293583,17.667374805446855,-0.915074443954728
-6.330569484946406,-12.14355325077501,-57.629383755812576,17.915885668809594,-0.9315616623316129
-6.381035476434426,-12.120002454747267,-57.45275278560451,18.17444173721472,-0.9531347221441926
-6.4245597413180295,-12.087721628624665,-57.1799709802366,18.478907853343827,-0.959619931391229
-6.461631000905797,-12.053564689009661,-56.78990696708937,18.74650986917561,-0.8699169831139038
-6.462932539889911,-12.055733920649851,-56.74261771733324,19.038459613989076,-0.8615059088587483
-6.477106435163845,-12.047928986915437,-56.52161647120139,19.337732684730426,-0.8282065810142859
-6.496316492462885,-11.986235167042116,-56.22974578673289,19.59036904562079,-0.8555948031521804
-6.520050329715417,-11.950004271375155,-55.8844457250597,19.92125601376759,-0.806846428387104
-6.582084373401758,-11.923775001598242,-55.50726370953056,20.17634419426537,-0.7675934083537503
-6.589029009554585,-11.916830365445415,-55.45679935348669,20.532255533879365,-0.7687897337000426
-6.654335110952599,-11.87503205311771,-54.81256768577141,20.79144202320485,-0.7169690404084696
-6.660138840438604,-11.872230252676191,-54.74872666142536,21.037046445178177,-0.7151367592891028
-6.707637070220812,-11.813881220863578,-54.27748701255922,21.36789800017452,-0.7671279296827332
-6.710235135937247,-11.811278723403582,-54.259535484987545,21.602435338726124,-0.6741683651164673
-6.781028204985421,-11.79742790554633,-53.94250565403268,21.893172347439318,-0.6700840168035691
-6.830475963962927,-11.768880252958413,-53.584593602966734,22.16460039232865,-0.6659541020983254
-6.831445603200521,-11.766698564673828,-53.56584724437326,22.51090707520973,-0.6912211567900967
-6.850360117307,-11.722898896872751,-53.1898165461355,22.75038652483633,-0.6638182761793362
-6.858473447156416,-11.675599330028694,-52.78084937371248,23.058740509522053,-0.6299947887527955
-6.878883299590621,-11.656759466243273,-52.600300679102205,23.32064653833328,-0.6231980165774272
-6.918781024456863,-11.626058706521569,-52.20892056249607,23.631150070302496,-0.6191456551423201
-6.963395620192628,-11.60908751368332,-51.94531562167022,23.95779853277945,-0.6245816471360686
-7.061315319391014,-11.525518681089862,-51.147004544445316,24.23450123449149,-0.6616278714234043
-7.061900415646628,-11.519667718533722,-51.10390245361508,24.577273086461517,-0.6008751388068393
-7.062276279324197,-11.515909081758025,-51.076213829367454,24.914270599784658,-0.6378322329113217
-7.065697879086291,-11.481693084137094,-50.824155980226585,25.17460124275948,-0.6243266464572866
-7.050630396193178,-11.42203140287499,-50.45545005956245,25.53086068477421,-0.5638467357987558
-7.048019394250489,-11.416287198601076,-50.42385693605592,25.841023951219043,-0.6238729698556273
-7.080078125,-11.316393942079,-49.761870581217494,26.191535958422804,-0.578054277414138
-7.080078125,-11.31198245129332,-49.7287844003249,26.501290242963165,-0.49807107855766436
-7.080078125,-11.269333430656847,-49.408916745551345,26.78018527052558,-0.5734052950604458
-7.0843618064442,-11.210203722863799,-49.093954380429494,27.074534150419623,-0.4990602069649976
-7.121036211683492,-11.17067760913995,-48.81753042211505,27.38173005207645,-0.4127459725734289
-7.117858189955524,-11.149490797620158,-48.62790845901292,27.675994395616016,-0.41449113588965125
-7.11467645649822,-11.12827924123813,-48.43806502939377,27.91121903386633,-0.36345955892308146
-7.114515289303385,-11.127204793272565,-48.428448720101954,28.122462764166784,-0.440382918803759
-7.098765329205136,-11.095790787565948,-48.21094568284972,28.35432721289041,-0.43820579962938083
-7.115142499669662,-11.096544455272198,-47.920483450052856,28.60889494358713,-0.4775301638167914
-7.122417167679704,-11.049259113206924,-47.64404606567125,28.832896474598726,-0.4933761475374415
-7.132312739547139,-11.010522440181079,-47.38862718552471,28.99909249236211,-0.5087406475978896
-7.1331422743954,-11.008759678628525,-47.374214017536175,29.20709280084884,-0.5159071071063425
-7.144134152606688,-10.985401937429536,-47.183230133615034,29.397653925204253,-0.510106780682979
-7.144322788382595,-10.908971225882594,-46.89450388941272,29.589035507516343,-0.54683811429271
-7.14315379977422,-10.90780223727422,-46.88990099676724,29.795142973915517,-0.5205920885693529
-7.175070083415205,-10.860811208150695,-46.433506957564994,29.952291542714704,-0.606669431775705
-7.177040133924073,-10.856416480092452,-46.41501879125101,30.145868870021246,-0.5787705847337654
-7.17962422614999,-10.850651966665406,-46.390768079592405,30.301069097217834,-0.5493828367911217
-7.188355404028081,-10.824011570814186,-46.27264756837709,30.51029593815528,-0.6106165114028999
-7.179713031536266,-10.804257576547178,-46.156592852058424,30.609447863605567,-0.6902614444877612
-7.180165809247914,-10.795157040823122,-46.01910479516294,30.77928300064181,-0.710247671371025
-7.185535543792506,-10.807753998522026,-45.848291203210984,30.941008756205463,-0.688409410750064
-7.162177856559385,-10.802192644418902,-45.719267788018506,31.1182386246615,-0.7321724831362267
-7.1610346594006336,-10.801920454619198,-45.71295298466541,31.294259607883305,-0.7294462098143666
-7.168000287401713,-10.792052931278082,-45.58508856113758,31.43490081135633,-0.7179144246182646
-7.221779511450779,-10.762899930819758,-45.382013459560014,31.60069206744842,-0.8504637413593753
-7.24177206280534,-10.7200587493457,-45.089265386153954,31.786379385289194,-0.8835685381079917
-7.247998858568788,-10.700525208046605,-44.964706605374296,31.957471977002825,-0.7976583189546688
-7.247385805752611,-10.694762511574542,-44.93552529132428,32.140598182973065,-0.8464868346768226
-7.242481383223196,-10.648660939798042,-44.70207477892413,32.30673640946381,-0.7920937709340286
-7.237712023377624,-10.60382895724967,-44.475053250274925,32.51250042614976,-0.9347116989892676
-7.259633466996778,-10.580226975228737,-44.25875429824807,32.745724958344425,-0.9276043076510062
-7.2728190529545085,-10.532844850028585,-44.05276611886434,32.930571075922984,-0.9408780784391576
-7.289977192801919,-10.51478455083578,-43.80068421594245,33.158488999610086,-0.9179395066484554
-7.290983012328638,-10.512571747876995,-43.77050963014085,33.37656369482838,-0.9334527162885609
-7.2974317049415225,-10.49838462412865,-43.577048851754334,33.599874061280445,-0.827530291422208
-7.288798956924247,-10.457945724657591,-43.34737685470917,33.766188480658286,-0.8012429991541806
-7.271455059485077,-10.428419985250738,-43.107070088820926,33.98689023656678,-0.8815316370142844
-7.283932462733704,-10.447111664666497,-42.95122467549899,34.20915229822481,-0.8835089869381428
-7.314374081303451,-10.429608456303452,-42.83573586400428,34.38596303836539,-0.8388603497745935
-7.294227588857397,-10.409461963857398,-42.63117147916741,34.55732280096754,-0.8631043053624461
-7.29265943561011,-10.40789381061011,-42.61524869234881,34.75176498597088,-0.7918566378818505
-7.279796926637831,-10.27975743888511,-41.86450157343507,34.90566659344924,-0.7938262739655719
-7.27661550471423,-10.268395217729394,-41.8363232649689,35.043834423432656,-0.7676924539477363
-7.274845390260498,-10.262073380394634,-41.82064510837869,35.209823122578314,-0.7201905976679241
-7.273305178059389,-10.256572622533534,-41.80700322888317,35.4167618200851,-0.7165567623731187
-7.270829409870723,-10.247730593288297,-41.78507499635498,35.52716657606044,-0.7302797789814811
-7.2685548236252435,-10.221435342687133,-41.52124370556872,35.70205896853162,-0.7127640325214792
-7.268155432159534,-10.222034429885698,-41.51105922319313,35.843079858558696,-0.686259352572426
-7.269148657004433,-10.185371443099282,-41.3475337000895,36.1849710567588,-0.4736571086383787
-7.2700149624479815,-10.155917058018636,-41.21845418900079,36.376076955371104,-0.3713302121434023
-7.26138298534767,-10.1650138331816,-41.07810413213292,36.535999440226675,-0.4029972825092815
-7.273724205909604,-10.146720883771753,-40.967924815702546,36.66009823082655,-0.264511332683863
-7.278179005196584,-10.13825676512649,-40.950551098483324,36.8127171621783,-0.23907067103387583
-7.294857245987444,-10.128917191199989,-40.809636977887315,36.961465978749345,-0.17252853846919394
-7.264445973527956,-10.123124567874372,-40.70971422552043,37.12883230674524,-0.1372965760948141
-7.238856532768572,-10.097917254555716,-40.619862092138334,37.24391573106385,0.013320358373730724
-7.219567832456712,-10.040051153620135,-40.541099899198244,37.359101483671054,-0.03851786711257781
-7.218074351843232,-10.035570711779696,-40.53500152002653,37.469075950151534,0.03334798288385609
-7.230387149466219,-10.02720818976126,-40.43465323498646,37.58757654267649,0.10447385247677463
-7.23876953125,-10.017859796278055,-40.33665096516833,37.690126317361205,0.20982044817737092
-7.23876953125,-10.001172455184008,-40.23652691860405,37.79022543189845,0.2873333859951918
-7.230889833308317,-9.982927321126352,-40.1887804148013,37.871929444108304,0.27384648495115715
-7.222107490145326,-9.966919316346884,-40.142062572722736,37.981843802385384,0.3462011690783588
-7.212697316085676,-9.960645866973785,-40.08716989070811,38.03753067229556,0.41532292038048263
-7.211917030775076,-9.960125676766717,-40.08261822639628,38.12971043286316,0.5029751116986546
-7.20947265625,-9.95849609375,-40.068359375,38.216406831995556,0.5453407315370665
-7.1667372474049325,-9.95696982914839,-40.022571436951715,38.218219313450504,0.6041154121483259
-7.147330361011036,-9.943620527977927,-39.953151899113,38.31988390935726,0.6955860985966983
-7.16239406249382,-9.938826468748765,-39.88313859377472,38.348912984551674,0.7252069228586183
-7.163040776252395,-9.929919819533495,-39.8323087307811,38.37022036229615,0.7409528367837762
-7.157899231186436,-9.925099621034159,-39.83263007734772,38.44343832892355,0.8682861989017594
-7.1475070962058656,-9.885990777156891,-39.811431120088265,38.51555867575476,0.930993165776509
-7.1437901940421185,-9.876271336163809,-39.76031239239937,38.5252072411125,0.9848195024120131
-7.120472096032522,-9.889387766294206,-39.71221881525457,38.58180228308194,1.0792610289163647
-7.093481332109738,-9.891646088920016,-39.66871966165958,38.56899545579745,1.1048048467968983
-7.099102311381585,-9.881845328684207,-39.622089094868414,38.62113153294783,1.1554432742839262
-7.102189738600912,-9.880301615074544,-39.61900166764909,38.63112855650749,1.2171890505609702
-7.139881970309862,-9.86145549922007,-39.58130943594014,38.67410212613024,1.2940762405429849
-7.07803335036865,-9.852752673124186,-39.518615628243815,38.6859658609562,1.356893002440968
-7.056764829151597,-9.84445343109554,-39.47142303816305,38.76779235139438,1.4678039031973085
-7.076866000306373,-9.835765165441176,-39.439706839767155,38.738706679013205,1.5188460180672567
-7.065070222140628,-9.81876177898958,-39.39596911143749,38.780956824271584,1.5746630042664378
-7.072866689675537,-9.81608680869281,-39.34906503723273,38.83569990266085,1.6757677234922375
-7.072476679857858,-9.816769325873748,-39.34799251023411,38.84545813591174,1.7766497134041463
-7.066570535227548,-9.82710507897679,-39.331750612500755,38.84252801033767,1.797852207308416
-7.040460201595648,-9.802348541888195,-39.325046211835094,38.855116531388774,1.803752410931114
-7.03125,-9.804846087371535,-39.329913278060765,38.87031623710729,1.8839748162872003
-7.036947759861698,-9.811198734722641,-39.34896193277962,38.86642131900689,1.925862326812989
-7.0433811701926405,-9.815794027816171,-39.369181222391155,38.87391673174105,1.9687846998144645
-7.0439026536077884,-9.816166515969849,-39.370820170267336,38.88019153780442,2.0443851511829667
-7.03780231441172,-9.81858325683298,-39.39530315433828,38.83542937833792,2.114557813326383
-7.010215688277352,-9.830700169154268,-39.469565984815645,38.81127791123754,2.1335628441379235
-7.001861294744746,-9.859940546518391,-39.576780701817434,38.790153663659254,2.149402270972353
-6.988235127507477,-9.894945966700993,-39.709832488838025,38.717558035890164,2.1960784168486054
-6.987175651056361,-9.897462223272392,-39.71950021145445,38.6213656397731,2.2114165633129748
-6.981920600209036,-9.919595123043493,-39.803393485714935,38.56068087979807,2.2311009270057567
-6.951594654655152,-9.942088481139095,-40.24166348724122,38.41856248104139,2.2751704895792955
-6.952780459389455,-9.946154097370991,-40.25114992511564,38.30560378811657,2.295241077880913
-6.964767640963162,-10.000940114853943,-40.40077599080128,38.166943428277165,2.356378114575699
-6.950488027931298,-10.01700467951479,-40.54178716949093,37.99869284363999,2.3455463563183963
-6.950022223989992,-10.01752870894876,-40.54638698341133,37.82006383229614,2.3809160393102147
-6.920593647975772,-10.067548169785912,-40.80744202321376,37.57387781334404,2.3206043539835504
-6.900751559273772,-10.108334685451135,-41.096254647653986,37.36317661478745,2.3687524450396062
-6.881075626558645,-10.148779658254451,-41.38264877939638,37.14481607741806,2.354888084659109
-6.869197145596788,-10.1656720121751,-41.67345268242128,36.84315135843511,2.3075758967454747
-6.85693517175958,-10.19335125952216,-41.98337318934672,36.55750728513064,2.2205981038155067
-6.855037051664936,-10.203113020008903,-42.013743110861036,36.25143673666719,2.2418656055855095
-6.837595221124827,-10.281379680078667,-42.2871459018776,36.00666578499036,2.2393704041827482
-6.759781288889657,-10.386372311829616,-43.05238861199727,35.68465056789785,2.1759566512325637
-6.620273570591993,-10.623062679674192,-44.969782294772145,35.31324644223599,2.257192117758617
-6.616870741056218,-10.623224719175894,-44.995384536041314,35.010948590925295,2.1783566731573147
-6.611979610306644,-10.62345763016397,-45.032184472157155,34.60607218569575,2.1023168055656143
-6.600778920890119,-10.623990996326661,-45.11645632586244,33.43944501028875,1.96027387841151
-6.577066717465782,-10.6388771945632,-45.387527244326655,32.99668869787911,1.9440125937775832
-6.552286534958782,-10.714817933540743,-45.913301875703084,32.597322039894976,1.903867833734853
-6.50191165387928,-10.81853092399854,-46.50298430716313,32.09388417207418,1.82201552630721
-6.49931455927459,-10.823877883478785,-46.53338559106509,31.59267851832044,1.7699742337304096
-6.456226838453737,-10.882748073445951,-47.01872187640858,31.10840141183388,1.7203937565363707
-6.408632501972013,-10.934308604634486,-47.54622577241436,30.532667118649044,1.692131854317255
-6.364308342571393,-11.046383624302013,-48.30865020480717,30.020507457740706,1.6742572677248955
-6.288744087027884,-11.15042126564498,-48.98050793928888,29.330484173207964,1.423253431044002
-6.191762123321777,-11.22585168186084,-49.71479995020655,28.71365991938319,1.359919271396623
-6.185201519391782,-11.23095437380639,-49.76447309424793,28.12531891098638,1.314048750728054
-6.136434897534083,-11.311787638334728,-50.358851142521125,27.565491528571982,1.1939106369795662
-6.06992815469813,-11.43457939610399,-51.21017374532157,26.910019056791356,1.2085004797961252
-5.943918298162019,-11.53907537469491,-52.00618722929359,26.280740675788806,1.066858249655343
-5.849709515668577,-11.63408696023017,-52.78146619091601,25.66382668873203,1.0946795768182165
-5.754746596018474,-11.758599281311035,-53.504459857940674,24.945408125031477,1.0097900899773191
-5.622621700432258,-11.874531794898491,-54.338220245682,24.244289400933326,0.9260533753501069
-5.611216374328388,-11.883239086870264,-54.40959551226751,23.58180552030798,0.9325781992951155
-5.482216690311663,-11.979101823881768,-55.207783426304815,22.89811958357849,0.8004115767044162
-5.271824879640896,-12.152367361426693,-56.46260190516155,22.17645587874466,0.8037759051396031
-5.17441600562307,-12.251893819662298,-57.06293703090184,21.44842510530917,0.6949568571886642
-5.151251193301045,-12.274277480998682,-57.20175699282037,20.713110770566303,0.7423692173485171
-4.804035823350585,-12.45891502873891,-58.776383533184934,19.936026188997445,0.7279808505992819
-4.7908624917411275,-12.467383599059275,-58.82606581239775,19.159614561124172,0.6599697626737708
-4.613978502731566,-12.561219204263306,-59.452114822475835,18.33832861613044,0.5870076914378981
-4.367212063409514,-12.642545324314185,-60.204799282065714,17.481789428444003,0.6069612349065343
-4.09752308069978,-12.763076713234735,-61.050025646871084,16.63511782427399,0.5077147259062688
-3.811572225655845,-12.88073804927418,-61.865320115284455,15.804151076158462,0.4938251175473129
-3.524428657688271,-12.9943097589927,-62.64746490862896,14.9437734956486,0.5021838231717408
-3.4838795629818993,-13.010347833764621,-62.75791580092617,14.076775521988239,0.4553971848963737
-3.196854470336407,-13.08143557019435,-63.47706667295425,13.23182904497638,0.4835652905007058
-2.846185120058731,-13.16629579929119,-64.07833672465293,12.381180210217181,0.537095001846043
-2.4499480664279445,-13.26999533500618,-64.68494924702269,11.504602579820883,0.5034507226123986
-2.113543297245064,-13.33841664399253,-65.16674929780156,10.64701565703642,0.5423910787664936
-2.063521280937601,-13.348590613410996,-65.23839099912327,9.842003471326379,0.5569574906063632
-1.7765690040401567,-13.411182549277669,-65.6152200278526,9.067141114863304,0.5439546031362885
-1.430301290162852,-13.478885274537852,-65.98635907240318,8.267669955052583,0.5120536912520398
-1.0777646346830987,-13.540069322183099,-66.3301551496479,7.467383472284482,0.5369433020411473
-0.7015517799581076,-13.638112355446017,-66.59449060399108,6.6520401697250975,0.519555464310208
-0.513825130443508,-13.63974476109397,-66.70059697110801,5.8872828399877335,0.5537523041593558
-0.5001899034843468,-13.63986332828492,-66.70830383851971,5.162284820968907,0.5740081236914386
-0.23087315347845686,-13.649651792610861,-66.79743727270646,4.409651552013713,0.6592417399258349
0.07348903848206662,-13.663225625133434,-66.8749303646723,3.681571489654857,0.7269823174198751
0.34673747226331364,-13.668746195836416,-66.86004337709566,2.962161318983931,0.7456630413958918
0.5687512272778277,-13.657431108804609,-66.81163301587746,2.082002994819149,1.045612181393893
0.7712722312612208,-13.666085852564581,-66.71296893701377,1.4079000430917716,1.134973273766927
0.7878650274910233,-13.666794946420557,-66.70488526705566,0.7525307695649985,1.1451802414268704
1.0859730472699696,-13.623882729556371,-66.5012105820273,-0.04190276739009846,1.1940312582225792
1.1034467521644338,-13.620176186093907,-66.4853253957596,-0.6520616287193377,1.2048456065548714
1.2220322821908165,-13.619024503533138,-66.3170861633975,-1.2689038475786987,1.2894129105770986
1.3713552312975203,-13.628612680529553,-66.04617657852916,-1.9010342605769779,1.3247576036662754
1.4989583283584227,-13.60599947345547,-65.75058965748934,-2.49156173182692,1.3547637771795635
1.6973918053768013,-13.54364144268116,-65.41176144753625,-3.153627081951967,1.3979250208428193
1.7063532605260738,-13.542196046689343,-65.3915259036508,-3.7001190246988926,1.5106790541987647
1.7996762402754476,-13.52714395318138,-65.18079659453932,-4.3232601344042365,1.5547650640672914
2.103503374887314,-13.465427634575917,-64.32194446225976,-4.876322916348002,1.719346589824962
2.1116758296510567,-13.462380278562318,-64.29327161249545,-5.481650295314438,1.7579271072316218
2.11774853268375,-13.460115880821313,-64.27196568829599,-6.626737109092687,1.9313981481116187
2.1947762672385682,-13.431393674716126,-64.00171583994265,-7.127602919347979,1.946402838920302
2.2885893830144752,-13.343734835735525,-63.63906473430918,-7.664716994390503,2.0067810853022436
2.3597012053445328,-13.307536149547266,-63.346245257869874,-8.204492065386503,2.1629109346635564
2.454093473244184,-13.260452006961579,-63.0518955019607,-8.707428402430153,2.243319441085158
2.558720389318059,-13.167375396313485,-62.683044058964676,-9.214753504663832,2.285620901298918
2.5719723663409657,-13.155397647850473,-62.62748769375326,-9.689787453297683,2.3558090107696468
2.6325245527310135,-13.092952866152109,-62.348999968904636,-10.18715048253074,2.3782630789274637
2.6766017053705893,-13.010675514558233,-62.02870599305705,-10.517185101836859,2.390392782406246
2.741918108381556,-12.889172173719968,-61.698343191473775,-10.959561788103315,2.4058713460361636
2.81447898770114,-12.777493606347427,-61.3810148785828,-11.364183004642115,2.4132555734241317
2.8839236140211195,-12.681660022025856,-61.064347382563696,-11.755573725532756,2.5746000609650914
2.891248341757107,-12.668338290554168,-61.026825267719936,-12.094969285321255,2.4719069632674433
2.9483329243139504,-12.537653838968609,-60.70962823584885,-12.452303787100647,2.519449709034659
3.0019477824715435,-12.455444389793634,-60.51304042260434,-12.81107732416801,2.5230100382210234
3.054549014179983,-12.350720842440076,-60.12756771707822,-13.220200250938149,2.563059903413447
3.0837953799260847,-12.21911219658262,-59.75028959895351,-13.509915430517339,2.4235785199511417
3.1299731469084713,-12.08617965960727,-59.349671499716,-13.820481754702172,2.3969006296365265
3.1355347881504922,-12.075321217182372,-59.31484503193858,-14.040677344773727,2.2532079561266705
3.1918981763226224,-11.965278411703451,-58.961902863146435,-14.322928201795108,2.3225990694133927
3.233780817952894,-11.814896899768824,-58.52519154792017,-14.688458693788434,2.255082622861917
3.2929757063741185,-11.635902394903942,-57.92852915830965,-15.041008627208356,2.1973860809067616
3.296982999464851,-11.622711721813616,-57.89413322594753,-15.325982089291244,2.1333958653972642
3.343968036655454,-11.468052641061213,-57.49084499006152,-15.61045912543193,2.0857395508989853
3.4173175647423175,-11.319660668582745,-56.8567678897175,-15.87399330042797,2.0212487179086485
3.416470377747758,-11.315001140112667,-56.83940055632903,-16.181642544380125,2.0162388896029957
3.4046973503436995,-11.250249489390347,-56.59805349454584,-16.411828053720285,1.7517983230233551
3.403834368337377,-11.245503088355573,-56.58036236341623,-16.67020968148927,1.8434072244036452
3.433772809239407,-11.185033555278979,-56.41864932422223,-16.95776474596333,1.7612505821822884
3.469324159861809,-11.105233197236181,-56.21417635050251,-17.141297830530647,1.7520117138364248
3.4658837305517975,-11.09347839709364,-56.19038004777493,-17.39229439586788,1.6618922907652447
3.4596606656798854,-10.99922840464317,-55.995269923334064,-17.645049340099604,1.5976549146810743
3.50725882798019,-10.93252554991601,-55.827034852148984,-17.87154967058025,1.5913049977127018
3.500544643274219,-10.86470432939345,-55.67114140279808,-18.12040118964211,1.4479668751771018
3.4863230802177902,-10.780468917443836,-55.496106780565114,-18.363202672130797,1.4225245245733833
3.4853184172075244,-10.774518221152261,-55.48374169736184,-18.487738896791583,1.2625447509800904
3.457183283929994,-10.680958434918407,-55.217595826416286,-18.72980462809194,1.2109229908934092
3.454889208597281,-10.676128802639012,-55.2070913762086,-18.973854554320084,1.1615704144641876
3.4270578647106764,-10.617536499719845,-55.07965311735941,-19.172490673263397,1.051793281589978
3.401572598237573,-10.55139748221272,-54.936149622919224,-19.357733092106315,0.9293249322482501
3.4129976708873793,-10.508511696230956,-54.779583490162395,-19.60311031655607,0.7650827692763544
3.4227319422768425,-10.437691428789607,-54.56273823247895,-19.77561245012275,0.7149277226023284
3.4166010718749225,-10.378681801171126,-54.42479364843575,-20.02931829017136,0.621278553195214
3.4158116998439327,-10.371084095372852,-54.407032777738486,-20.24687642486886,0.4058337475414504
3.4087622432816427,-10.30323307596081,-54.248420005086956,-20.506556886204024,0.25282642817719947
3.3724808990590573,-10.248290119147796,-54.01424203450122,-20.701128327442433,0.16350337628049005
3.3646223052727846,-10.143068905398676,-53.769176129034754,-20.901946870782425,0.04681859231880241
3.400065272120207,-10.091515499075154,-53.54040788847412,-21.136942032648193,-0.0263548633442856
3.3995908517646187,-10.089166648620369,-53.53116941468811,-21.401942706138826,-0.12300997967408332
3.3638321132317515,-10.056813504233489,-53.42048760494352,-21.62355392134168,-0.09322211858642915
3.3523371263543456,-10.000301290830473,-53.20598038410341,-21.900838964467937,-0.19177571330568088
3.356518677880305,-9.933396466415115,-52.94463341373092,-22.13229023471382,-0.2984769544279511
3.3614705825217572,-9.866739487282429,-52.68490945853191,-22.45726980371336,-0.39443820027844895
3.3685732231661834,-9.795713080838167,-52.4096821335604,-22.6815996683314,-0.38158695912446977
3.36882497762751,-9.789272490309667,-52.38553087337436,-22.92345258771823,-0.5518782008078649
3.3302200610884483,-9.70797942528231,-52.12487505403069,-23.26660359652712,-0.5946092834263524
3.3041302029865465,-9.713197396902691,-51.96833590541928,-23.53865204065667,-0.613373936236078
3.305663035188302,-9.639658916079318,-51.703645538837314,-23.803484285256886,-0.6756379339236696
3.314879052473262,-9.552298211898396,-51.40444299381684,-24.130200338821595,-0.7684812454884117
3.3249045370989303,-9.465410678475935,-51.06691834475267,-24.34340540631966,-0.7826123974464213
3.3079185518471985,-9.380826011899194,-50.74758694455397,-24.62206511480835,-0.8837082329659053
3.30702260378796,-9.376570258617809,-50.731534541825944,-24.928903219952673,-0.9038771468272244
3.3082197148885686,-9.303488370183066,-50.43101606966533,-25.281980980165997,-0.9268269510728764
3.320576691430462,-9.255965261748344,-50.12477906282283,-25.552386846960417,-1.0652488910707576
3.3445117916051443,-9.17814928884272,-49.68203557956875,-25.900404795931948,-1.0984749152315343
3.3843155408284145,-9.095721716139122,-49.3204250616349,-26.23818240129546,-1.1436421587958085
3.3834560050840676,-9.090908315970779,-49.30031192521718,-26.57299725168548,-1.1243093155989523
3.3765072147902218,-9.017718963720181,-48.95142693557455,-26.919866287457594,-1.147540554951896
3.383417866012497,-8.961051623697523,-48.59483733250515,-27.26615759731564,-1.1318398053962209
3.4149201151887794,-8.857657271221418,-48.210626644260174,-27.594394089570955,-1.2315946498074342
3.424042724198364,-8.793758559307266,-47.84435850201231,-27.96471246604142,-1.2159931511687143
3.427292244756092,-8.743002533978679,-47.50105710141395,-28.38601857761475,-1.2807421535281893
3.4423436021725586,-8.690322783021045,-47.28845667790636,-28.751895907154605,-1.2174412881800947
3.443715512939588,-8.68552109533644,-47.26907843832206,-29.086963769546273,-1.1960884503120823
3.440577481441571,-8.640588831018519,-46.91226340497286,-29.493209969990346,-1.2063085418348007
3.3771236667687203,-8.38657386809895,-45.57869720828754,-29.820863419697787,-1.2449834886325009
3.376244503581969,-8.381926862683263,-45.553452665353674,-30.121116115658523,-1.1666705265579045
3.3754730171785208,-8.377849005979323,-45.53129998434038,-30.853778567077626,-1.0702466932332266
3.3743767255331303,-8.372054321567974,-45.49982075280845,-31.13514529045129,-1.028609533150067
3.3668712987584817,-8.332382780044831,-45.28430778399354,-31.463482498438594,-1.0475850037345873
3.357552819745947,-8.257059176353799,-44.99675636701464,-31.78419712422567,-0.9414444527702871
3.349597840797244,-8.166319359005906,-44.730903204970474,-32.07262255318908,-0.9396204363524193
3.335894814160527,-8.083963032080264,-44.43527342503698,-32.388819958151004,-0.8910143440235244
3.312019635599458,-8.07202544279973,-44.2550158269009,-32.67673948144436,-0.8656963384591442
3.2948085207084556,-8.029087506420588,-44.05373685546728,-32.964806543810354,-0.8348325761714469
3.2945712461358667,-8.021494720097735,-44.03641581166827,-33.253378409186354,-0.7924110141432067
3.275456953597008,-7.937839636675355,-43.70907706374245,-33.46770522014643,-0.772699026420077
3.274921661834925,-7.9364121919764665,-43.70176140966064,-33.645421183119566,-0.6968619920470427
3.271484375,-7.903516201143068,-43.4815569402194,-33.91368934307529,-0.7656262417694948
3.2713855944851713,-7.902239348161029,-43.469944205506486,-34.15739471341145,-0.662163377541639
3.263336668783771,-7.876332047666293,-43.265582096915175,-34.369187446140415,-0.6018573948062997
3.2450487115555253,-7.838349367269168,-43.11365137532667,-34.55176050203511,-0.5593310760981443
3.2291976368062336,-7.797944472918702,-42.95851743847982,-34.76998144219985,-0.5285206583145154
3.215626137947075,-7.757229976341225,-42.80651665125724,-34.925149263020785,-0.4645441988736115
3.2114164110601773,-7.7490234375,-42.634354368027,-35.09317495658574,-0.40291521744502085
3.2113580393858703,-7.7490234375,-42.62875068729355,-35.22664238510525,-0.3707454971025191
3.237174145868885,-7.728586728526735,-42.46761734303897,-35.439700903931964,-0.3342763926531093
3.258813198774584,-7.676124713602498,-42.310136558332076,-35.56902559062402,-0.27555149679766555
3.243801750271477,-7.653643633868243,-42.20798566074445,-35.67127596515286,-0.24551453164724096
3.2314838983267817,-7.635220654222483,-42.117473602185264,-35.83562753531278,-0.16070443418059016
3.2255960155733465,-7.6104915466580545,-41.98440745195763,-35.91478505252961,-0.14791625483082588
3.219857135408676,-7.579663333149547,-41.85671192694749,-36.085799603910345,-0.07266970058486871
3.2197713603194997,-7.577690506098496,-41.855253750431494,-36.182536536453114,-0.025525954928792557
3.2120134688620072,-7.532366921482975,-41.70780024921595,-36.300222753438945,0.03428601939402475
3.212262218115293,-7.531496299096475,-41.70605900444295,-36.398063974829526,0.11266377782011884
3.212906003937008,-7.507339597687008,-41.652472548597444,-36.46381955619323,0.13014087676306915
3.191797198767095,-7.486230792517095,-41.58738706599021,-36.59849336130851,0.22819763002716678
3.1911075748549522,-7.485541168604953,-41.58526072559444,-36.69086479171253,0.2552543332449797
3.172595027696594,-7.48291015625,-41.536121139257865,-36.73454798604587,0.2949060011895619
3.1509667998696718,-7.491123043880328,-41.49325195611967,-36.810413895667054,0.38584177380454915
3.146064729906241,-7.476776236625036,-41.440227693109435,-36.87356165076278,0.40937697447799976
3.1453563928018777,-7.458306819127347,-41.41034169185375,-36.918320583542396,0.4261445228184967
3.139691999366766,-7.451226327333457,-41.39901290498353,-36.96160483419466,0.4707482057500824
3.1147224030179737,-7.440093637452433,-41.34491937320561,-37.000367815905946,0.45684501009613904
3.1003847810143834,-7.424283736977398,-41.295016433473286,-37.11489681893951,0.5913783116687825
3.1096557195314087,-7.418589052811801,-41.26381580828166,-37.14071565445053,0.6361668435506531
3.101400401345548,-7.454912452829589,-41.24235198099842,-37.1702542857432,0.5981591650716276
3.101165144878278,-7.455947581285576,-41.241740314183524,-37.272744483959315,0.6968960462081767
3.1043095640315883,-7.421488604677196,-41.21596521074605,-37.28880760396133,0.7224765641595191
3.06457763015957,-7.408244626719856,-41.22093170248005,-37.36928498501387,0.797887434996119
3.063444680910608,-7.407866976970203,-41.221073321136174,-37.32978747504772,0.8747409007080369
3.0580427022191716,-7.442228400782756,-41.245479935688344,-37.39585895693203,0.8520826376295604
3.071529701441586,-7.4532924293278855,-41.26867150528738,-37.33284727923134,0.8926240383593402
3.0768187259914868,-7.448334044396283,-41.28737237366331,-37.44691502909544,0.9417219742843512
3.0699998215583473,-7.4653813054791325,-41.31805744361244,-37.34455110551445,0.9546146053616114
3.097559074741227,-7.4826174279956135,-41.37935996000558,-37.296712254619464,0.9906827788065001
3.128569498751651,-7.516906718130984,-41.44625537125495,-37.27850991365386,1.046547905873148
3.129394853654259,-7.519898629652938,-41.44873143596278,-37.19875473869163,1.0302276305508358
3.1278437939867043,-7.569155707332567,-41.53797267585456,-37.07104678898668,0.9881987661685318
3.0899034079976064,-7.57777852233009,-41.67421315281541,-37.04446941914037,0.9924057628711325
3.1080305079291586,-7.655188329640655,-41.81087868959804,-36.86755730023643,0.9827578288776151
3.095360913380425,-7.7026993091984055,-42.00725740510341,-36.76225724237736,0.9974671598870022
3.0949510927137065,-7.7042361366986,-42.013609625437546,-36.62262209658054,0.9540820356151595
3.1068070801892063,-7.763423727517163,-42.219386058927626,-36.48015147773823,0.9833657505158383
3.1254404311859787,-7.863845670158472,-42.56642370524976,-36.295543905515345,0.9382593084630223
3.125381302033654,-7.865146511509611,-42.57127229574037,-36.0935502817527,0.9159311415064776
3.0980334570862067,-7.926048950345282,-42.85517299085028,-35.870650214315006,0.8581159588617487
3.096553597038105,-7.928930783070532,-42.86903694287986,-35.69173190228781,0.782805259477439
3.0941264036679708,-7.976277685434376,-43.12475851666154,-35.40259954146593,0.7437814952344595
3.1038084274939433,-8.067263907447044,-43.44428260767254,-35.09305691155821,0.6582658300571403
3.092503241608906,-8.195616570827795,-43.80732745788628,-34.7751312560854,0.6279773267452866
3.1023100930332026,-8.316088587608325,-44.23575605395539,-34.4304952909022,0.5958464891814822
3.083364699933801,-8.407900877243888,-44.64526801248861,-34.14337969008285,0.5506944068793037
3.0651602380155896,-8.498155183316586,-45.07776999588374,-33.7541803052051,0.42801923049064733
3.0456938875092026,-8.597109131724054,-45.587139500800866,-33.308108499819994,0.33518368489433664
3.0449057667125135,-8.601115412440556,-45.6077619949809,-32.92965479469642,0.22773847624155516
3.049823487514714,-8.70585806604434,-46.106993627722034,-32.49199824024811,0.12331135978809842
3.0313741682745863,-8.891737541524108,-47.26983568760941,-32.0144709046143,0.0763888377594123
2.996507419775311,-8.985180427502167,-47.80957295437818,-31.597223082428428,-0.018451347679292133
2.9948325035418435,-8.989669203007859,-47.83550065767226,-31.045759992599898,-0.19139948848721886
2.994284270650992,-8.991138467155341,-47.84398730282265,-30.578245550454596,-0.2849933224600505
2.99671004093102,-9.165363848221618,-48.448708315156026,-30.05590467001187,-0.35739933791560097
2.888788066572238,-9.428033706621813,-49.821332588231826,-29.501296452086663,-0.48328443816074584
2.88695804930949,-9.432547749203257,-49.83910408920562,-28.94253449863126,-0.6427918998901562
2.8271484375,-9.580078125,-50.419921875,-28.399346979021445,-0.7376175139270256
2.8271484375,-9.580078125,-50.419921875,-27.824595579833172,-0.8626388441873422
2.7879499175900704,-9.641201240791755,-50.71092105670422,-27.206339981676066,-0.9657213843252491
2.6874271739326687,-9.797948569884651,-51.457174645211715,-26.620932886370582,-1.0891047987162241
2.6958905667217232,-10.002856518561712,-52.192438200944785,-25.95079743206624,-1.1802888944394372
2.669890601417754,-10.189999040446533,-52.872429060808585,-25.397278093253675,-1.2966804053288998
2.3784517900105815,-11.60838860187917,-58.02439962586023,-24.74904461179213,-1.3575810677065205
2.0218626675079574,-12.104070743425265,-60.65707246712632,-24.166983489604945,-1.4744656866781425
2.0133420997868434,-12.110053269697536,-60.686985098487675,-23.539003017115803,-1.5525331545955745
2.0107957232265106,-12.111841151112237,-60.69592450556119,-22.841000021656058,-1.6442721411761805
1.8854274849467887,-12.199865658840553,-61.13604704420276,-22.193038833934153,-1.7829667064525472
1.879339033299326,-12.204140529146217,-61.15742139573109,-21.48711795148124,-1.8002995628796288
1.8761479011355755,-12.206381111303745,-61.16862430651872,-20.858273373721843,-1.8698292227806024
1.8695942460780521,-12.210982613790943,-61.19163181895471,-20.13191585285567,-2.0590457027150295
1.8676599792677995,-12.212340716019417,-61.19842233009709,-19.379286358435763,-2.058705191973329
1.8214915754608294,-12.24102080033122,-61.34957112255184,-18.729362791843656,-2.00128601648105
1.8049867691532258,-12.247472679160557,-61.392483618951616,-18.01004123622016,-2.117783737761483
1.7915421586981566,-12.252728299611174,-61.42743960613479,-17.318928938899518,-2.107750141398931
1.7716958885368663,-12.260486387037862,-61.47903990855415,-16.544932020045238,-2.1530802896030052
1.7516696068548387,-12.268314842604472,-61.531108240927416,-15.867838500584284,-2.106562017547169
1.692299557171659,-12.291523134753351,-61.68547037010369,-15.10847441611719,-2.2288881604421173
1.6829052059331797,-12.295195472055665,-61.70989568332373,-14.381723442401253,-2.2436796721438523
1.6536983366935485,-12.30661270275843,-61.785833543346776,-13.621530320359795,-2.2944972196993314
1.4423841951304182,-12.35122130935526,-62.24369286545687,-12.952502326707275,-2.2492547099381386
1.4159576608786213,-12.353358749625626,-62.292659678923435,-12.25021802625811,-2.140803790131282
1.4102008132419408,-12.353824377008005,-62.30332677895611,-11.600852495225269,-2.0239231895371272
1.2416756076767044,-12.367455092164017,-62.6155940716211,-10.910458324856577,-2.081817088250315
1.0780378838495714,-12.426908717548438,-62.825871313266056,-10.180140644407572,-2.057739185729608
-0.22279247270623304,-12.451322297432387,-63.76609463227632,-9.54683102372698,-2.0333168319760766
-0.2732847109465878,-12.450666554078616,-63.7881713251866,-8.874255616737884,-2.021329296270749
-0.6181976500022548,-12.44670831908409,-63.937164007538634,-8.235820464183519,-1.979189792783653
-0.7061392140900277,-12.451407486630766,-63.95528936807581,-7.535247861136909,-2.018389797710426
-0.7419466036223769,-12.453320858590509,-63.96266951706339,-6.85494951714837,-2.015925574361754
-0.7685809937954723,-12.454744070279148,-63.96815904786243,-6.1796648508711485,-1.986349617314412
-1.1757128480216916,-12.423625285915536,-64.02484932629969,-5.494527006214028,-1.9522490889910864
-1.230758688691823,-12.420496954791531,-64.0167838078741,-4.786989311386421,-2.020230773087178
-1.5103343921703296,-12.41178743131868,-63.9593009529533,-4.230757366941049,-1.8789010375566066
-1.8491606107587266,-12.40123209740627,-63.889635749131386,-3.5463220341681705,-1.954600747451052
-1.8618860975880738,-12.400835664794764,-63.88701929389544,-2.972717409274054,-1.900918006710703
-2.1446267519127136,-12.403148282331394,-63.862850312139535,-2.359426314491131,-1.8936017372958016
-2.3638460287595167,-12.402331983775843,-63.759440092798336,-1.8222705435711077,-1.8587370489834332
-2.5711198335021304,-12.398013779510372,-63.63996977478697,-1.1927762983653594,-1.8288313779660876
-2.8170517743644066,-12.377805548199152,-63.50010758739407,-0.6378900918166863,-1.781513037152905
-2.834811466219995,-12.374814442202421,-63.4901995487799,-0.03854318094998632,-1.7729447791906767
-3.0528009391597815,-12.379282222240152,-63.302626532416454,0.48531395679430034,-1.7963404609122549
-3.2231476254874614,-12.377461055980204,-63.104418031586825,1.0445960875362061,-1.723280471324325
-3.415891048884086,-12.370776312972229,-62.880479140819645,1.6069881978222327,-1.667976210503105
-3.7930810741178775,-12.377081778903142,-62.3928524240512,2.143536337461015,-1.6608761137059305
-3.7988341194781348,-12.379077733415883,-62.38240301513155,2.7105373368791987,-1.4584864864968357
-3.8007382964635723,-12.379738366247565,-62.37894440795392,3.3196242271415457,-1.3702081544533038
-3.872504498752487,-12.4046368445927,-62.24859355073528,3.828060055444368,-1.19084540995725
-4.025602211041314,-12.328110954272361,-61.99403829184149,4.597349394657471,-1.4768935200944722
-4.145980191510965,-12.293481672219448,-61.741739236884555,5.065580428341022,-1.4806660589790823
-4.265023958368778,-12.287801466762227,-61.45085448443384,5.559844662703597,-1.3679269015826494
-4.35791015625,-12.29736328125,-61.20361328125,6.044026716689871,-1.3382721991917317
-4.467425038642611,-12.288237041050616,-61.02818666408406,6.51774021483503,-1.4438277431042679
-4.639851343411409,-12.279106417304016,-60.72768066095045,6.893317309460414,-1.2999062820535858
-4.645953354877045,-12.280347504381773,-60.709788322246126,7.384768257013633,-1.341762239387237
-4.740445787191948,-12.299566304174634,-60.43271729189903,7.783446075100457,-1.311007431343227
-4.886913726333907,-12.296777365673876,-60.11367255464015,8.218260229221457,-1.3823580569010705
-5.0046073075322655,-12.284587260505003,-59.85472770156866,8.583560449470909,-1.3021165915441426
-5.104461693993493,-12.2778274262449,-59.57235996899542,9.04519716638083,-1.2889719764471315
-5.114441661049119,-12.281192763972959,-59.55263212714128,9.499639341366489,-1.304366167894473
-5.227677564307975,-12.319376963909084,-59.328793713722604,9.907254156359187,-1.17836444231507
-5.337930124068653,-12.249201269929706,-59.05574877760777,10.322392259498116,-1.2315614460083095
-5.4140159188776495,-12.22725540997447,-58.80682290993408,10.745004002147084,-1.1744400090820426
-5.516235556019456,-12.20279765965825,-58.52032503749075,11.185535808530531,-1.0962302828878336
-5.620683528392838,-12.175650588383123,-58.217199454035786,11.540284861082384,-1.0908515429584975
-5.627404159695236,-12.1735733023442,-58.193005181347154,11.970733563302915,-1.0461777160797392
-5.699780189105678,-12.151202529617336,-57.93245147546956,12.406503196431146,-0.9539097538379789
-5.786101101544148,-12.159006356764715,-57.65211441906608,12.8299561306752,-1.0388734728568658
-5.887099794306209,-12.149404832480775,-57.303885414637605,13.226688619261509,-0.9552107387611487
-5.918833030474016,-12.095596301587538,-57.007248641764626,13.602155054607266,-0.8516376927545984
-5.924463673026271,-12.08604869030328,-56.95461437442833,14.028736502882282,-0.8359743500319646
-5.971564140316874,-12.052329053606643,-56.690394117092644,14.477721025491164,-0.8192239931169494
-6.056810377877235,-12.026318473562679,-56.34178414859898,14.815705151314049,-0.7757440518008776
-6.11442975704398,-11.987386460612175,-56.01942708136881,15.175265399443447,-0.7453612251096426
-6.167210277354013,-11.942823668517988,-55.571132426807885,15.580260683958087,-0.7203938870487128
-6.206885047989398,-11.917106806529771,-55.28880701250937,15.962710918883872,-0.7094944892626844
-6.2476185457400435,-11.900836956650243,-55.056421707873334,16.332225247843695,-0.609949900916266
-6.339169241200417,-11.867404765474513,-54.479110640483434,16.75018953942154,-0.6265785636822517
-6.348455537528091,-11.856570753092226,-54.388569251288615,17.153129342346773,-0.5997236252679752
-6.381169164503798,-11.828865851686624,-54.13568841809637,17.532667214457533,-0.5258440472347004
-6.430489392916225,-11.795541373029579,-53.807775548111046,17.930754726048804,-0.48167663314396886
-6.479651917756651,-11.75184943832908,-53.44846912176096,18.27769926521566,-0.5096417502113096
-6.524511625602766,-11.705587864612772,-53.10080638595356,18.678351645472986,-0.41186151631422474
-6.527668971842212,-11.702331851303343,-53.076336952597856,19.06044988435427,-0.42777958653899656
-6.6162109375,-11.64306640625,-52.451171875,19.48371513232709,-0.3236034708724669
-6.616436460291118,-11.64293109257533,-52.44933762296557,19.863676814186064,-0.2976779645106991
-6.660038509529832,-11.6167698630321,-52.0947076224907,20.29221487718823,-0.22890235669663134
-6.729615957569622,-11.565843318192313,-51.706292514741406,20.683179362443823,-0.20144791886861782
-6.792962787079306,-11.507249795282476,-51.299086070775516,21.14099346184983,-0.08927057751179626
-6.800247582728035,-11.498750867025626,-51.20268394169066,21.505054229612227,-0.04227609069942784
-6.8308343985577755,-11.463066248557595,-50.797918412210436,21.992081547067684,-0.021695744703532534
-6.853474786678183,-11.422882635894311,-50.38628640783471,22.33815187642604,0.08021621358347693
-6.905088583490352,-11.37855831444588,-49.95335567252486,22.733896207091433,0.14204820380410663
-6.964452336343487,-11.340635321113501,-49.5229691066099,23.18570986785275,0.15870793275011688
-6.934999486282409,-11.323921765335934,-49.12343966599839,23.604438630289096,0.28285020987412657
-6.938156320802528,-11.318594607083234,-49.095126806396074,24.039764298728187,0.29071176078469074
-6.979613064184355,-11.2486363526264,-48.723311639190314,24.395210713865268,0.433038375878871
-7.013582653383493,-11.224228389581135,-48.303649540661276,24.78811059965301,0.4069089889249507
-7.022602640261908,-11.221213604069037,-48.13340580217493,25.213426373597457,0.46891833555801243
-7.051474548513817,-11.146146642614076,-47.58772673621386,25.610734612418995,0.5067239703967692
-7.081533603676506,-11.067993099191083,-47.01961059363904,26.011409475034753,0.6184429879534775
-7.083681437282598,-11.062408731815244,-46.9790165384839,26.419435401243476,0.708460245175763
-7.09228515625,-11.0400390625,-46.81640625,26.84287700278415,0.7369731173318437
-7.138617964453189,-10.956198742894228,-46.209667094958235,27.25735759677633,0.8356435776274675
-7.159604876020185,-10.920515310799692,-45.88643316064702,27.67525169643369,0.983666975543716
-7.163164364703601,-10.87165537698442,-45.46019855850416,28.111185357025704,1.010069489483508
-7.165880273854153,-10.812800174406293,-44.95872678504204,28.527033334176537,1.1683047420473367
-7.167106746814479,-10.80875281363722,-44.923894952968794,28.9158097726621,1.2018444385913232
-7.181478232218859,-10.761326911802767,-44.51574476748442,29.356509829971003,1.2880876008797963
-7.186330125571504,-10.684663595853284,-44.01225844440465,29.784161069914944,1.4030001644194237
-7.192714125226774,-10.601826110103225,-43.55741407962935,30.20400097163457,1.5249812059954229
-7.205857302045335,-10.54341199090962,-43.342742191592855,30.626491530871505,1.6340411713686227
-7.216524898552222,-10.508537770527408,-42.90992256423224,31.027004796487063,1.6877687895388487
-7.211966783455121,-10.400671537159859,-42.27870938249809,31.46772650915338,1.8029023387536187
-7.213433917105191,-10.394900811469581,-42.23518441754599,31.93411682465171,1.859792775347192
-7.230427105770803,-10.328060936051505,-41.731053153799486,32.32078310343945,1.926869274712091
-7.232113040675011,-10.250162733632544,-41.263746883935184,32.78354620149247,2.0853724509259437
-7.217511350338072,-10.188841964526507,-41.00355830540145,33.254823860527864,2.174587899084847
-7.240397779757192,-10.120434331906505,-40.526890295355386,33.663973437578306,2.2420816225022073
-7.240816278928312,-10.11499384268194,-40.496653730241945,34.21372883810329,2.4790696456302364
-7.2455328515728095,-10.053678398303477,-40.155881356677014,34.67561431037586,2.6099812968044738
-7.240266921635058,-9.971052291348487,-39.73225897837645,35.1020939509703,2.749762039318892
-7.22222431138793,-9.873046875,-39.24307005004316,35.57295577890159,2.7536234320188755
-7.232036406150605,-9.861849952290076,-38.878271360130405,36.02579694860134,2.9100482232750577
-7.233763302454411,-9.855473719783715,-38.84426478676315,36.419842080663415,2.991421915906338
-7.254028423849661,-9.780648656170483,-38.445197780825914,36.83957172861443,3.078164522277931
-7.262152595925202,-9.6980326295667,-37.97590066762662,37.20035926504485,3.1885611965320937
-7.2473196492910565,-9.644274034831454,-37.667677507366875,37.593188166121195,3.267118225436237
-7.199013120388575,-9.609293444936554,-37.479448618884796,38.023114451902444,3.327276102205037
-7.1626755488523495,-9.538736536035554,-37.10681312773625,38.34575872556434,3.391964419079317
-7.168979335122139,-9.525528602898852,-37.04437562563548,38.68008568598054,3.5037773327501287
-7.190537663781259,-9.4803587714226,-36.830845513202284,39.08009592884113,3.564961078270913
-7.193944492234176,-9.42710541301311,-36.538482427915454,39.39855005549376,3.7053162945343123
-7.163019526856944,-9.382926891045635,-36.23365062633988,39.721526495596635,3.7072800424538728
-7.192301426865957,-9.26723825859224,-35.732230455988734,40.035032806087116,3.8341340171954292
-7.163393269307964,-9.214218423851959,-35.4875301686938,40.36820443923912,3.909076950592184
-7.1630859375,-9.2138671875,-35.48583984375,40.66676380306831,3.915718816620272
-7.151085498920247,-9.179865944857365,-35.311166793311365,40.944087935068836,4.009480587701001
-7.1283425922392425,-9.115427709261189,-34.9801311516212,41.26901130824328,4.1660650482504
-7.11823205734937,-9.070275548086757,-34.72080907046297,41.559158811332225,4.2340398709194655
-7.11669921875,-9.0380859375,-34.50927734375,41.781453687371396,4.23011622405075
-7.1135133366110255,-9.02352190486469,-34.44146356679184,42.082187213229616,4.2816212324134755
-7.103154379316961,-8.976166671520392,-34.220965761532455,42.312202218007315,4.343224322532701
-7.101935862153044,-8.970596307342488,-34.19502875332908,42.531071312391845,4.398143562348449
-7.092983450020274,-8.931248595921184,-34.02844980452483,42.76009810469904,4.462912469526481
-7.088324036872842,-8.886395076881476,-33.834590709720956,42.988888249496654,4.551529518576167
-7.09717077908546,-8.85985485024362,-33.697466205425364,43.15519914944937,4.549734912588116
-7.077664706985864,-8.812522314944811,-33.54090858890879,43.33832306372736,4.613966786134493
-7.076325715742399,-8.810080625030258,-33.53366228335592,43.48857099455719,4.698078507759194
-7.046646512582214,-8.762531773540267,-33.40784357285151,43.64069894241581,4.707912793470565
-7.022825550466859,-8.742494878913279,-33.3555167838776,43.73040816370627,4.732930669487744
-6.99547733820922,-8.725222323803191,-33.2979416001773,43.85223336987474,4.717428472788912
-6.986013580400728,-8.710796692051456,-33.27249386620218,43.932036849652974,4.8035450524399
-6.978238666350577,-8.707439480747116,-33.25744268544899,44.02422390557214,4.874776501224013
-6.9688989923300575,-8.749751679449904,-33.28946767773922,44.08879575075227,4.830582504655149
-6.968524174046801,-8.750376376588665,-33.29459019427705,44.08400716335288,4.871238810382393
-6.964296124813443,-8.757423125310927,-33.35237353379961,44.1169916907111,4.951713338636917
-6.980522350643867,-8.750949762178067,-33.40306725561405,44.06389877738499,4.868764495504486
-6.967822392831768,-8.745015614823458,-33.477074025395716,44.00600757466083,4.8133985951379845
-6.9522106531736005,-8.746264553996111,-33.500803869676126,43.93010229463508,4.8016431523996665
-6.930677596497402,-8.801231819330157,-33.74179783365815,43.82208051815397,4.772408480161237
-6.946085197381548,-8.892395641427678,-34.139790846910834,43.68693321344253,4.8105727727636
-6.9442562048571395,-8.895139130214291,-34.15771497365004,43.38130200117601,4.705025579006787
-6.908134227799274,-8.971125509471733,-34.62301098244633,43.17805267050181,4.657207015215549
-6.909782584887952,-8.978543116370785,-34.68812108744911,43.01142526562566,4.59240808002943
-6.909969736238862,-8.97938529744988,-34.69551356581007,42.75183493704415,4.522168539406778
-6.905689262235549,-9.008319295489887,-34.906072059604064,42.502505540490006,4.381913575739942
-6.894163147627384,-9.050101460944484,-35.188461867504095,42.230967438003404,4.40953218787099
-6.85302734375,-9.17408002216709,-35.86341835726965,41.93475999169476,4.251842628828741
-6.85302734375,-9.17958552224798,-35.892226206530125,41.66124368032135,4.230013149186927
-6.873743231331269,-9.243807013697433,-36.244929927963746,41.25761814738402,4.081932612677414
-6.8775895465552,-9.2744579228344,-36.55726377002574,40.9629496005642,4.027494627533427
-6.877203716896355,-9.275615411810934,-36.57514054421886,40.595561121431615,3.932965148052526
-6.840213131652559,-9.401806422444327,-37.322977337449366,40.22913475474968,3.8809325247255146
-6.823942520176787,-9.52617229320509,-37.97124850732953,39.79816889450976,3.7673612432024832
-6.8227427719862925,-9.537141419518182,-38.028150850078696,39.36948103411632,3.6328469578386486
-6.822373714930823,-9.540515655453909,-38.04565469899528,38.87995473092593,3.497160911331535
-6.802937664911189,-9.608032582696929,-38.47021744143642,38.320148157016774,3.434896856567985
-6.746027859592413,-9.786158707173799,-39.665563878314515,37.811892207341884,3.2582671173819597
-6.743759969632543,-9.798254120293103,-39.739648283670256,37.261568210009926,3.106068225392483
-6.685558477333367,-9.991026873363875,-40.82573413272755,36.684603291552605,2.9565524330100237
-6.676886224765908,-9.99478484947644,-40.88528360035743,36.101653254600734,2.8367505770754415
-6.629456270020285,-10.060953770066176,-41.48528136243483,35.41782878468811,2.7726840308500753
-6.623682153322105,-10.077698708490894,-41.610579694785315,34.79168185748054,2.593459901336279
-6.5986069560311815,-10.159979742204595,-42.199595698851205,34.198228066147465,2.387151432418405
-6.569959517016662,-10.264565219663417,-42.805465380904906,33.49364450118878,2.276932940743253
-6.505559719526595,-10.292838301488324,-43.14945454310795,32.86386667946792,2.1503973240335097
-6.37774396862003,-10.609436241598916,-45.269138476772916,32.222063036240456,1.9420246800996208
-6.37230880730041,-10.618619790035515,-45.334266702930435,31.521336296835983,1.8723185309916934
-5.811783939999451,-11.251298757312954,-50.39665636244095,30.834421809991625,1.7357895732487572
-5.794939256138761,-11.265195621498023,-50.502356753666774,30.163695929093336,1.612356046037499
-5.780612333942174,-11.277015332310206,-50.59225819045036,29.454190290144766,1.4217104042730235
-5.750384888508936,-11.301952974792629,-50.78193541054393,28.751228449255024,1.291828967606314
-5.697112807159916,-11.34061322658773,-51.100067040122106,28.050306792004278,1.1530563749684823
-5.439831983259149,-11.588515468452302,-52.859995063614825,27.357859120533504,1.11746544999482
-4.505989132015892,-12.145724620456338,-57.05552895990865,26.658239401278095,0.9148223273566789
-3.724524927245011,-12.36934957906042,-59.549021921771065,25.970984639664636,0.8591350272511848
-2.0522262722567053,-12.613224971117253,-62.85748735671892,25.247499065574246,0.731454383674498
-1.5193963819934475,-12.647210398027974,-63.5789785077495,24.5230882009364,0.6319689092723432
-1.4950627718406737,-12.650597034492534,-63.605820737505645,23.876580393830864,0.5051574682516219
-1.478417792230082,-12.652913603819782,-63.62418169439568,22.428792747886874,0.3941997680643807
-1.413599508622862,-12.66193470514656,-63.695682275281996,21.66682883446491,0.26368521761938296
-1.369232131578269,-12.66309016707772,-63.7522668522489,17.273389319378197,-0.20945648859429172
-1.3496793980089028,-12.659288246661454,-63.7837684785551,16.59904936403474,-0.28229414062809915
-1.3370631718986319,-12.656835091584457,-63.80409462062165,15.122331761093221,-0.42191893428343613
-1.1948385936384105,-12.633787008944513,-64.02582737363117,14.396866974159693,-0.48026934519562864
-1.1716977355404896,-12.637092845815644,-64.05055993096335,13.733634654988975,-0.5814371709175268
-1.1345332245129742,-12.642402061676718,-64.09028073110915,12.322969799866058,-0.7509295238150618
-1.0823381403063501,-12.649858502277665,-64.1460659533829,11.619527480010333,-0.7872987358007729
-1.0652754189873135,-12.65229603389467,-64.16430230103605,10.979183645205197,-0.8966625502926888
-0.974469520122054,-12.665268305161135,-64.26135410828886,6.594492726722223,-1.3072702438758625
-0.9207732093616092,-12.672939206698342,-64.31874381608574,5.988980084433308,-1.3335405514196101
-0.5898063128607426,-12.709728322466187,-64.62094551575422,5.398292339768133,-1.4103516751196068
-0.5323632711545916,-12.714102158129093,-64.6635175162065,4.80966567360727,-1.440237720648166
-0.1801311481071014,-12.731210013503942,-64.92361207592181,4.227356133015178,-1.5613003039825417
-0.1521496008283698,-12.73018001789859,-64.94404032209462,3.5656105804563083,-1.7040101283923081
0.05147728036360377,-12.722684549879254,-65.09270043781146,2.960183634651017,-1.776044060114933
0.2781627818875057,-12.731499986761063,-65.17323211827055,2.3123133904640696,-1.847971864966326
0.2839494063864629,-12.731965577237991,-65.17409678629913,1.7475476753657517,-1.8503916412480121
0.8787796214449949,-12.716648736937021,-65.162735039559,1.1335702332069104,-1.8621423069077194
0.8899038532703086,-12.714064319442251,-65.15846513239372,0.27066436160339435,-1.4771985614244
0.8937105157902917,-12.713179943301245,-65.15700398920423,-0.27005604850853615,-1.521506541548973
1.03944176890493,-12.679323187527137,-65.10106674053397,-0.8258752057654419,-1.5922497034718877
1.3136596542231251,-12.605563283244033,-64.9226759117418,-1.38164682315481,-1.689346661761292
1.3210912721220254,-12.603841322999164,-64.9165131066549,-1.977505958414497,-1.7341854734905826
1.323570982846633,-12.603266755880048,-64.91445676117597,-2.4905537692782502,-1.6962302502391902
1.440601631238528,-12.564436719716392,-64.79440165994973,-2.9994152559608835,-1.838270006982802
1.5700446801839465,-12.509566159893096,-64.63815746498746,-3.549679125589364,-1.87816820907094
1.6311388390149426,-12.458588171489028,-64.5014254280161,-4.057884766521354,-1.8630608060806424
1.6421201863265742,-12.453350913540403,-64.48216583426955,-4.537868112487061,-1.979435736432219
1.7716388340610525,-12.39158048154396,-64.25501005208908,-4.994480577254322,-2.049630867495263
1.774727611432372,-12.3901073723361,-64.2495928117763,-5.463569630413517,-2.0827726722682725
1.9807549999253464,-12.25934515410993,-63.851218238000676,-5.962773229921581,-2.1383405006013527
1.9908192393543955,-12.255291502117673,-63.830530634729854,-6.422935934273994,-2.1789478562899727
2.1770253835516638,-12.150171204211937,-63.31284092007601,-6.8819729398991,-2.2056288722351867
2.188969098803899,-12.142798540475988,-63.28688914372548,-7.360324233572925,-2.265149059368695
2.493231490972726,-11.910656565728072,-62.43306264016628,-7.788862056980008,-2.2672028076134447
2.503299039790232,-11.900942264237495,-62.39597167083862,-8.292101531474188,-2.3140815010977165
2.507232530036601,-11.898173933800127,-62.383283375934916,-8.765167151677545,-2.318694057608774
2.539097577038056,-11.881356270104915,-62.290343655514,-9.162223148375801,-2.3771016943174423
2.54462021247272,-11.878441545847732,-62.274235968829565,-9.602698264023331,-2.3630800952440487
2.739573182512286,-11.751786140293252,-61.76257131649192,-10.132587835955675,-2.363644494046034
2.745628235510161,-11.747610241674026,-61.74725968822143,-10.55250867000602,-2.3881735433666953
2.846361824280589,-11.66031373677689,-61.387387346385374,-11.012495558249597,-2.4037660825222833
2.9188135076264055,-11.578990418735668,-61.01921450652602,-11.464607499204533,-2.46907491353671
3.0115205033880454,-11.44474236634111,-60.57559417319519,-11.94022909160985,-2.520674131084907
3.0227484300172383,-11.428230709533473,-60.522096405138456,-12.352421409968855,-2.4972998662253834
3.0992827047819227,-11.285991240331601,-59.865748941360124,-12.88680055026174,-2.622366330152616
3.097985407411293,-11.279288537250014,-59.83418137200813,-13.25421582839381,-2.6685677760659563
3.2335322348753546,-11.070394177096,-59.01543736699433,-13.607642634205291,-2.722294800273738
3.238378926042511,-11.05370001863135,-58.93789030831982,-14.050824148828625,-2.7693353266323926
3.2635185272172706,-10.956276648612114,-58.52749311418453,-14.53385673973041,-2.7493402963633207
3.289112626943996,-10.837735555140966,-58.09508753459091,-14.940375538280819,-2.7956736478618582
3.2957412721023305,-10.807034461776047,-57.98309831902115,-15.356392539829685,-2.850699545581432
3.357607665276615,-10.700227608812472,-57.629799571663476,-15.777913085445832,-2.802886050100045
3.3777961843416926,-10.590130650760168,-57.22180868764882,-16.19572203042972,-2.81414162808251
3.3737630768610156,-10.480745750860585,-56.794038766673836,-16.669489993458498,-2.824385448720078
3.3777457810711438,-10.38773156280661,-56.416236001313315,-17.170786545791543,-2.8121107923267785
3.4369534507736805,-10.286232700459404,-55.981482540926116,-17.50776870960236,-2.888196212997052
3.481476593663121,-10.232205533295433,-55.66414675256671,-17.914232424359483,-3.0949071637755146
3.4849895273026714,-10.228473041303412,-55.639336658737385,-18.34571355411032,-3.0823737312124457
3.468362639542616,-10.155188839420465,-55.300087829460885,-18.72751063608969,-3.157417563150466
3.463238259171377,-10.07816900102978,-54.91658472234257,-19.06019007984608,-3.1585680600784856
3.5081598390954376,-10.02890017143565,-54.56880474873694,-19.475103685457356,-3.1433708180025373
3.53802856888987,-9.932889493978948,-54.148334966321414,-19.88853851296831,-3.108675596349621
3.55224609375,-9.8291015625,-53.7744140625,-20.239058704434782,-3.0414248292139088
3.5665025442613105,-9.785581871465473,-53.58457816884939,-20.63566740635889,-3.0548346962429327
3.568875332026267,-9.778338624604027,-53.5529826265055,-21.001390195130952,-3.045650323667406
3.5976154905203575,-9.683227247685501,-53.14229230913907,-21.46301739828698,-3.032306647430052
3.579233594817698,-9.568913434083365,-52.719791387031435,-21.820513172561604,-2.9536755052486163
3.602240107013862,-9.495292595055643,-52.30567416750049,-22.22137346429956,-3.0407780840523975
3.6186438785542148,-9.407292167767336,-51.90992933166987,-22.660442767645534,-3.0549882009592304
3.6192123602366983,-9.402886434728087,-51.892377459723185,-23.07256094839066,-3.0366843986712357
3.6314474319845416,-9.310870796222359,-51.524633409154895,-23.46577518203226,-3.0344363497684808
3.6532773492936395,-9.213559137530641,-51.095276705727485,-23.86516979484739,-3.0958917288565013
3.6743820575105044,-9.137871750262605,-50.750738576680675,-24.315254309443574,-3.0579060297984197
3.6796881727100104,-9.042732121303446,-50.29154673545398,-24.675588513180415,-3.0173131981743526
3.679220462224005,-9.03750935420972,-50.261769167844975,-25.15786350562017,-3.022520789581725
3.674232494527681,-8.981810381600772,-49.94420189117903,-25.575170448723483,-2.9972421785227272
3.6717802439166225,-8.91461208528359,-49.57765897066782,-25.944673136265777,-3.000844250814004
3.6882534317419995,-8.823035279941603,-49.15927529732102,-26.35687883846859,-3.010779277126509
3.705128235745984,-8.735286299120883,-48.745842599223394,-26.800176199658097,-2.9415656332823854
3.6799963227522547,-8.699198712302707,-48.50077981873591,-27.247665329259036,-2.798725215833083
3.666384322345269,-8.632652976016416,-48.15044003804627,-27.612553830561055,-2.7592296430071586
3.676269014002913,-8.52937601380429,-47.71767826403602,-27.983010804083463,-2.6828233930593783
3.68172031337932,-8.518691467026533,-47.69151202702926,-28.38633025123184,-2.6805589137274204
3.717974993371718,-8.429099500947792,-47.40608602178878,-28.806116758945095,-2.7001915270336503
3.7048734771277028,-8.35661407951959,-46.99288050850471,-29.174469172593717,-2.5965338736514307
3.7066530329123615,-8.211909203980099,-46.4599841089026,-29.569043413082824,-2.5836264252126266
3.703456126817834,-8.20597209266169,-46.3965026878827,-29.999811362362763,-2.5596425603210218
3.6922249322284246,-8.169130363964495,-46.09118619607373,-30.418519699974297,-2.5357692529279126
3.6970096265317713,-8.084600764605371,-45.70522085560377,-30.792687360229763,-2.4135629545495623
3.700437161357675,-8.000438401608228,-45.351362981432914,-31.23328812429881,-2.351860213244604
3.7035751493230853,-7.901591780697819,-44.955976497791276,-31.59088112708622,-2.330941445339277
3.6683441247867323,-7.839929213920112,-44.611916179496184,-31.991374420922043,-2.3061419269777907
3.66305869097501,-7.830868470242875,-44.561075339973904,-32.35202119666117,-2.2615269943630247
3.6646274259490346,-7.772919266386444,-44.32971164147675,-32.715467808191164,-2.1113531090104742
3.6468229489549313,-7.725837608772076,-44.039233745930105,-33.06732496391932,-2.1244679868694263
3.61083984375,-7.705078125,-43.79150390625,-33.38043122692994,-2.0860858926962402
3.594822784386475,-7.657026946909425,-43.611979365883826,-33.7362959146176,-2.013425279720455
3.554173646708251,-7.525955783205698,-43.12165826488389,-34.03789604648419,-1.9576629115014004
3.558875524950593,-7.517805860918973,-43.08968549283597,-34.31753286246828,-1.9256711225317
3.5861097494132905,-7.470599871850297,-42.904492766489625,-34.610420337788554,-1.853983663157142
3.5735754401976965,-7.40064919279336,-42.4091417756696,-34.916533710410334,-1.8106307642839063
3.57169938273093,-7.398943686005391,-42.39919298607311,-35.18475716948201,-1.7620140754351545
3.5255726508400307,-7.357010293377301,-42.15458152907592,-35.46614536420482,-1.6815605604114707
3.5330786984981337,-7.304141717877799,-41.93555899254531,-35.774979689100974,-1.632901972187786
3.518708145794961,-7.2402303858323,-41.721932785943544,-36.01288128826644,-1.5452781124665427
3.488074779765083,-7.178017489488788,-41.50504522532368,-36.25913122497991,-1.4773223982446788
3.486970737536706,-7.176398227553835,-41.495992079050986,-36.54455854931139,-1.3825014280485524
3.4447210099570795,-7.125616638735694,-41.09559468816342,-36.80346986132231,-1.3393809064944209
3.421621044895703,-7.095397872883911,-40.892870727342775,-37.02670466221984,-1.271713740709016
3.4208742720709755,-7.094231040345274,-40.88726993115731,-37.29641208883305,-1.2177428698881836
3.40087890625,-7.06298828125,-40.7373046875,-37.52446823058041,-1.2016230110151969
3.3883885553091844,-7.03106849551236,-40.58186920912541,-37.74003189756677,-1.0739002733630094
3.3875612618120026,-7.028954301019563,-40.57157400116048,-37.950055871095415,-0.9811780101068529
3.371983244413453,-6.978278539455494,-40.36867586068498,-38.17132666500428,-0.9681842407442867
3.3613032303051926,-6.934223481258919,-40.2218256666964,-38.376306872651675,-0.8484436320367436
3.326787974024652,-6.9231660049666335,-40.13324197433267,-38.59006703013953,-0.7950263658996343
3.311414058869174,-6.89932945128884,-40.025970130751226,-38.79347629677113,-0.6492826065016314
3.3116810218285253,-6.897549698226497,-40.02018593329861,-38.94986384055313,-0.7220391313077054
3.2990788663831694,-6.85100523864145,-39.831941287348926,-39.11362966556769,-0.6151964573113385
3.2666041853178154,-6.808197704509848,-39.61937973855752,-39.29540812997047,-0.5208642295127949
3.252541329809287,-6.799463457452322,-39.45432975098466,-39.5019972062118,-0.5107576609302971
3.251953125,-6.783753327686351,-39.38199215913904,-39.67792880029815,-0.3806597876733705
3.260823374723527,-6.721680845408838,-39.24458227815179,-39.80707180342689,-0.33630188192197563
3.2489145639780403,-6.723439573781371,-39.10417970635256,-39.97676196300264,-0.30142894765993905
3.2483767947635136,-6.724207815516409,-39.10056897019788,-40.13961721623824,-0.21988772594873549
3.252584848581742,-6.695744270300421,-38.96955799185473,-40.293873516874015,-0.1413717664094256
3.2588188167917234,-6.661457445145521,-38.83137169653346,-40.38886045482717,-0.09730905127962317
3.239029945224632,-6.624634112106661,-38.68268748998563,-40.55155898117087,-0.07294154261820138
3.2031689875247435,-6.589044794528157,-38.528854790513655,-40.716871604391365,-0.00033595063219580776
3.2036455519183766,-6.588985223978953,-38.526710250742305,-40.85182326014243,0.05766784311653533
3.212496371883639,-6.578230781650344,-38.40873203325172,-41.042489570056325,0.1539170036541937
3.1986259563456345,-6.556710856632538,-38.2826136715234,-41.15580136351486,0.2117979960435624
3.19414862384676,-6.538801526637038,-38.152771029056034,-41.264643950737074,0.263367767780084
3.1688383709636425,-6.509832948053834,-38.026636479715336,-41.358032926109125,0.30507766788381124
3.151344645848846,-6.478072427052308,-37.900468793629,-41.55573040601567,0.37486694832458684
3.151649139926936,-6.477463438896128,-37.8980937398199,-41.675020688651564,0.4795904530207759
3.1540356782598375,-6.448899319494574,-37.78405736941826,-41.80179994226518,0.6022632770484835
3.1433269316154324,-6.42078885955301,-37.6689383429909,-41.950417434509454,0.6188379796951519
3.1315023976966954,-6.393822477917977,-37.51229520907749,-42.16696603174951,0.7831585416925073
3.1404177971332747,-6.295765361164387,-37.176432961038834,-42.425160773260494,0.8817331050885945
3.1408367983640955,-6.295047073340122,-37.17116551699423,-42.55457321644898,0.9335796096142918
3.140968581009273,-6.294821160234103,-37.16950882088342,-42.65034539156696,1.0019948501100298
3.132764614547554,-6.270316328522889,-36.92079306637155,-42.8477714912961,1.0757982957256802
3.127428538480472,-6.269905861133113,-36.90068016427255,-43.013842416824,1.154421555788922
3.093040286491214,-6.226237732687114,-36.79180140982306,-43.11592198221947,1.2400456177703998
3.130234651857199,-6.2158203125,-36.7035738034642,-43.37305634271491,1.3587596318825084
3.07017455763923,-6.203381961953902,-36.589506850891105,-43.49178753062478,1.4292882960032458
3.0706126427865894,-6.202787417825343,-36.587253841561825,-43.61168397953754,1.520670548124435
3.0918035579676926,-6.174028318650989,-36.47827199205901,-43.71834800972941,1.5619238710836953
3.0818612003282984,-6.147129585262639,-36.395655994406596,-43.81672361450537,1.6597430531819426
3.0896526403268374,-6.140652301381881,-36.28991198646214,-43.85875314881867,1.613375389598931
3.106312289065672,-6.138272351562047,-36.173294445290296,-44.02998064466744,1.8386027091337223
3.0992273271238076,-6.14016736480582,-36.10670272050978,-44.16780763017282,1.8625139547999903
3.098341326076146,-6.140364253927523,-36.10365093912339,-44.22419946780919,1.8881026826343086
3.08837890625,-6.142578125,-36.03800725584626,-44.28852725099682,1.9842663807793968
3.08837890625,-6.142578125,-36.0365515735183,-44.33151863445173,2.02732593807669
3.0976567478440034,-6.117666322213932,-35.90965651833792,-44.3769239713192,2.0306917919964893
3.097713170164408,-6.116594298126248,-35.908358804968614,-44.39360644609251,2.066344123957503
3.100385743298661,-6.126328133889289,-35.87826659156205,-44.43956997635303,2.118277457722748
3.1004722286751876,-6.127020016901502,-35.87748822317331,-44.477016441793864,2.185103033498206
3.0830620085535454,-6.129181396710461,-35.8539340779617,-44.49503484033707,2.244913784386835
3.0923676826584505,-6.119711432658451,-35.80667653927034,-44.538158287329125,2.253252586663195
3.0945511938820425,-6.121894943882042,-35.80619131455399,-44.57269419198738,2.3034474239896183
3.095183896346831,-6.122527646346831,-35.80605071400626,-44.61776903370173,2.342525002377082
3.106646403559424,-6.118825121272513,-35.82723395737094,-44.57394234853394,2.3476636013295806
3.1066182304492305,-6.118458870839999,-35.82776924646462,-44.67917811494036,2.421935659661383
3.1040445732374162,-6.105610002592035,-35.852709053836215,-44.62079640548088,2.416657792611024
3.077797907227635,-6.144208040841713,-35.90983415044573,-44.60565771623421,2.461030071365511
3.0730928650810747,-6.17063612880405,-35.95819744891215,-44.54280944562765,2.484354866969499
3.071032585118085,-6.219879854139538,-36.09838905130975,-44.53417012657745,2.4462918654392496
3.0714571418398475,-6.220905866217132,-36.10047645519175,-44.44046047412374,2.4062660300962544
3.0970725085672632,-6.254936878115369,-36.20163143273063,-44.38598251248986,2.423808795376532
3.1314723601710837,-6.267445915062212,-36.3079582467788,-44.354986805926444,2.4902806706709444
3.1322101421594972,-6.267714199421635,-36.3102386638339,-44.22035974992413,2.431699109383482
3.1298288139230213,-6.312570851074042,-36.424059824776386,-44.06854905550145,2.4364693388360474
3.1391546699438204,-6.356640076369382,-36.622232158532306,-43.963465028191436,2.42937962939189
3.139740878001385,-6.356698697175139,-36.62580802768345,-43.83766258029503,2.4320839565303145
3.144614068219604,-6.410490105683909,-36.80200280470218,-43.662217224145316,2.407659705671192
3.144557545954473,-6.411761856649354,-36.8051680515495,-43.52944671152675,2.434973005867074
3.132028569240196,-6.479232919730392,-36.984233302696076,-43.2740900201312,2.2348626259175366
3.0993051762189463,-6.530886899831124,-37.2039451174126,-43.079277631029775,2.124107046342954
3.090888905729767,-6.569812150843578,-37.43434052205388,-42.82280156525362,2.07316999107169
3.0856601667318873,-6.609197681406529,-37.670261881219254,-42.61494782546064,2.0103412777114875
3.1043484982949465,-6.654049677157871,-37.95993102044667,-42.41389158406835,2.0145517064908898
3.104842020488596,-6.65523413042263,-37.96758061444823,-42.148230535493965,1.9644270398457981
3.1266833661763487,-6.741913862080023,-38.2367438348229,-41.920925131237894,1.8888394348416233
3.1145667461558157,-6.760954264969433,-38.383874220786524,-41.652512816339744,1.7975191894334113
3.1240980347483536,-6.853002631114769,-38.733553419714255,-41.45423761909573,1.734764953967787
3.1466898821797633,-6.981343815389851,-39.1908795601485,-41.150428318134665,1.6753163998788592
3.1483383835882903,-6.982384974174184,-39.20129114799183,-40.81887932721183,1.586236411650642
3.1890885342600495,-7.008121911440558,-39.45866052065558,-40.51503824515344,1.4733802582572766
3.1813620093585144,-7.1096149173606,-39.83971194022078,-40.17441484629902,1.3686067975095162
3.177674815671937,-7.189786341516805,-40.20244465553858,-39.846405448642365,1.3333324670807707
3.1807080511113943,-7.255406269312073,-40.59232025517686,-39.464849940317194,1.2569526452743838
3.1838168016069,-7.3242430728518055,-40.84103197658992,-39.07121052142917,1.0590212066037419
3.183967529582484,-7.327559088314653,-40.85173366285638,-38.73541093116798,0.9752436428218434
3.193357885677199,-7.498997821147821,-41.65904535058334,-38.3167305897436,0.8695182534522125
3.1941624584722645,-7.512836473222951,-41.73161781669827,-37.88107548036042,0.8184913406910626
3.2003880599900074,-7.600890083250063,-42.16148203179522,-37.45402084895209,0.6760575313094642
3.195805889766026,-7.726182797936085,-42.68679010203657,-36.92825625487234,0.5674016087825491
3.19365845539281,-7.728835510985353,-42.70750652775466,-36.40917324369693,0.4259940304591418
3.158923407285912,-8.05758481526243,-44.310430874482044,-35.965095063730004,0.30354614023578896
3.1566390893938587,-8.068720864986188,-44.36325572573576,-34.95363988803835,0.06427466857525924
3.1341872686574628,-8.21867418842537,-44.99684385472939,-34.41350044256994,-0.050353958329126064
3.135796276373113,-8.364218790467293,-45.55193675381202,-33.88970920452867,-0.1405072217208609
3.1430339145652355,-8.519534709190774,-46.15036459870751,-33.28798269588533,-0.2809789564094593
3.140739729827317,-8.525525080450894,-46.17725754202423,-32.73106616055463,-0.380747971862587
3.111715883813359,-8.601309567265117,-46.5174815147434,-32.12797411174979,-0.4986466758685433
3.1028447926249805,-8.84270347549816,-47.58537409561688,-31.577286384292165,-0.6049669711251371
3.0810547807368245,-8.909301548029644,-47.966002124307806,-30.993244771120544,-0.6950945722846971
3.0698348305526326,-9.0155848648582,-48.46988328914186,-30.383284266559187,-0.8589188166451971
3.071028213720203,-9.029375070350126,-48.52411592420145,-29.73531273550259,-0.922989281628997
3.075099031690141,-9.310044839348592,-49.81267880721831,-29.086231342443227,-1.0649825802077466
3.070339361967613,-9.550364022986912,-50.88745702085182,-28.490496177179693,-1.1453400701155205
3.0704725886618234,-9.555559864061113,-50.90726338939108,-27.808163302503758,-1.2601075992609194
3.0677399031854384,-9.772475670968422,-51.74354728941798,-27.155787860659544,-1.3397667933881252
3.067227366571202,-9.780163720181967,-51.773658815504376,-26.503008896578663,-1.4019644516016492
3.0378648685682834,-9.937711136643271,-52.34167683467668,-25.797701511043527,-1.5146132802598897
3.0359673395084332,-9.945607305956843,-52.36903797950743,-25.097959027616284,-1.584623987800663
2.9466564078363593,-10.307671658634657,-53.709720045153674,-24.44241643431242,-1.6559788729481033
2.9455636868910426,-10.31196718235073,-53.726864459985364,-23.73756273278589,-1.7127779858111645
2.9001095420435856,-10.491846988075658,-54.442198457773664,-23.04036806442825,-1.7923041684021663
2.8610912122224508,-10.647920307360197,-55.05926611827828,-22.218886462186248,-1.9428271687940126
2.818219424587477,-10.803847356040913,-55.68343260835782,-21.53954139238469,-2.0072684392005087
2.727871391018938,-10.986171264577525,-56.418040627813845,-20.792673340688367,-2.0906784975637045
2.723659135551005,-10.991675916609482,-56.44680841799825,-20.044429755624478,-2.1131287890368355
2.6221781008554084,-11.124293177859409,-57.13987775722613,-19.369053867728084,-2.2279599350899932
2.5215412719207375,-11.256271793689017,-57.81689447016903,-18.579254373672427,-2.301010939849222
2.4253433748368085,-11.368880205869694,-58.36792463358766,-17.919130734774583,-2.2296009250704736
1.979812951675667,-11.59264997121188,-60.13708790799714,-17.19604672521494,-2.291254374782502
1.9701576985492042,-11.601615563400738,-60.17846756425341,-16.467243552664982,-2.3083163886612668
1.7240735298694096,-11.65449694388806,-60.702551669580615,-15.780726357333549,-2.251529339746981
1.6847475719434637,-11.658429539680654,-60.77265446414426,-13.642194233002684,-2.351543231533524
1.3479574897221624,-11.706312952954182,-61.37921354750453,-12.97743626561035,-2.413381518012822
1.3378496899854901,-11.712730603580642,-61.399589588243536,-12.242447091905134,-2.408915354184159
1.2183737827330434,-11.787256491353702,-61.63865999518177,-11.623349766465452,-2.43563989333457
0.9453486229356743,-11.804500185656694,-61.9806599321911,-10.93268150957438,-2.492995895067604
0.3069427795897445,-11.866254669468537,-62.57125652931757,-10.321187992877398,-2.47065583440866
0.2831088567371897,-11.866691989153905,-62.59290385374329,-9.608643970311562,-2.3825475161862157
0.04981234617470384,-11.865980688407308,-62.75008750443225,-8.951659053203556,-2.411044871652786
-0.22581765314742197,-11.863380405394835,-62.91650561723052,-8.291987282574894,-2.4438863373711985
-0.2389017656015351,-11.863256970371683,-62.92440545871225,-7.6562933747359665,-2.429304954749777
-0.49768734711699536,-11.864664409907295,-63.109431178555454,-7.026941818306895,-2.3970178048337587
-0.7929422983296219,-11.87453764578712,-63.233490265243745,-6.256022017275626,-2.3285743502471576
-1.074026319830221,-11.884490748313606,-63.31952035386836,-5.61042077332732,-2.3169824914221047
-1.3613328217126313,-11.879001834980079,-63.32107576493138,-4.95389413484871,-2.250210048729356
-1.5154337317822575,-11.872365910623014,-63.29821869214593,-4.326767983599808,-2.3383617501661234
-1.7070536134266714,-11.864114336772296,-63.26979660443791,-3.7043285292842825,-2.2949973844471416
-1.9916893841301866,-11.84050926405939,-63.12727740062307,-3.0775760855007945,-2.339274498043846
-2.2560452507320643,-11.802079708631135,-62.92521726389718,-2.504719345709887,-2.254072416041108
-2.4962240390076413,-11.759750498567223,-62.66219045267968,-1.9019383340981193,-2.2141264743605706
-2.9715064926856614,-11.773136963198802,-62.185776830198336,-1.2282369077243942,-2.1856343688199473
-2.989094554021392,-11.773373044559012,-62.16641815866102,-0.6003106714824185,-2.210826194295696
-3.1693429334891445,-11.767667915778457,-61.93611641941263,0.03505711920212207,-2.265950317256318
-3.180056795927933,-11.766499130785135,-61.91916903700945,0.6622073311644954,-2.1833020390284004
-3.359696317710103,-11.761140802121087,-61.64325204419267,1.2265982447276542,-2.2332309803549433
-3.5724888329652282,-11.762682776869314,-61.32097932181353,1.9136156543226264,-2.195695381488054
-3.7402021409100015,-11.762874556399298,-60.993969560733944,2.4720720154680578,-2.1169274873855586
-3.7551663979622987,-11.759199124842594,-60.966010027820445,3.430824208965234,-2.4727340282115855
-3.9561802327591966,-11.709827305769672,-60.59043154701571,4.232447311066437,-2.1054810350240136
-4.2110989046132605,-11.678811173849702,-60.057040104036325,4.844615880748108,-1.9931308320060275
-4.221532597377641,-11.677671862570833,-60.03497344347717,5.465396517016231,-1.9554442976996367
-4.425446063175727,-11.660968565007805,-59.59366652549363,6.081801371557248,-1.856334429827597
-4.522676775096792,-11.662310520948562,-59.34722090189436,6.677364905185641,-2.039905555384883
-4.53866215258573,-11.655373470340155,-59.30951953989214,7.241740193856032,-2.0137509203711295
-4.69642076459933,-11.613710399922248,-58.94998148293849,7.832956203197739,-2.000985947104717
-4.83603667152504,-11.60853944040648,-58.64661852468016,8.370174267285478,-1.9565408119409664
-4.987998398659117,-11.602911228290402,-58.31643008053698,8.842825460524907,-1.8745358023372953
-5.104443711008202,-11.59671221827223,-57.96205119944906,9.44697002190064,-1.898614845968618
-5.2110868416222536,-11.582715997978754,-57.62010688441511,9.906422913221704,-1.898126524208461
-5.328539960312865,-11.57136988978536,-57.30961404368051,10.433720410807226,-1.8461199908172456
-5.4623008259666355,-11.58558397878542,-56.99565274399537,10.933101109327879,-1.8591526262614977
-5.469518468757558,-11.584681773436555,-56.98144300975075,11.43593631597335,-1.786693077143927
-5.61228338582912,-11.566805216140494,-56.69157397044916,11.818698316224328,-1.771365418769694
-5.687973194004985,-11.556808449022926,-56.39024284733393,12.301700030655908,-1.7223628934667565
-5.775479904266075,-11.539273318549483,-56.065547443201126,12.70096416749422,-1.6827600851338524
-5.7846164589280855,-11.536635962564572,-56.03484108423396,13.178157313956362,-1.7359979873969247
-5.883405858631559,-11.508119434815116,-55.70282722543672,13.603908433981161,-1.6337423478845239
-5.97412109375,-11.48193359375,-55.39794921875,14.024163138457496,-1.6565456413803328
-5.995767320944905,-11.484338730104989,-55.266869287403075,14.47724260375611,-1.5870879726582487
-6.080249351981191,-11.454573397352345,-54.86467957806229,14.854243643716472,-1.5983801854481952
-6.08791652423369,-11.450597826554754,-54.831739134310816,15.283622123851956,-1.502461273487405
-6.2323775669828425,-11.377769261220747,-54.086167442980475,15.699535587996522,-1.5816174767485112
-6.23903138087407,-11.373476478065117,-54.037444354164066,16.06546867707162,-1.5262152938226392
-6.2936929332006795,-11.339944701719729,-53.650069726771264,16.52681611442523,-1.4842831516700605
-6.353722537449382,-11.314906989496773,-53.342187528835105,16.92261048131556,-1.4878832280142522
-6.45241489443387,-11.269889423152971,-52.91971498314712,17.386233986194966,-1.4522841361695173
-6.518560154762905,-11.241260033520883,-52.55290615640046,17.737168926406284,-1.398211704414309
-6.563798620345745,-11.209438521086627,-52.195165570383736,18.189952346730223,-1.2833265859087153
-6.61735821456033,-11.143998388936458,-51.643788602557464,18.583398885640705,-1.3130327063108667
-6.626391492567435,-11.140901265048308,-51.5978479315499,18.972291088847072,-1.2714516668792175
-6.721623229107041,-11.110341640356683,-51.092836044826846,19.34919314739942,-1.301058471441222
-6.722032692204493,-11.11218422429522,-51.07113450066185,20.214322700779377,-1.1977453276459635
-6.7794376494113315,-11.096512522500284,-50.52019540698938,20.590289389441224,-1.1141258288966258
-6.7835281906110625,-11.09383793786969,-50.48164992260729,20.98731311289511,-1.052607042350099
-6.8538470548898625,-11.057779357011015,-49.74959588871483,21.326008235719385,-1.0132210692601804
-6.855592499280005,-11.057604812572,-49.72638147832595,21.685699236471166,-0.9645921583359307
-6.916837282849261,-11.044291242534259,-49.52829046848472,22.08476195477006,-0.9129058991622949
-6.97693694502266,-11.018811590956998,-49.29456430985192,22.481099724436945,-0.8401274329304844
-6.979700921558811,-11.014617971384908,-49.260729424668,22.91537545694159,-0.7947906642434447
-7.0099056730650995,-10.96879007254778,-48.890981604504816,23.315168196525832,-0.7084400077704167
-7.045677127653619,-10.916769478065657,-48.455514446546935,23.587010397458997,-0.6758610881691735
-7.075286107466715,-10.887482214061505,-48.13220937637518,23.952595015706095,-0.6153734132998301
-7.114975303037573,-10.860005078666296,-47.75363551093007,24.32032133873615,-0.5574164104160024
-7.143923568633889,-10.826880512425527,-47.35624727363307,24.662557562264,-0.5039446200457781
-7.1464235766822055,-10.82175549592648,-47.325122173431545,25.115486328163215,-0.37661877524820453
-7.1992097612936,-10.7207121137064,-46.645974156400264,25.465816133256084,-0.3301947695466125
-7.200596177266121,-10.719325697733879,-46.62425363949743,25.800131242793654,-0.2318010562501466
-7.221667071771719,-10.69825480322828,-46.29414295890973,26.148940936270705,-0.1402044057002692
-7.247602360572108,-10.697117453524037,-46.00251390268997,26.56482139198033,-0.08258151272753597
-7.290305892343824,-10.63453969748943,-45.66190741008278,26.929047263298372,-0.03015279290628803
-7.294878464504801,-10.625089715023412,-45.62776553794749,27.213091308454864,0.07630322518199265
-7.300856393785333,-10.564467908389604,-45.247632203988694,27.536142696942164,0.22924111012828308
-7.304825825906878,-10.523979700749843,-44.9935885482098,27.907711618173238,0.32604419042527827
-7.28972465620499,-10.492753059007773,-44.64507562795211,28.26912610055922,0.2984049145505031
-7.302244599438426,-10.464684974414197,-44.27373170006274,28.636459245373203,0.4528395615589052
-7.310946274597564,-10.441480507323163,-43.98222558223161,28.86463866856107,0.5375507124562213
-7.347008088521327,-10.40267441544499,-43.73607647602285,29.13060331972204,0.5844563839925659
-7.349291878966317,-10.400608128851903,-43.72705006616884,29.431799020341202,0.6386140879595141
-7.354713562249513,-10.341705811498052,-43.26578199098247,29.755814528787624,0.7449732045092157
-7.354144415362338,-10.339429223949352,-43.245292703044164,30.03072802972946,0.7922129561431039
-7.33420911297278,-10.296922001872186,-42.98959906909998,30.29520211992181,0.8845032353301278
-7.3193359375,-10.256027921100328,-42.70668365221586,30.57399429734494,0.9772163704605212
-7.3193359375,-10.254086473384055,-42.68678381312406,30.86017515900147,1.0741742669934649
-7.3193359375,-10.22931315567551,-42.432857306611474,31.072700949887377,1.1200272049568667
-7.372718551960191,-10.223296082840765,-42.229071314166134,31.33818939978005,1.2508995105146843
-7.362458021139123,-10.18225395955649,-42.07858352879046,31.563065147170704,1.2902977526022776
-7.328029483394194,-10.124800615856406,-41.84333687713784,31.781802064580376,1.3582078676551474
-7.344764927160063,-10.070634176099082,-41.57157398624693,32.01720541958974,1.5057546575545502
-7.347230414675673,-10.06475493663878,-41.54160883028797,32.25769598674364,1.6037201753305932
-7.35595703125,-10.080239266127768,-41.30851803730281,32.46394612981089,1.606136830479446
-7.360357531118811,-10.026765939467836,-41.05195761050747,32.69039863705669,1.6735198610459006
-7.3604047756113875,-9.976198382676571,-40.83873267153469,32.893379135042636,1.7572087813988289
-7.355893953404284,-9.965676134566936,-40.726529816968544,33.13210915933681,1.816462968938854
-7.344849660485267,-9.940432036466325,-40.54982113026428,33.289041939205845,1.9866156593279813
-7.332667787191495,-9.905059911420231,-40.36033563283386,33.457749200563114,2.0457651749292554
-7.331625052533622,-9.901410340117675,-40.34456427113353,33.6763914583174,2.1367797189357383
-7.320707728908039,-9.863199707428139,-40.1794397512966,33.883759504646974,2.1778491077752897
-7.321569141486527,-9.86800846306304,-40.03153228802911,34.07427659981522,2.3190734743342403
-7.3418721578605455,-9.852638910975621,-39.936710058636045,34.33407728692379,2.541953637230833
-7.359574203524253,-9.818709990120182,-39.808370227574166,34.537108462224865,2.708644180884084
-7.352987868206881,-9.803044840818059,-39.69737017884841,34.715493830470535,2.7300962622591354
-7.350680202215271,-9.80316629692288,-39.68996135645429,34.761491550757114,2.7943185372350854
-7.323309353187777,-9.804606867924328,-39.60208652536602,34.828958352936326,2.941400190803422
-7.32177734375,-9.835253620107785,-39.51711798106774,35.049184693511535,2.9724741373446157
-7.32177734375,-9.802666109643155,-39.47774140592298,35.04551645581367,3.055012300692076
-7.315225238888795,-9.798619331111375,-39.458546119583445,35.157412766306976,3.142126451820776
-7.313476099297838,-9.803516921966052,-39.460645087092594,35.185482299048175,3.1259495543933973
-7.296081616416592,-9.848504646016659,-39.480493134683364,35.263815423187964,3.1741568116749637
-7.262577043883682,-9.81451911670731,-39.56420138098264,35.226383379820305,3.257212995402235
-7.260107328147647,-9.81829632900948,-39.569140812454705,35.183890132794005,3.314629551901468
-7.235769490851598,-9.855518903697556,-39.6178164870468,35.17395613194421,3.3464744693947392
-7.213119387312521,-9.873627813887484,-39.72957215472489,35.16825054395727,3.371943704622374
-7.2108668390776725,-9.87527968259304,-39.74128540554611,35.063180760916,3.337992866083761
-7.193168308423913,-9.887302564538043,-39.866813327955164,34.9457943363837,3.376052621522694
-7.179064492318144,-9.894354472590928,-40.05545186836983,34.85775976351579,3.433481890894121
-7.148212491144037,-9.892910825260289,-40.19554713490328,34.780450642328816,3.409631521124771
-7.155189960648028,-9.97058789414195,-40.475267602743656,34.54159545394512,3.4175876198083897
-7.1382987062491345,-10.000472421155377,-40.68445929183765,34.33946557847952,3.4246908024257756
-7.116698225137102,-10.026042395316125,-40.887051292364475,34.14105420462042,3.373225516740789
-7.114867990180243,-10.027384567617823,-40.899984952726285,33.89849607961153,3.362867846604808
-7.091345667650985,-10.045019013756017,-41.06954678667049,33.66025388553834,3.350799549411395
-7.056603254823834,-10.084724628415618,-41.43847812288262,33.38432665893683,3.2100074793215385
-7.013420668922811,-10.185182621687789,-42.08040466589862,33.09564567095498,3.17344638559722
-7.013862957229263,-10.192701522897465,-42.12109519009216,32.703771296918944,3.0946144036456253
-6.974193526651792,-10.316641272428566,-42.81442855347467,32.36688127160855,2.981291831425463
-6.963630700300922,-10.325091533509262,-42.86548221417054,31.96770959840549,2.9234310897027584
-6.93233855116226,-10.361384572529937,-43.14563865342333,31.58618924938233,2.869825413122187
-6.894764930634685,-10.422868678847788,-43.68704036738885,31.15795252385047,2.728478916743405
-6.850950908245646,-10.469631663663577,-44.144455098998876,30.714426398854982,2.627474227652531
-6.797112091945538,-10.532979489624344,-44.64954926898786,30.233375576503676,2.5337515465212714
-6.787232406496063,-10.548558993602363,-44.720607006643704,29.770468475919415,2.4023497554777444
-6.721322149911712,-10.629440651848777,-45.24678174991435,29.181509958276706,2.209469100791353
-6.6595854046423675,-10.673538327041166,-45.811231992376925,28.62369416676887,2.005982769846541
-6.622732830599975,-10.753816610858411,-46.2986473711754,28.134653522570943,1.9331995283265648
-6.539919507425664,-10.787272486260145,-46.983374260256845,27.58687023857553,1.7155623703178324
-6.4699686444993025,-10.840383326630159,-47.53002730016286,27.00820286469107,1.5948207368752496
-6.401798417249816,-10.898655561337181,-48.083942002273446,26.438536856294093,1.5460268693848975
-6.399142537807302,-10.901888805875894,-48.10865322839076,25.833246390263355,1.3433751585769356
-6.316082375214502,-10.971597484267749,-48.718746906223345,25.230424837829176,1.2488757704729494
-6.179361245386306,-11.039958049181847,-49.48267621913839,24.609469823763263,1.081202842859071
-6.076892254361982,-11.122139532022848,-50.27700859811056,23.978703277084804,0.9329846148739293
-5.800227662885371,-11.277230479376039,-51.68822943330154,23.285122929456918,0.814585751020222
-5.783139663933807,-11.288806220601293,-51.77605807307409,22.635550201033695,0.673872928417362
-5.762400735085764,-11.302855172401578,-51.88265170736833,21.98098479283304,0.5575547228193175
-5.685003766340486,-11.355285377035477,-52.280455482209646,21.243730308773834,0.4135323358885667
-5.537684056958811,-11.38369183915543,-53.002691048381514,20.50228362927362,0.22149395132281624
-4.946091624223528,-11.741442663840985,-55.70920131696238,19.80683558918828,0.08029998006639023
-4.93892579461441,-11.742533116172806,-55.72844001167381,19.071584114847397,-0.08421496235137026
-4.928897475429532,-11.744059164744419,-55.755363868615824,18.35359907058104,-0.236928375476708
-4.924632558075044,-11.744708173907059,-55.76681424455668,17.59114612263798,-0.3736207318197988
-4.782295744203855,-11.766368123843979,-56.148957647015195,16.771088821360223,-0.5517839201101639
-4.528213077252381,-11.862054612849047,-57.19229750143987,16.010657746753438,-0.6728335914897862
-4.397131676248823,-11.91878712834874,-57.7462606478621,15.281751876178205,-0.8328190127400178
-4.246517159839551,-11.96473934757381,-58.27281559040191,14.539093942691451,-0.9779713485612668
-4.222893905361022,-11.970564259637008,-58.348377644110634,13.780483035395633,-1.0512693650109313
-3.741586749068541,-12.022057170623063,-59.74991418873119,13.052071337729501,-1.245808658210297
-3.723830535064603,-12.027750002593791,-59.80521598501826,12.271988265307087,-1.3884964089734544
-3.5530759269058025,-12.08249575482791,-60.33703186386399,11.566621540801222,-1.4848207521788628
-3.3529464278310335,-12.090516861607735,-60.89201718786279,10.803763097846698,-1.6940126246609708
-3.0796743865104896,-12.118990838848536,-61.3987578119239,10.094244725309721,-1.8470390987691025
-3.052698836795314,-12.124015696148422,-61.443188129101834,9.362292770878483,-1.9232594729256614
-2.8049071408091373,-12.120598752738978,-61.844966447514196,8.64429741028033,-2.026058782159062
-2.530390271487353,-12.112097889076278,-62.28249843055924,7.902623034030512,-2.1333827112675934
-2.2118682884353307,-12.080482999825524,-62.67092275209371,7.214093885001915,-2.272127387994854
-1.8016983154260036,-12.047800133450279,-63.06311714859665,6.499101153432221,-2.402958309168067
-1.4390387588055327,-12.069082858777252,-63.40906278923283,5.812012001724497,-2.465271488472035
-1.4116218971745167,-12.073260666263883,-63.43517408602427,4.967318911901955,-2.7214745274116767
-1.1111133058769833,-12.06768716096853,-63.64998571634969,4.196375932622814,-2.8312871358099643
-0.7340207212116261,-12.056344370018765,-63.8784947298405,3.4367022602700388,-2.831700419197902
-0.3298902579963313,-12.039916302408388,-64.0181333045287,2.681497917331569,-3.0166962880811097
0.018686335340138527,-12.059584754964796,-64.10707135577003,1.971355432554617,-3.1108619594203546
0.38802634087532883,-12.073897865542502,-64.14289099177572,1.209377513293731,-3.14066989621246
0.8897305532019759,-12.048718406654261,-63.9898449094841,0.21639373659859018,-2.738970844736285
0.9021079992365835,-12.047431304335005,-63.98365468908582,-0.42326394946414325,-2.8688740212393338
0.9210751723251487,-12.042736459511103,-63.96731662909863,-1.059418099666317,-2.8768417105635202
1.0469170971085877,-12.011587468228072,-63.85891813943369,-1.741999957295647,-2.901084833387293
1.1922771898959874,-11.968772272344712,-63.72344992082296,-2.3956481341039364,-2.910473005820077
1.3489175260396395,-11.907344689543278,-63.554524068119015,-3.0198276560863917,-2.9690659899434118
1.3562639791269362,-11.90446372754826,-63.54660142263272,-3.633043587392592,-2.955072238742077
1.5082406615766528,-11.867024366279626,-63.40243504942114,-4.172753628046749,-2.9341400779558016
1.657145120106077,-11.8388250878558,-63.26047856205691,-4.812929578909291,-2.993004498301001
1.7083491492016365,-11.844122056382927,-63.12982000505445,-5.42209834106211,-2.831562278511775
1.810216111757675,-11.788716501006542,-62.90288609359273,-6.059770480680967,-2.871182328299483
1.8914907698028256,-11.764810238368593,-62.7403889090472,-6.581900285753932,-2.917707156531892
2.0158299002329465,-11.690400203855416,-62.49742167491412,-7.188692221911879,-2.687481957049372
2.1287500396074437,-11.645826464628641,-62.216607117785436,-7.778702462955252,-2.6901549895425796
2.1324867970634767,-11.644351428790733,-62.207314392006616,-8.323216737287211,-2.676441996054384
2.2182731800856903,-11.58782843814151,-61.89335534935771,-8.852205980321685,-2.66174856464836
2.3031969459261092,-11.516392851717232,-61.513839304692816,-9.486926703333793,-2.6941599335820356
2.439470258703687,-11.433523945298434,-61.046090366240044,-10.089336144697384,-2.713123367234333
2.4478554190485835,-11.428424861304915,-61.01730886992108,-10.606429902553899,-2.7533845597529147
2.5591727806766817,-11.353077197512297,-60.63257348756149,-11.144556118219015,-2.735171933693219
2.684394323107205,-11.157807012952073,-59.94966419888013,-11.750649914659931,-2.7503008350337677
2.685721233423135,-11.151283037232085,-59.93219321305372,-12.243242669919667,-2.799201228542956
2.852798248767461,-11.121082917137429,-59.472014302588335,-12.814798878429727,-2.7130627830901672
2.947462221394823,-10.970634817783226,-58.86176976475837,-12.740939938824582,-2.524066767588646
2.9560001219700083,-10.957065654369094,-58.80673079855048,-13.236679777679484,-2.556201687965657
3.10162220602129,-10.675227416361876,-57.58975835650443,-13.768666732862556,-2.5903816136544724
3.109756511975698,-10.661368969180293,-57.53131186186906,-14.330240312736123,-2.540586180168602
3.1767088564078216,-10.536377281689377,-57.01875123816892,-14.899453934145527,-2.5408026780213504
3.2297416543264803,-10.400211989736064,-56.50562308533433,-15.402651286504351,-2.536603715152102
3.2664488676469157,-10.280086476628826,-55.96745348188381,-15.942333732450678,-2.5191735203125503
3.3182808771717247,-10.170944039786603,-55.46674322632191,-16.465650328890632,-2.490211972076928
3.323115993866975,-10.16211995181777,-55.42794141484253,-16.807841258653227,-2.3448253205901075
3.4190154427965287,-9.985764226302726,-54.50997075423818,-17.30648889597755,-2.547543733241965
3.4838849612046467,-9.877181324688648,-54.063073135539646,-17.832344065338418,-2.5264971519047927
3.489866591059409,-9.867518691846339,-54.02994410865173,-18.320621899688987,-2.5388844124641006
3.5248007329597235,-9.77471889487083,-53.63916781768811,-18.75984886275893,-2.5304835667891434
3.572745629580883,-9.679533705974876,-53.1924324725147,-19.261918398858484,-2.463961265736117
3.5847349759875247,-9.666545247367681,-53.12049639407485,-19.728183128809917,-2.4882180320226417
3.6005070612980767,-9.620664813701923,-52.85364483173077,-20.20912184538254,-2.5092593919675044
3.610985407134151,-9.541362362444554,-52.47070546650216,-20.627377996388546,-2.4301156707083655
3.648141710363511,-9.419297519866271,-51.93718594238007,-21.105022621824588,-2.42695953897356
3.649668749173745,-9.387229704851357,-51.73714385823941,-21.515390028439796,-2.3819638934584115
3.6498352105246306,-9.383734016482755,-51.71533742127338,-21.94993813295966,-2.3826186048422833
3.648058776475252,-9.339156760568864,-51.38497334777438,-22.408903821524774,-2.381257852671414
3.6842259144816323,-9.238517767855457,-50.983989861181904,-22.772743015288356,-2.2751531812841126
3.71644077563227,-9.174308316994184,-50.58945804739822,-23.266783415052345,-2.290363556550623
3.753549379182019,-9.099890708897213,-50.16329451678201,-23.671557410141546,-2.3225135727208266
3.79945447816361,-8.982711903602102,-49.68853915099872,-24.054180941651865,-2.290944616927046
3.822141262244042,-8.905434479351289,-49.27742513634607,-24.483788357461066,-2.2787996774907167
3.8224358734515236,-8.900426088824101,-49.23559034488366,-24.859961238159315,-2.2325417273519883
3.825346275194157,-8.837272689187316,-48.848614393606695,-25.274168278178394,-2.186411163285577
3.8367434852018967,-8.757752155666871,-48.431887528917485,-25.672284453803485,-2.146340109461617
3.8805307486668617,-8.683995458118643,-48.13379420415298,-26.09715563077023,-2.1639154409982115
3.9198694128323526,-8.596142987819412,-47.70606414062216,-26.461766291534914,-2.0217739344952665
3.9424864066586305,-8.532815405105834,-47.32308304516386,-26.994579904280684,-1.9401695728445147
3.9459235831596655,-8.523191310902936,-47.26488018974633,-27.382544997029,-1.874905157721665
3.9379906291664843,-8.42368806110935,-46.83684678402037,-27.754300232378725,-1.8449978450499571
3.934037419938362,-8.351302161664231,-46.51889384163969,-28.088104557020188,-1.8095957237989961
3.9352481918244626,-8.318611320739516,-46.363915040218814,-28.50852947216339,-1.8135133839459345
3.9481349198549287,-8.227405266820696,-45.99284956967417,-28.89040732455358,-1.7414891838008602
3.9241473614908204,-8.169000776890693,-45.64242263009416,-29.257943435381605,-1.6912803215347463
3.9013487601859866,-8.113491138931098,-45.30936480233659,-29.65003640506282,-1.6748302185521948
3.8820646993319787,-7.999827413735394,-44.93126063532226,-29.99194635876782,-1.606272502986603
3.8832134457975993,-7.996508812834713,-44.91709276224628,-30.378059577108473,-1.4966977459215558
3.902709508266378,-7.919792712839926,-44.57222820418727,-30.763754337018185,-1.4782613873032817
3.898003280615398,-7.846061812974572,-44.18318005170625,-31.14459888008362,-1.342695121594878
3.8975309506334983,-7.838661976591471,-44.144134106535844,-31.526828392735922,-1.3492063147285251
3.891347467971456,-7.776033461743104,-43.831593278244064,-31.876988650976912,-1.2993452979190774
3.8855610072464635,-7.707267689764146,-43.48584889809549,-32.204486395524185,-1.2087864138403182
3.8990974404392085,-7.653121956993166,-43.12036520189137,-32.66302611285525,-1.0716917623158695
3.9153839675308006,-7.594065160313997,-42.77196864572639,-33.008505656015046,-1.0118989930648654
3.9196107130835443,-7.547353656587971,-42.52498345069175,-33.36202940372465,-0.9408763696220536
3.9242290330306564,-7.4942670477028495,-42.2584024726133,-33.73176844515072,-0.8713615956596984
3.925756437307356,-7.4869355071746915,-42.224188616815226,-34.06608551080575,-0.7684167384735036
3.908084653458505,-7.411768828440869,-41.89599019176555,-34.435145927853355,-0.6637841083338705
3.8795919566486368,-7.332963904541348,-41.559029873361744,-34.81495895238321,-0.5287388819843507
3.8805527869912178,-7.268588271588416,-41.26885910990226,-35.09039289229631,-0.4538570655959462
3.8815157943985543,-7.204066775296851,-40.97803087288655,-35.45462500459742,-0.41367689488447734
3.907548601575486,-7.174705598553697,-40.69542531601187,-35.77994720011304,-0.28463047649188206
3.908261950239846,-7.17448610665697,-40.69026725643881,-36.0950194943254,-0.17577193297303764
3.844360582144881,-7.066669851777956,-40.39310071690829,-36.42996675002425,-0.08457753538698012
3.853615052122686,-7.031194383529703,-40.13706038085569,-36.70128817763461,0.07514556516587077
3.842248056383677,-6.988233118999918,-39.875381976377454,-37.01532396297583,0.10540677649626025
3.8165569999247855,-6.940202013446338,-39.610652394605395,-37.34071019604665,0.24621009905859725
3.80126953125,-6.91162109375,-39.453125,-37.60183228183666,0.3533814448605851
3.7725788449895914,-6.844676159142381,-39.25229019617714,-37.94397953937682,0.45621569820640806
3.7719181053927464,-6.843134433416409,-39.24766501899923,-38.16793861947432,0.617693634432441
3.714317535836587,-6.7591248043256185,-38.770653889758556,-38.468391758345625,0.673982050953029
3.713712677115041,-6.755394842209419,-38.76389963403462,-38.71560902656588,0.7768128587971774
3.7038923275744797,-6.7056973275319685,-38.54797438008009,-38.95033839726047,0.8542678989340257
3.694956999897973,-6.664371437028126,-38.31342202857179,-39.21531186096131,0.9573364580306345
3.694604688137668,-6.662741995136716,-38.3041738448638,-39.423774092925946,1.0380618100014791
3.670218355089975,-6.603642687895704,-37.91308352386706,-39.69326503565417,1.1131782660956722
3.6680867535063144,-6.602729144359849,-37.90607969009218,-39.89986829453199,1.2546394573528628
3.6471889217682145,-6.573123079204613,-37.73594884904128,-40.112667604440475,1.3234393874463213
3.631624784714167,-6.540697793675348,-37.55825828434091,-40.32947078294152,1.448085869395426
3.6178935003498576,-6.491294962249466,-37.35678141149786,-40.556927708431495,1.5346180243856402
3.61740048963662,-6.489446172074825,-37.3493862507993,-40.77497424159871,1.6204775247121757
3.59778854447573,-6.4615809251814325,-37.14330334348727,-41.01917161093816,1.7665350967802111
3.59130859375,-6.397625639189684,-36.92527856246077,-41.15933294392434,1.7759787225286254
3.586165390951971,-6.337890625,-36.68657268093104,-41.4164365062988,1.8724298781920725
3.58154296875,-6.337890625,-36.61376953125,-41.615902202337466,1.9761699305345735
3.5770431578812434,-6.300992175876196,-36.45537618866977,-41.919670946108745,2.1161448085872467
3.5768455803689374,-6.299372040275286,-36.448421460236595,-42.10528244414216,2.1354773619597744
3.571367387385978,-6.25445085781502,-36.25558906723643,-42.26506327192808,2.2492832282027466
3.563482665745091,-6.214379881730364,-36.05999267004593,-42.482255026416205,2.2937048991647018
3.564827007226205,-6.201474257836333,-35.86851947405049,-42.733109290782856,2.4602050727124745
3.5709607150727556,-6.211584019116409,-35.72539547646301,-42.83331078942927,2.4367531239828444
3.5603185889972107,-6.194556617395537,-35.621102640922665,-43.03416855508911,2.7099922216773917
3.5599068056569703,-6.193897764051153,-35.617067164188306,-43.25410805170724,2.7429400304697307
3.548730703500601,-6.167579064002404,-35.49980750450721,-43.43732385884671,2.7971841716058425
3.5368255858892708,-6.119958593557083,-35.34186640554264,-43.55164940735471,2.8282535555674313
3.5290471120631266,-6.080339132560621,-35.19112718489654,-43.71781658951904,2.966554837274621
3.5387847900390623,-6.039254760742187,-35.02218831380208,-43.82088049566349,2.9960906538263865
3.543903503417969,-5.972711486816406,-34.86521443684896,-44.0516081736248,3.160655535259095
3.5440936279296875,-5.970239868164063,-34.85938395182291,-44.22873525109263,3.2268871257084037
3.5208804130754676,-5.941155351926547,-34.72064605449864,-44.40290873004307,3.281098533385682
3.4896713589541473,-5.914106930323233,-34.57569771960061,-44.578595160920436,3.3653323458967064
3.4666243349290244,-5.871754571320976,-34.431644118706586,-44.65158694507487,3.243105049404099
3.475198217792847,-5.863180688457153,-34.2858881100216,-44.80870000126313,3.316814929828956
3.469608271122783,-5.792274117477827,-34.15142765046453,-45.02458151451178,3.63088464721271
3.4315796305202952,-5.760739563862827,-34.01943319918751,-45.1670311017558,3.552579824275552
3.4308031152701703,-5.760165617808386,-34.01683356117622,-45.33875488519102,3.9381312418056096
3.4130859375,-5.7470703125,-33.95751953125,-45.40703039138296,3.8038253504703277
3.3914248072361923,-5.725409182236192,-33.88290897145244,-45.52919572743081,3.8027513744975794
3.3882917825991865,-5.708168664345119,-33.779321486520445,-45.699947996656526,3.8385924000397402
3.3854548380976106,-5.6911469973356645,-33.67624583629652,-45.787380395380936,3.94829092166892
3.3853961099177887,-5.690794628256732,-33.67411204576299,-45.86017476633848,4.011490198394946
3.346471836436588,-5.681950748195647,-33.487080336532586,-46.00489297160469,4.064430696203032
3.3460924068259965,-5.68162552281514,-33.485779435010556,-46.087078119315045,4.1449124390815415
3.3594174557562955,-5.657783253591276,-33.44369433489613,-46.16979713291258,4.319981009515767
3.3807416670432247,-5.639506017932762,-33.41525995403842,-46.29616661034817,4.289663462044056
3.3651461192483474,-5.663765758947015,-33.40139724488742,-46.37135307544112,4.477857644488182
3.3648211363548337,-5.664271287892481,-33.401108371204295,-46.40081078036526,4.484207422107926
3.3721912191950767,-5.6816256394328715,-33.39036820104272,-46.453794670548014,4.561328597599413
3.382228302047254,-5.697361541702747,-33.378226135344505,-46.48767000369033,4.627967047286678
3.3811858429975903,-5.705485499623795,-33.37692805045311,-46.46635559523651,4.70183892919508
3.389742500209425,-5.711667690786067,-33.40239753411722,-46.395965377729134,4.5238097915913595
3.3879906491790543,-5.713224891701952,-33.407458437093844,-46.416446787014976,4.537026822418136
3.3747406582224015,-5.725002661441199,-33.445736188746395,-46.36471735805568,4.7187593948106805
3.371045908246518,-5.735696318489554,-33.484777461458215,-46.3734400952592,4.603836584979598
3.375840142367121,-5.743472821334559,-33.52281998233088,-46.27284688640161,4.6203588465607055
3.3986161972097673,-5.73998396222128,-33.56260698164081,-46.28197264278281,4.6690666039013085
3.3837705858251272,-5.7818618912854065,-33.60416446963515,-46.23133767361283,4.742628131177259
3.36197199930156,-5.78367844016237,-33.64957819155925,-46.20265192624644,4.742548976980893
3.362500529905093,-5.78401066395571,-33.652365188908334,-46.10128926011132,4.77540710505343
3.3954889112903226,-5.825352822580645,-33.855452998991936,-45.98892870733848,4.614469898264007
3.395292582596254,-5.826988895031217,-33.860361216343655,-45.970297874630745,4.7157498958932385
3.3859133957322083,-5.868907159228807,-33.98847959326269,-45.89527391232033,4.770797588770885
3.367860906155793,-5.914651421451068,-34.14456356099269,-45.69746665409732,4.565438806855921
3.376729892022405,-5.954561857850822,-34.28646733485848,-45.585664231594045,4.596522302282474
3.378453750721091,-5.96231922199491,-34.314049074037456,-45.47078952008302,4.546139579708435
3.4020410892682804,-6.00946296426828,-34.54680188274307,-45.34481637231046,4.5029383970288706
3.3847383695530144,-6.059798516880042,-34.788390827818915,-45.1993180924773,4.605507417663062
3.3827401332303175,-6.065073860771961,-34.80501615402376,-45.027068690405265,4.4470512136370255
3.350232593053108,-6.150893766839795,-35.07547888829814,-44.803414741144294,4.635526670205146
3.3454914360638512,-6.163410421291433,-35.114925314448755,-44.63086896739376,4.637482123047579
3.3488782909334724,-6.195850035212627,-35.248290469196185,-44.3866689869233,4.559812910450533
3.3652686694633247,-6.279695133283773,-35.61827939146134,-44.15322900452183,4.512511184696777
3.353613391877301,-6.310290236947084,-35.74503053520935,-43.861409543881685,4.407086738232379
3.351938218827949,-6.366213235895005,-36.016800913889,-43.5445658720725,4.385641492363361
3.3604222111089967,-6.436276538997406,-36.37135942554153,-43.29505164089608,4.300929927997806
3.363020483871775,-6.445153970936899,-36.41704572162038,-42.98315249473412,4.182822915609418
3.377565647657627,-6.494849947205226,-36.67279818485494,-42.53181478233395,3.903704725412445
3.3734270119940777,-6.578285584285533,-37.0081192635291,-42.30816418613571,3.9967233572149126
3.3589897194422327,-6.652317027788837,-37.320333778797774,-41.824588883238725,3.735381899441267
3.343332962079882,-6.725670091739009,-37.64142656523774,-41.50905677787774,3.698677640627894
3.3345533449021114,-6.8055895659359065,-38.0323175287415,-41.169160972083944,3.5881378216011015
3.3354045974146946,-6.811426726022193,-38.063449049201694,-40.81854988282067,3.478128213886544
3.3473683727751498,-6.892791257838024,-38.497794026936425,-40.48082857461845,3.436555258947805
3.3616073448488346,-6.9469134188198085,-38.81348794136531,-40.02991283329138,3.3272022096539824
3.3560290076228974,-7.0417451516607485,-39.26979592644702,-39.67276579008301,3.198301696198003
3.3504149851980487,-7.13718353288317,-39.729022960799604,-39.287708732221866,3.1035573562131327
3.3544921875,-7.22900390625,-40.14404296875,-38.89273540237135,3.004636461500879
3.3514214977732637,-7.261757930001855,-40.298601018329066,-38.42308853145086,2.886389785603436
3.3508435259834752,-7.267922962426264,-40.327692265081744,-38.015175133392766,2.8184861855321857
3.341703560214665,-7.365415930626904,-40.787737208778516,-37.56258685308824,2.6194375586599694
3.3591163233248524,-7.488040963982547,-41.30148975473178,-37.06800262901062,2.5321406393567076
3.3472107391543795,-7.706353569130606,-42.31063957260949,-36.59732098598171,2.4174417583188523
3.3499851922384836,-7.721216710652591,-42.380000899712094,-36.058626919484496,2.280819836318125
3.352203800465669,-7.733102111869656,-42.43546610539173,-35.5159157518995,2.075076015063911
3.407826984691877,-7.932833400758848,-43.33241737900687,-35.00279592389789,1.9945880234659032
3.40700944313889,-7.9396710210201915,-43.35872735262117,-34.490228473561245,1.901750857308456
3.388551277103676,-8.094048409678345,-43.952744695936246,-33.86835976907396,1.6980642290853094
3.4130859375,-8.440867597090428,-45.415194958089884,-33.33635933235976,1.6089198625240122
3.4130859375,-8.44916349959355,-45.45322682281199,-32.83755407199757,1.5768731942670442
3.4130859375,-8.457151746636244,-45.489848267046675,-31.68990195535504,1.2872973102817402
3.430582389557104,-8.646684693261015,-46.415552723836555,-31.16827953487251,1.2067131893425156
3.4290546177274788,-8.732453222074811,-46.84160209337788,-30.64126543994162,1.1043545581527503
3.3837316721175688,-8.81313222020541,-47.258741061313344,-30.10393181570882,0.9805451749883752
3.396473306085715,-8.88958202401429,-47.54815817573267,-29.58779498872326,0.8681805026351005
3.3982402555639757,-8.90259448621304,-47.60013722977824,-29.06606714686049,0.7599664929974177
3.3852641891352904,-8.983334455102638,-48.08457704311583,-28.599958381400867,0.7202555523491362
3.37646484375,-9.070300393853305,-48.65505229855372,-28.052920412767364,0.6302274730396791
3.37646484375,-9.136157831869834,-49.149714832988984,-27.595010134900292,0.532990499937601
3.3615776953598866,-9.256933475283057,-49.67287259038238,-27.084627618524124,0.4757352317948927
3.3581917126844925,-9.348355007518702,-50.1926209310554,-26.653030876887087,0.4486105195265029
3.357368762320562,-9.370574667344824,-50.31894381191872,-26.15552781787396,0.34470465629409724
3.3256809418491176,-9.460455848502207,-50.69240883427741,-25.687958488025487,0.27327633568002024
3.306400005951748,-9.548806995539513,-51.102851623679136,-25.24691168124805,0.23430562688559978
3.286028967385483,-9.677110733735345,-51.690179089839035,-24.81455288496184,0.2242244175433553
3.2721080162646556,-9.772026309559168,-52.085027885266136,-24.41197818274405,0.22742654035218318
3.2386443243255973,-9.85649853372132,-52.39497574745921,-23.95495552442786,0.1767270021092011
3.2301940527042046,-9.870682918228656,-52.44145224137687,-23.51135750365883,0.19426539667883203
3.197553386795992,-9.934648416810116,-52.67125835526461,-23.019290490485957,0.1452927645018323
3.1743688978744045,-10.060634107060014,-53.214131148912955,-22.563170028804635,0.08796736712331917
3.1184737000421396,-10.244609326483765,-53.83732055923971,-22.114443433561277,0.08620896683893892
3.0832471231605414,-10.352561739508017,-54.20322242233244,-21.648633042283976,0.044393246625989854
3.009032090728813,-10.479865467209635,-54.92034312932338,-21.137826647296023,0.026359351995430304
2.9725059140952825,-10.585878516336944,-55.22698238089688,-20.674879095057463,-0.020623665508745313
2.9691497436673484,-10.597183511462616,-55.25471494706454,-20.172977982071075,-0.04363041828461319
2.9538461750332967,-10.696281105550767,-55.55575266006934,-19.675772318455415,0.04420077938876507
2.9233839014856877,-10.815315745080119,-56.010770141373676,-19.108978533519974,-0.12566661706266732
2.749392259322233,-11.165587073463884,-57.34184524507505,-18.55107343074266,-0.022862179055500097
2.738447247303002,-11.1710595794735,-57.386684487863505,-18.04670383760873,0.005462505705706454
2.7296492070239213,-11.17545859961304,-57.422728072232644,-17.49699113611284,0.041178554794535756
2.7273204810623826,-11.17662296259381,-57.432268336655724,-17.02013140417222,0.0658056614202715
2.651994715935741,-11.21428584515713,-57.740860987335836,-16.487195201079388,0.13891096349881485
2.430290596737726,-11.56774050690407,-59.23125605620155,-16.023965722276728,0.10683032975806167
2.4240661673664943,-11.576143486555232,-59.25739865956072,-15.539727111786789,0.09393406844856018
2.421921262650732,-11.579039107921512,-59.26640725936692,-15.05233682788564,0.07858861511172163
2.416392875888243,-11.586502430050873,-59.28962648376938,-14.579420337549635,0.08559400717492568
2.4125467673341947,-11.591694676598838,-59.30578013969638,-14.15142555922246,0.12416905446777524
2.39727168120155,-11.612316042877907,-59.36993550145349,-13.687383558667861,0.13000644049650584
2.300276654105813,-11.666245289679816,-59.67953274452706,-13.179112746866721,0.18831091360640737
2.2053602213314982,-11.709541384556168,-60.02193865337744,-12.675349367877558,0.2966257095029664
1.9298684610526067,-11.839297546455894,-60.57335046898611,-12.264834088471332,0.25952185686973545
1.9170425466920098,-11.84503148464063,-60.59824783215669,-11.78492405499324,0.21967431941605145
1.9123857049253872,-11.84711336684218,-60.607287583821304,-11.338897632319444,0.3197483544727729
1.7755833169851674,-11.892994402195654,-60.85710849508401,-10.906445243312376,0.420283302132965
1.6516243505610948,-11.92470483546693,-61.07331599466088,-10.447198734856414,0.46755701511780756
1.4870501196612667,-11.985691166064525,-61.27017216408551,-10.05059097776902,0.5232079757790196
1.3183022443872512,-12.034910068995973,-61.464904961370806,-9.587758146984669,0.5390182783954733
1.293974990740389,-12.034041238508586,-61.49096987599244,-9.152387360385973,0.640834498883358
1.2158203125,-12.03125,-61.57470703125,-8.707797632070154,0.6141163419930168
1.0291350833953374,-12.06968519422743,-61.74903809078156,-8.269921889890085,0.7222294521708938
0.826874693336775,-12.11117010623628,-61.92478354081789,-7.856470025402658,0.7702108662875403
0.6303893155044276,-12.151081198608475,-62.062937322106265,-7.41243161607818,0.8636319236616219
0.39133559956705755,-12.248673560114447,-62.207636245522544,-6.980695622060395,0.9971517361082383
0.20941032247340427,-12.251061224793585,-62.31335251518339,-6.577940751142961,1.0304345599800653
0.19355187229260906,-12.251894624591095,-62.32081398377402,-6.120618382711527,1.1231969697704751
-0.23668126132072764,-12.280172858725306,-62.51674174884676,-5.679758833846279,1.1513459349036514
-0.4277061633469811,-12.275224684194226,-62.55524215757231,-5.281377485941505,1.274932552392818
-0.6618808008886738,-12.27568315609722,-62.587592623243026,-4.828979959633713,1.352840832343031
-0.9151454984704421,-12.295822068444089,-62.6123046875,-4.411191793699501,1.3880488350661304
-0.9394201103487508,-12.30067699081975,-62.6123046875,-3.989453617689321,1.4426033807591663
-0.9611449299654036,-12.305021954743081,-62.6123046875,-3.527931907099486,1.519554551844338
-1.1577597861402884,-12.299342485006454,-62.55889269947815,-3.113925016239236,1.5819833283536395
-1.3721635934301797,-12.285632093792643,-62.49264468760661,-2.727002884778315,1.7068920193186012
-1.5868277182296617,-12.258636235542177,-62.40965268445377,-2.275680318612487,1.7111141215153518
-1.7264279181706628,-12.244925501619399,-62.32863471127372,-1.85877652862888,1.7683029802058854
-1.7666606671135976,-12.240974070919647,-62.30528534804791,-1.4870618485932,1.875416268516478
-1.9170730850977575,-12.240293826590298,-62.22429505978097,-1.02681991708441,1.9543259372230029
-2.0801402143003185,-12.252438537947606,-62.14005741963532,-0.6894827900013354,1.9911137600951705
-2.272173290224595,-12.269220077286713,-62.03577130151352,-0.3006075893878233,2.039362413187203
-2.5473517117426416,-12.304019250859586,-61.84441486636058,0.16104308704247217,2.0720558081021054
-2.555335072148889,-12.305093933991197,-61.839194976864185,0.5340405874880929,2.1469077578036053
-2.7303115455443767,-12.30736269524232,-61.706162239209036,0.9219086314323306,2.271976798721383
-2.7381349235312613,-12.306008649052282,-61.69894065952884,1.333143926788324,2.3358079578881843
-2.8708719648465815,-12.300319925083807,-61.5621616203466,1.6958995047397423,2.3289917025703835
-3.0101877006089515,-12.309209403872691,-61.41598691635919,1.5277109510372497,1.4675528737101202
-3.219270973947084,-12.364747148353132,-61.26570831364741,1.8940505485687709,1.469093235525223
-3.41356154037696,-12.384344459149784,-61.082312389972174,2.238443948686978,1.4968315976520166
-3.585798549227015,-12.378995483719658,-60.88867947940162,2.6309622691188537,1.5282421438821494
-3.6011446250201384,-12.378518897514903,-60.87142705878947,3.049574832777168,1.5527239776109052
-3.7438888210543095,-12.380396797804817,-60.70085314472028,3.441400167941268,1.653472650414924
-3.858033739501794,-12.394046472398891,-60.5519208914302,3.7366770745310447,1.6708737886239073
-3.987229403923997,-12.396780081334581,-60.37159524717557,4.427225429260943,1.4823799425412878
-4.142068793199391,-12.370460086184757,-60.16112278004695,4.818010595610673,1.5022536461479743
-4.279994952691482,-12.36311382744019,-59.91078767570955,5.237691595138756,1.5449665153531047
-4.427089328678702,-12.359845063529363,-59.630763567348694,5.5713945087302505,1.5494639056843007
-4.443814513167876,-12.359473392762936,-59.598923771691524,5.999355943592832,1.656671629806295
-4.562774908326909,-12.320522267178244,-59.37771262958492,6.391782214905049,1.638371942550782
-4.685921307719939,-12.315091516829993,-59.08906208914015,6.826883163796339,1.6247280147474328
-4.800221072114066,-12.315303299372772,-58.790529887578835,7.243770531715484,1.6427023028358554
-4.886695090354345,-12.249904086346657,-58.51633124750653,7.696361481877474,1.6864728058536542
-5.1130805406817394,-12.199638561742443,-57.941141366666876,8.083799529101157,1.6931699036604122
-5.215885004060597,-12.171130372822546,-57.60968080679193,8.48745642737883,1.7109931203501978
-5.222810908124292,-12.169031614015367,-57.58460063904612,8.918678942734786,1.699101691745318
-5.225629191985466,-12.16817758860289,-57.574395035367026,9.349924834785057,1.7433470745659692
-5.3113643536569715,-12.142197236581222,-57.263929828708086,9.754367172762073,1.776771933083924
-5.325204615780168,-12.12987262319315,-57.197949979927465,10.240915710795207,1.7539923306885175
-5.382918782927973,-12.066661868697933,-56.89976011633047,10.646766104729664,1.7378338080191427
-5.508218019437689,-12.005641559531867,-56.48179871932929,11.140147103341718,1.7552354091953757
-5.573054759633695,-11.97712206225733,-56.2696316675046,11.551774493309935,1.7285961455264216
-5.6400887635858865,-11.953659352049204,-56.01734246401709,12.033949837499819,1.7187250465674297
-5.7666322597368085,-11.912365634823116,-55.49085919684956,12.458048930375085,1.709281307593109
-5.899515806983157,-11.847400345058235,-54.907648072823925,12.85012163952453,1.7201968331406103
-5.911548946371466,-11.84151747691284,-54.85483596106412,13.315586371839544,1.7437367006615074
-5.922778544294725,-11.83463795513188,-54.798977117975916,14.332452992350554,2.7665541588209175
-5.9908816836295875,-11.78166884676032,-54.407005716026376,14.77778995568572,2.7496188355355002
-6.072643026189507,-11.71912490184388,-53.98600411892159,15.28617877187206,2.8002063408830375
-6.17053040190922,-11.646410864659035,-53.52413413447642,15.737636233202778,2.7544521454371433
-6.250775626176046,-11.585856390441755,-53.01041245022318,16.211389716092143,2.741630142987754
-6.323604465341413,-11.513460425981007,-52.533527659552355,16.62756144436463,2.755047235348178
-6.386654882292898,-11.46378433989802,-52.104593762412705,17.15009979678429,2.73761193183403
-6.401999730384459,-11.451694459583457,-52.00020229585042,17.622745391552854,2.767273853972578
-6.46010124013489,-11.40685563803581,-51.6476206759109,18.091147334076,2.7596020423098393
-6.554609456032544,-11.336404058912104,-51.1871079148096,18.543066591541006,2.751385905370338
-6.603873197431813,-11.31362249154249,-50.90180908820161,19.1095118907821,2.6684752595493166
-6.605800921111521,-11.313035793031275,-50.88965604761215,19.59423721729472,2.6558393399823434
-6.659030712801685,-11.27287762195469,-50.52878813752277,20.093670105227247,2.7023339934343222
-6.693767826918255,-11.171537072153962,-50.001772896815446,20.547347021469264,2.622044054672379
-6.789520131736885,-11.045174987204335,-49.06627394965133,21.030027964846056,2.6733141874724904
-6.793289412919334,-11.04073561158945,-49.02916747045522,21.48089084890492,2.655236373160871
-6.8861453989140164,-10.935282529045658,-48.21478519433037,21.97783116372004,2.6561950658455933
-6.889005405025062,-10.932190630547229,-48.193682987078596,22.428558078166077,2.6610187078346867
-6.891510539054315,-10.929482377542632,-48.175199160322215,22.909687546869463,2.6789705903085776
-6.930614813785866,-10.887207485940955,-47.88667302514077,23.363518183817263,2.681686628012092
-6.987059935540937,-10.83763486902779,-47.43422896975888,23.82954653931928,2.7081978859359377
-6.992558604866645,-10.774461464567919,-46.91676314987905,24.333703160669856,2.6409301934011653
-7.013555688692816,-10.715969588195012,-46.457826889107025,24.723068429284126,2.7131476785682227
-7.016231847213946,-10.708514575171863,-46.39933371000231,25.210550986036168,2.711156524390318
-7.037995667533193,-10.676045085331848,-46.03843798422555,25.663289874725166,2.7825671817014506
-7.1123926743606285,-10.38601485511497,-44.16532433239969,26.110573432596098,2.746309948745693
-7.154854893060887,-10.351989241500759,-43.62447085701557,26.598193727587457,2.8217990971391624
-7.156638065613596,-10.344941212586162,-43.58505051602413,27.075537843389583,2.8060129213098732
-7.156995245804766,-10.342242517808433,-43.57254920933319,27.542572661805224,2.858534815193324
-7.157690167809355,-10.336991995995982,-43.548226939172565,27.987325750338755,2.880771374915385
-7.15810728299859,-10.333840459010652,-43.533627907549345,28.46708038421184,2.9476623001470283
-7.17013801896149,-10.242941565068746,-43.11255214884787,28.980976499488037,2.925483431603616
-7.198574342210855,-10.170191109686739,-42.67557258829509,29.46694889138979,3.004350453118876
-7.207415105927726,-10.111418086185866,-42.24065265054761,29.996735215122953,3.0484075667861292
-7.173611019389265,-10.030582227072154,-41.78503235372487,30.40589580879501,3.1117950424739
-7.171122147083685,-10.02463057590664,-41.75148668351924,30.944102469162544,3.1256258968231063
-7.2192834782303645,-9.982661572857994,-41.33902583851746,31.41913351637183,3.1822352377778094
-7.234953367486608,-9.896477181948656,-40.88616603901203,31.901514969018876,3.3460058681628455
-7.236436952549336,-9.805340465296016,-40.431291593141275,32.40289324429679,3.299008179422486
-7.233978272473504,-9.74499510531796,-40.054117746223014,32.8359173326063,3.409028916509226
-7.2379716607278874,-9.697074446265354,-39.68140150914721,33.308113245678385,3.484294610679927
-7.238137834296908,-9.695080363437105,-39.665891976038594,33.753921615006306,3.45229276421281
-7.243511558825131,-9.578927814337435,-38.831462580983235,34.208986614957496,3.5269968083320022
-7.24323126497169,-9.579067961264155,-38.81380406821646,34.557903156633216,3.6158177664451014
-7.246847583482731,-9.529348311155415,-38.43851101425981,34.977625987433214,3.661538046261645
-7.245462351831897,-9.454303609913794,-38.06796369881466,35.350818397322826,3.708844572144995
-7.212039961199583,-9.387458828649166,-37.725782080436204,35.76497634920318,3.7594081335220886
-7.2103780412249865,-9.384134988699973,-37.70876718545819,36.12655509482323,3.7851076244208035
-7.213162575529679,-9.339030972669518,-37.25647119290293,36.45528033891284,3.878720105976288
-7.212098816578784,-9.292352915265706,-37.015097188694135,36.804783847926274,3.9267172766594327
-7.212340277355018,-9.288570029771382,-37.00036808134389,37.148225499744086,4.013360041104936
-7.216674498288409,-9.22066723514826,-36.735980604407054,37.41716000540501,4.074225630610783
-7.194177197013211,-9.175566978388858,-36.41389646754739,37.76095145868524,4.218169658014054
-7.179487458552755,-9.13147242668171,-36.19933280303546,38.06237390025882,4.166251498816583
-7.178867594262574,-9.129337338571089,-36.19010371249277,38.33721557363728,4.2283023251208744
-7.167548807635699,-9.089277220814191,-35.97659906280522,38.60690710815075,4.2715944890070325
-7.166365020579737,-9.082174498478421,-35.832177041977914,38.877113589912454,4.359103974536421
-7.155240685623082,-9.02571514686541,-35.63397165956543,38.4253548587356,3.595484250380901
-7.157490956066727,-8.999498216788849,-35.484162896774,38.688047231508534,3.5919324470171987
-7.158195472755015,-8.999028538996656,-35.47253837141725,38.91910764412836,3.654177552043097
-7.165640178398488,-8.991206924139325,-35.34569509827865,39.72325413266316,4.552830971029409
-7.163897118039577,-8.927532037915059,-35.19516834390156,39.9588730580291,4.688946691742184
-7.144188352076622,-8.912371448712786,-35.05265880540019,40.148358824313135,4.768989683128191
-7.129673729584411,-8.898381913001293,-34.928238448010994,40.27674195748878,4.880630725008051
-7.14148391137044,-8.8916015625,-34.81981136294508,40.409080332683004,4.87003765707039
-7.144189955732267,-8.8916015625,-34.811939233892495,40.03850544890608,4.285338627108644
-7.126902110541045,-8.879042288557214,-34.69543153373756,39.98282005973638,4.034629535464047
-7.098557196316026,-8.861063468356093,-34.570756525266354,40.094826544335405,4.0891853799022835
-7.0896184678366385,-8.8455278772236,-34.495630868209595,40.24490115017795,4.160753384412989
-7.07270293743476,-8.83847973955615,-34.41810135386765,40.36678618729036,4.247027767158445
-7.052328678667901,-8.79234977853284,-34.34430001222988,40.40695426213833,4.290074237913388
-7.0529704980751236,-8.792093050769951,-34.342502917889654,40.48964227133973,4.297169111620484
-7.053155358681087,-8.792019106527565,-34.34198530819295,40.58778621556161,4.3421068681021815
-7.059886361823635,-8.789326705270547,-34.32313849939382,40.62499075929546,4.416115177376033
-7.060546875,-8.798365995427922,-34.3212890625,40.67066481649485,4.4023594976866605
-7.069001906742666,-8.80230176554289,-34.356518361427774,40.72120848591055,4.410003076997025
-7.053534041371427,-8.81702318297987,-34.43549279333831,40.72622753193099,4.459371307952388
-7.028424158180475,-8.843801922840237,-34.52403600154529,40.67118601997788,4.463007417082273
-7.073586302882899,-8.875710195577472,-34.6445309013522,40.67637154031732,4.514006398399974
-7.070583573667887,-8.876671068926276,-34.65510050818904,40.58216350007177,4.497865767199939
-7.037649430448947,-8.887209994756336,-34.77102869231971,40.498182284010426,4.471035203516303
-7.011559245872593,-8.924204246676801,-34.93513167785209,40.40422971243228,4.4897320000549295
-6.996605763300887,-8.973086975329606,-35.102854675988816,40.24267510857766,4.508623455401882
-6.9927825867159585,-9.021508798754466,-35.28947770382592,40.15628511535982,4.509083775855584
-6.992362601520114,-9.022180775067818,-35.300901301152905,40.00013083630674,4.483677493551033
-6.985951365972774,-9.032438751943562,-35.47528690804056,39.776428291570454,4.4925131391933135
-6.98811497397773,-9.050895410199892,-35.66664847037698,39.60136350714461,4.352837020984124
-6.960035314407366,-9.087024942956726,-35.88940120555008,39.39076222968657,4.368789045015947
-6.914941571576421,-9.129263716719791,-36.13664962289044,39.180043426154185,4.301015776055432
-6.914343296592292,-9.131457391661597,-36.15120764750423,38.97594764104801,4.252980036045002
-6.906392645702175,-9.160609778258694,-36.34467348583043,38.73468054792602,4.318134536822325
-6.893326461553666,-9.185775100946334,-36.553161707757845,38.45102664013362,4.227540656720127
-6.871316874497184,-9.21800579338043,-36.8172793031602,38.21947179638485,4.196544811897027
-6.848195402064059,-9.262597204501459,-37.10629770857427,37.952204219867326,4.170286014046785
-6.805380798660478,-9.291173600422008,-37.43317778492337,37.72091693474846,4.108097242944488
-6.791671318309015,-9.31326109654381,-37.5915984467625,37.45405227948393,4.051110463846995
-6.759800867651339,-9.394128517443976,-38.19604387975359,37.204930180535996,4.064825492611503
-6.758990286670548,-9.397776131857539,-38.22414402042103,36.886914299144536,4.0383085336767115
-6.751385827201876,-9.422697244187601,-38.429314705962476,36.53168225135809,3.9886294341053854
-6.741686178310863,-9.44371315011813,-38.62330768378274,36.18839430141557,3.8673877951112154
-6.675437231032497,-9.505382146302438,-39.035549889633316,35.86931494264627,3.8167064853730834
-6.6760504160524885,-9.515806291642312,-39.108825499522425,35.43715468723644,3.754634953566536
-6.666909169508449,-9.605627347445779,-39.70835834378383,35.04427170626383,3.7323833309033323
-6.66391447310726,-9.612187158610286,-39.74700418781821,35.24583513409871,4.390270017153738
-6.5489721225207,-9.800762834686518,-41.11772551833599,34.99629099182556,4.435774695764483
-6.54762196131588,-9.804903329047969,-41.144728742432406,34.556773391652825,4.393045941275418
-6.545190195561186,-9.812360744029032,-41.19336405752629,34.130130873684124,4.288503463465449
-6.544561595918285,-9.814288449600593,-41.205936050384295,33.75414076084641,4.245241661049264
-6.481754872021754,-9.873272806241367,-41.59264327412811,33.318357445243095,4.180803494211044
-6.431807225499092,-10.0261207271872,-42.650127848680874,32.8253570716285,4.0388946798818095
-6.4250147104696005,-10.033046428785898,-42.71978442437547,32.384025931948855,3.946813698679567
-6.375626081130898,-10.083403462621437,-43.22625997622138,31.89523391902756,3.8495658616015924
-6.328125,-10.1318359375,-43.71337890625,31.430302950360954,3.741989659075998
-6.328125,-10.1318359375,-43.71337890625,30.880450844699965,3.6998460618455558
-6.2430805532506835,-10.240791675309938,-44.543152355952266,30.40735814203967,3.585844270695796
-6.218689621293486,-10.31609910486954,-45.02978462815636,29.91534079976742,3.4880916645903786
-6.216226651219732,-10.323488015090804,-45.0775662475872,29.401276072762585,3.4554439926879374
-6.11950035448013,-10.408878526096192,-45.77444063017141,28.889086068658003,3.3332403951721097
-6.008880616667058,-10.505546224905814,-46.565720556509966,28.32154970849001,3.263859417980529
-5.9993453097675875,-10.513878880484631,-46.633928067124195,27.75794166894903,3.15982974048489
-5.917667194587404,-10.58415429096883,-47.21402495038817,27.28659936518116,3.092704480486161
-5.846319119893459,-10.650567473732252,-47.76069213360802,26.64133148704117,2.979374719648693
-5.763162837150654,-10.742762482860144,-48.49825220663115,26.099175535374314,2.9382886031019777
-5.709062293826741,-10.805943129651407,-48.88595174665844,25.479644311152242,2.8059541239780748
-5.628517432754532,-10.890037254745469,-49.44502479699142,24.922476991767468,2.785483255133077
-5.61988465475939,-10.89867003274061,-49.50466944495785,24.33853491793525,2.663411776533507
-5.4910370659981,-10.988559924751266,-50.10846153778972,23.73097015354969,2.569579915273609
-5.233204877055745,-11.166114073846646,-51.42343891833084,23.121121154478175,2.520767835756
-5.228546881912873,-11.171023852510755,-51.44773602813015,22.455315725725498,2.45782766713343
-5.144464968475305,-11.25273438857185,-52.00370058557106,21.90867772693136,2.3252920853307177
-5.057123324826497,-11.332916881101903,-52.66091065827275,21.238386849804314,2.22890034383612
-5.049708598798729,-11.339723842701167,-52.71670343280957,20.65111330533901,2.218749231252881
-4.87826223785299,-11.420320423150901,-53.36726143802457,20.008764710084037,2.1638583815165897
-4.699853028965947,-11.523609965138135,-54.099678190297695,19.356868105570086,2.002487815523358
-4.528816308067774,-11.617994698159784,-54.82596393907092,18.743827086617443,1.9702689532427258
-4.383452247135127,-11.672815969182714,-55.48284472050076,18.172187215220248,1.8765970799199938
-4.178668077861392,-11.759129957884868,-56.198743097383314,17.424698663503733,1.790102814885576
-4.000878659435552,-11.867476085923737,-56.979713086431126,16.816154111327066,1.7799996361892119
-3.5643375554733727,-11.990767390746543,-58.55798999661342,16.146804007104947,1.6787644274306075
-3.5434483635355027,-11.996869851312661,-58.629341843232666,15.50529788092301,1.5899799436319082
-3.5287132488905324,-12.001174491546024,-58.67967302134582,13.693480344944419,0.7155186118018214
-3.5009765625,-12.00927734375,-58.7744140625,12.955424972139852,0.47108179833976455
-3.1514471881918977,-12.101670710395332,-59.740801812339996,12.290312107721078,0.34901210811159156
-3.133538249519996,-12.10918091048355,-59.79712831300163,11.73726583434589,0.25888235480084326
-2.748029333928051,-12.186489581698211,-60.662500556233745,11.099378697593508,0.2312641241622628
-2.7161819958262323,-12.190055499864052,-60.72238338888079,10.489783538768705,0.1475377465396182
-2.4998441341078674,-12.214278658125954,-61.12916539141687,9.821816949061628,0.004849542206725209
-2.2591273009880046,-12.23180287671048,-61.6044552232213,9.158688627685947,0.03271024821742425
-2.0716560796285624,-12.278560524972574,-61.895536012955155,8.54597679318178,-0.10802608305627766
-2.0567334289537254,-12.28348499969527,-61.91583081787293,7.906497881611116,-0.21700782454120085
-1.8504670426402752,-12.304677161316546,-62.17176655459534,7.297398392038346,-0.2538539752314365
-1.5461493572294598,-12.302804209062382,-62.51853945773107,6.6811832178438095,-0.3045632227519199
-1.244218090009307,-12.315536796159078,-62.860652753167955,6.003092000805012,-0.392335907347281
-0.9607991570044883,-12.325969448868912,-63.13121309174126,5.432294897611143,-0.45288734991502927
-0.9248136047287712,-12.325717801650201,-63.15927175662757,4.8059850005549265,-0.5110847144417944
-0.672374415191008,-12.323952492632454,-63.35610371210631,4.224250947287942,-0.493626525919024
-0.36554264914039925,-12.321806815946786,-63.59534666255836,3.5611953199265827,-0.5832377311577764
-0.017717862725502256,-12.313170761102143,-63.73428731357626,3.0216153403099497,-0.6032667964572787
0.275934761300738,-12.335365436173893,-63.84696797163284,2.3397756051851815,-0.7999456747449953
0.5427966257518305,-12.349184427301255,-63.92149091265691,1.4604665156673349,-0.6935268878654107
0.73974609375,-12.3583984375,-63.97216796875,0.9257908277670595,-0.6620263130701242
0.73974609375,-12.3583984375,-63.97216796875,0.29884540853385033,-0.7405116829498518
0.8508423211651918,-12.347856459716077,-63.967302440542035,-0.1702558150457918,-0.84454764923597
1.0579637735642515,-12.328202599269451,-63.958231428028206,0.11003104892830606,0.1233516994614245
1.228103984384771,-12.334929813056291,-63.89732528459426,-0.359549823175513,0.11155062812705877
1.3720186080611372,-12.309230773114082,-63.83907412739192,-0.869864307874721,0.03207913669451552
1.484561693040232,-12.263084024128544,-63.73635134552739,-1.3156167178422038,0.03404148627695255
1.5036266748501999,-12.252916033829894,-63.71379111705227,-1.8930372226901682,0.081373985468842
1.7124554009470365,-12.182562579930323,-63.48391789846644,-2.343132768043432,0.07172464295632197
1.8024907080999735,-12.143353655847593,-63.37645640283229,-2.7759090323742583,0.03206890771345836
1.8064050544904304,-12.141649021129167,-63.37178444101142,-3.2085392021056123,-0.057354803630053804
1.8833677978645704,-12.114723754878476,-63.25537411157892,-3.654590777074773,-0.09407364372355516
1.9629315035513895,-12.08718186049942,-63.12542857247228,-4.04089932619577,-0.09393832721898955
1.9664748911760777,-12.085705448989135,-63.118489438373935,-4.478224253532147,-0.16501194260447447
2.0269930796700426,-12.051631669156627,-62.94608928914979,-4.8179810068016025,-0.15568411096401438
2.082709550866431,-12.01264291149658,-62.768387692291114,-5.26670675536694,-0.2507597041300806
2.1493967357177213,-11.970955929016139,-62.5956260938836,-5.66420875341197,-0.2664628061016297
2.2436822655025295,-11.923813164123736,-62.43357283956596,-6.007834862294644,-0.42069340750086404
2.353577225194001,-11.875111678049555,-62.23668819807644,-6.396630149763354,-0.4355898578085057
2.3583714043213377,-11.87324727505559,-62.2277656980339,-6.780702044490582,-0.4776263276955604
2.4512518128514484,-11.804625322253807,-61.98980813247384,-7.175413660400196,-0.4739864358626658
2.5341835852748384,-11.733326678465797,-61.75529153916612,-7.5825149703878765,-0.5329197705202924
2.5934187690931,-11.702862869644978,-61.60635736270878,-7.903881333382614,-0.6326112942176877
2.7185804718172792,-11.65728307189424,-61.34737304948916,-8.335430620886726,-0.5755380847105864
2.8363877401280684,-11.543495072371933,-60.96454827991595,-8.802104450042975,-0.6501471919229004
2.8437685515608324,-11.536114260939167,-60.94005740561633,-9.181227222572204,-0.6993366745446512
2.924213003983558,-11.455669808516442,-60.57457284907668,-9.558818944823273,-0.7586698828415449
3.0533593245469914,-11.379814478351504,-60.19888761503286,-9.970202179338585,-0.785892249141579
3.169529472779444,-11.277087466717505,-59.77034523721048,-10.384305490351124,-0.7715275532736072
3.280038637380765,-11.172833537848335,-59.33873397169211,-10.80365474070139,-0.7954640172152265
3.2902473052893315,-11.163202719066668,-59.298862381936004,-11.238230967798302,-0.843634209391514
3.4889659376591142,-10.859618643393585,-58.01025887856415,-11.608636428454261,-0.8524771114299848
3.491581856096224,-10.855945226013812,-57.992337054378,-12.045319359685706,-0.9120450855919497
3.4923922631048385,-10.85480720766129,-57.98678490423387,-12.39041846382807,-0.9194829218768815
3.588999641163879,-10.624690941450949,-57.114948212571015,-12.82519835845774,-0.9365101449023691
3.593899254571097,-10.61325851016744,-57.06823856475554,-13.166722860683478,-1.0209260688511184
3.5945615228904937,-10.611713217422182,-57.06192494011063,-13.595122346374424,-0.987460198977978
3.666429735644027,-10.369900865138566,-56.24197582401726,-13.962781796365718,-1.012227480215286
3.667939894445249,-10.364363616200754,-56.22391684168598,-14.394773160999364,-0.988956824515007
3.733555082371734,-10.357122275385038,-55.821615483591216,-14.815717015594672,-1.0049209091081468
3.804481712390643,-10.15441016962248,-55.06359060003804,-15.203902267667914,-1.0078653074481396
3.8115904856290417,-10.146448343595473,-55.02861543570511,-15.506994509456973,-0.9522237005747093
3.8126723564092813,-10.145236648321605,-55.02329263146634,-15.95046509941561,-0.9585934160412001
3.8589331213273947,-10.079160211984426,-54.660427826996816,-16.335040359683674,-0.9240740615079911
3.979415928092463,-9.93806962461804,-53.957900828287684,-16.76982356816906,-0.9176703527843824
3.9774173846151353,-9.835329768841387,-53.521777505784634,-17.169314072990773,-0.9418222281840485
3.9799653792744736,-9.830922426727938,-53.49712393583752,-17.50752580672942,-0.9703691135693822
3.987824818683242,-9.817327720723583,-53.42107854912566,-18.232641334482608,-1.0666449153832935
4.027465495399297,-9.748760063701218,-53.037528217656806,-18.580764265387728,-1.2775891174074523
4.071114162140039,-9.59508080064167,-52.31735359145958,-19.010722460610097,-1.2292698840837806
4.072179005977962,-9.593182600756675,-52.30564030924241,-19.37341201490821,-1.2452457765517946
4.097379783513167,-9.548259475585223,-52.028431756355154,-19.712720796707174,-1.1459488982946509
4.136686006788859,-9.489760805561456,-51.66990527705887,-20.134559316592217,-1.1617806647872093
4.15771484375,-9.413946082452874,-51.241602176108735,-20.566582858275027,-1.192830650984618
4.160425727770093,-9.404497251465294,-51.1815645962461,-20.97887424973611,-1.1812965783069118
4.233677194162871,-9.276848182599341,-50.41431454077712,-21.375710836591082,-1.1056624346442543
4.236716501390209,-9.27144496975074,-50.39754206755959,-21.87001750137226,-1.1074489827722078
4.2788234987250515,-9.18678886070957,-50.09343341259723,-22.26104915241666,-1.0744334959850461
4.2874112621663905,-9.114651647802319,-49.62969418676491,-22.678315737349294,-1.0745879326493444
4.334692657399039,-9.022097457340719,-49.21975661614757,-23.099199984716705,-1.037622275610857
4.337642199618017,-9.017224300631103,-49.20052047124119,-23.578423817456454,-1.0085853935949498
4.352184678019192,-8.900201401692927,-48.59485669444561,-24.010097934673553,-0.9957943344034389
4.3448271230371835,-8.781755924875945,-48.07357712368764,-24.3906407893748,-0.954015651884372
4.343536758229774,-8.723500476171449,-47.8224695145174,-24.771219323024553,-0.9154239159316696
4.368692302193219,-8.6589710373087,-47.53044646068089,-25.25269225954007,-0.8494244916333561
4.371016837801187,-8.653008098140434,-47.503461634275354,-25.708391112699672,-0.8815681928956677
4.393789508390441,-8.594591247498435,-47.23910063221749,-26.119784012212378,-0.8573166858886185
4.409147485965022,-8.533352964041239,-46.89055864038108,-26.640280473367284,-0.7652347313291801
4.407439377960911,-8.437698915811003,-46.42082893925046,-27.05705337067515,-0.7033237497685558
4.414681566002134,-8.246496230532623,-45.61107578598598,-27.461877396749742,-0.6698046342097248
4.4161060604361095,-8.241922853665649,-45.59293222530061,-28.30995404792307,-0.5876703116819192
4.4277277198875895,-8.085298157731113,-44.842650819562046,-28.68261212313861,-0.5425513024406757
4.427190963333875,-8.083616320529476,-44.83538671420178,-29.096494165070737,-0.4590700174169692
4.409321234049133,-8.027624502103953,-44.59354971121494,-29.453538655222687,-0.4863155876277963
4.404559580120158,-7.964830645650477,-44.29433531112858,-29.810220327203226,-0.3975153060004267
4.421787853438126,-7.9156644744211615,-44.00570046786429,-30.156038199486673,-0.36336368256195717
4.404397802886423,-7.8689349418319825,-43.74314057382825,-30.486670039529216,-0.2981116251512657
4.403854277818417,-7.867413071641567,-43.73406370519256,-30.804939853064766,-0.2544685592455536
4.3867213064463355,-7.822393447316754,-43.50270216377618,-31.116765085001617,-0.1847585504457067
4.35721742909096,-7.760191378011441,-43.292341828769445,-31.350747863308385,-0.1618180489438131
4.348866645813616,-7.742971458431919,-43.1540212096741,-31.693029902708986,-0.08469956093558334
4.350552584406633,-7.734541765466834,-43.03937738534894,-31.923180146188983,-0.07675327275280204
4.349016482032891,-7.690430246920947,-42.82680234240739,-32.1864383504186,0.036440881075497124
4.303646179369147,-7.627258995942483,-42.569288728328274,-32.392847944788485,0.046194879182289886
4.299157394554649,-7.623349409168565,-42.55509837633405,-32.62735638431144,0.14628011984055783
4.282475065561184,-7.597093417831645,-42.41462400785737,-32.861165687597364,0.14624758031477952
4.294817643935466,-7.59339064431936,-42.34550556896139,-33.050666869365244,0.20093280801838853
4.267876610587058,-7.532360126223036,-42.21074121999499,-33.249730179380165,0.27844720188502614
4.25343936967654,-7.493563641876659,-42.05536022322429,-33.45898296206205,0.27816932897316654
4.233085964257358,-7.460541308658616,-41.918883993553585,-33.61462001324982,0.31375157102933615
4.197360329832281,-7.441827881102624,-41.83212173852125,-33.79608679524179,0.38087694184238713
4.1986954893051935,-7.414027997547623,-41.694163425238116,-33.9385534268352,0.379979692869679
4.19907946821068,-7.412620074894171,-41.68712381197086,-34.092424015596876,0.4498325777111116
4.191843423852562,-7.351067169453802,-41.58682242164942,-34.24599016236209,0.43117484310024856
4.150923434304319,-7.345423032964389,-41.513448647287056,-34.338426527878,0.49620420834558876
4.1308698650241045,-7.342657023408497,-41.47749052306046,-34.45779323178938,0.49860562484695403
4.133050393846479,-7.264346217322637,-41.245054719714794,-34.58227450584228,0.4609568855048565
4.132182470224722,-7.261122501013252,-41.23637548349721,-34.67942266647461,0.49216950278159144
4.123910010999214,-7.2263799230055,-41.13490815378143,-34.808993054679746,0.5532570879573581
4.124178446960992,-7.2245008712730545,-41.12417071531031,-34.95509616418781,0.5417828196584307
4.126929618195885,-7.2100079511082305,-41.04591508091305,-35.07554657749044,0.5681063359786916
4.128238006416488,-7.2073911746670225,-41.037223644876185,-35.18903682279229,0.5400040752093112
4.141274974303861,-7.181317238892278,-40.95062092962435,-35.31911939586864,0.6067864538844983
4.15192675974301,-7.155898922885484,-40.78301917493293,-35.38921291783285,0.6432066022243925
4.150858773783889,-7.157500901824167,-40.77754574689243,-35.540099983577065,0.6264886120266608
4.1209422205224895,-7.151654723062681,-40.64031029850072,-35.63922224856353,0.6370503226319132
4.119987090888051,-7.150626121917901,-40.6361958939216,-35.72364209073504,0.7010107329044113
4.10888671875,-7.145795880963032,-40.57056889134242,-35.842438681687725,0.7375628967601809
4.111810023488562,-7.145524833197168,-40.50401050177015,-35.90645010546413,0.7382097333202172
4.112142217208853,-7.1446389832763915,-40.498584671005396,-35.99537683150787,0.7975627059391625
4.116994076620471,-7.123999823494117,-40.42233966724412,-36.032629151598655,0.8141943698010399
4.12109375,-7.07275390625,-40.37109375,-36.193075683011216,0.9963497926783231
4.1234991884903165,-7.06553759077905,-40.29812878246039,-36.27812626355771,1.0251648323116918
4.123845386773768,-7.064498995928697,-40.28762743452905,-36.34047132820278,1.00982038680897
4.126956013424296,-7.055167115977112,-40.19327175946303,-36.428520396284995,1.090532331183
4.12841796875,-7.035310888538697,-40.058916405475145,-36.550489743013514,1.1157618149296151
4.123698574550323,-7.007407901551132,-39.96907881025162,-36.61258096691117,1.1362567690279588
4.11865234375,-6.98974609375,-39.94384765625,-36.702874173702696,1.1817728978407813
4.11865234375,-6.98974609375,-39.94384765625,-36.780678440948805,1.2231153398611991
4.1285446684755485,-6.963778741345434,-39.87212830198977,-36.91547106672411,1.298043514525667
4.1281584116676235,-6.933463971458812,-39.740424137575346,-36.959100457433124,1.3089231242670218
4.127503632677956,-6.9331365819639785,-39.73638633380573,-37.1184393974069,1.3650097683641127
4.143875155121841,-6.9640092650045125,-39.65245868118231,-37.15566278068617,1.39529226287704
4.169530076183048,-6.976719219526781,-39.60393354373808,-37.32507193439483,1.4695533578342488
4.190606408468613,-6.968288686612555,-39.58145212263348,-37.36084633004393,1.534834187748612
4.173548627296796,-6.965938847104679,-39.56631869703509,-37.374262697761466,1.583940344295525
4.147080999673741,-6.9607008467688685,-39.54455192036556,-37.41322871614759,1.5745806508677156
4.161029855144797,-6.953092380148292,-39.548356153675854,-37.43013733383947,1.6289793518168756
4.168065874063352,-6.960306193588215,-39.55263725093665,-37.45246948803867,1.70585669881849
4.159623195348861,-6.97998046875,-39.561079929651136,-37.46873458399939,1.7251664081917997
4.156762711686787,-6.989660750964118,-39.580322429367875,-37.451379978150825,1.7338330171977236
4.168655746220586,-6.996419656802946,-39.600658618547065,-37.466640421278754,1.7583360734821487
4.170739982129013,-6.992668032167776,-39.597323841093576,-37.44247064288605,1.809881032458532
4.1712325466313285,-6.990405688944225,-39.59491501826978,-37.416078097793616,1.842072955608586
4.116535867235901,-7.022312085258225,-39.60403113150235,-37.34928521259729,1.842370849480345
4.1422798564109975,-7.029205471094629,-39.644617830319184,-37.31471994936203,1.8734699815275222
4.1481817278159,-7.030298410243685,-39.65292416785201,-37.30772317520504,1.9162968197022316
4.168147527979242,-7.033995780644304,-39.681024182896714,-37.23852910288612,1.851230903654563
4.208148672968245,-7.0683888085306785,-39.7086500941873,-37.220120356789195,1.9378481437195165
4.197919395072794,-7.073696176176313,-39.73949786051581,-37.196004578414346,1.940395031796716
4.180745244870389,-7.068467618160518,-39.784860955363904,-37.10692926420603,1.9076961391529015
4.176448204718714,-7.062738231291618,-39.85218125107349,-37.148017716764116,2.0154213656703575
4.1760582919353135,-7.062218347580417,-39.85828988468009,-37.04753314077695,1.9862468712895658
4.2032991526552035,-7.07954318510347,-39.93016954028454,-36.98985159598405,2.01003880127378
4.18883259399497,-7.1327503199616045,-39.99974339016818,-36.92964348794396,1.9590959143836506
4.206038634738832,-7.1690741837542,-40.08959715849723,-36.88829504515945,2.0084660519627757
4.194096074585856,-7.188320231612376,-40.19058819613133,-36.80680011532105,2.0252320763003144
4.205274858687167,-7.2231472946694915,-40.30782063234879,-36.66226526863427,2.034002800549164
4.224754924168502,-7.261025199772087,-40.41928989593643,-36.59474615056297,2.1003086207354587
4.226291276502691,-7.264012551533009,-40.428081245404286,-36.44502863588055,2.07009295016718
4.231969275961416,-7.286407000481507,-40.53877891539064,-36.382691477609285,2.099651384274162
4.234979070802958,-7.305552097297114,-40.63262134133254,-36.21835584630358,2.098258561787389
4.252819867725333,-7.389889326580379,-40.856520876565135,-36.02451559330025,2.0651221163483195
4.237610163208307,-7.464130973347282,-41.07605261650367,-35.869646284484205,2.114015748584992
4.230999453881483,-7.488026455141597,-41.166418672382775,-35.66950063514989,2.05476572307558
4.232279257237366,-7.489404704909471,-41.177444670525766,-35.50486557294016,2.003270313870295
4.25515995210323,-7.514045453226555,-41.37457065706244,-35.295281129949885,2.0633368862884147
4.239872133379663,-7.576147285750937,-41.565658724202436,-35.061350659163224,2.0600428546026905
4.263811466521675,-7.618861731032512,-41.78011365884731,-34.89943492874748,2.0452178796121774
4.27438021865677,-7.774665436847388,-42.40690259151248,-34.67683788358231,2.033361102505063
4.275146494352549,-7.780029366717837,-42.42529320821116,-34.43586563218122,1.9948883850205195
4.284971585539356,-7.848805005025492,-42.66109539669454,-34.21264512017129,1.9545389017387098
4.285800121135416,-7.854604754197914,-42.68098025099999,-34.02825530956383,2.0089085631284367
4.286059936488516,-7.856423461669612,-42.68721581947439,-33.730383373509866,1.9343633237851015
4.294061993850924,-7.892352519859356,-42.914800803632474,-33.47658915657364,1.898174878404224
4.303695168031319,-7.931955569267646,-43.19523320755062,-33.162210127649146,1.9011401959241516
4.277388836996374,-7.972882714650297,-43.472954448217536,-32.9414710563006,1.860198529470906
4.272270916871685,-7.975915556205668,-43.492478365730236,-32.69357323057923,1.8757420423104851
4.244944541418112,-8.032334598698482,-43.75307585412148,-32.40488056975009,1.8756814305570064
4.2578125,-8.095973929873708,-44.08573668981975,-32.11235344600212,1.842973470731134
4.2578125,-8.157691717529922,-44.33672235962168,-31.826449709070346,1.8155549911176907
4.260275516279415,-8.22775516279415,-44.61589999904424,-31.558582411741128,1.8530348417495588
4.257624955308499,-8.309544142699963,-44.94684753999889,-31.241925910926795,1.7952507109368758
4.254871639624762,-8.321704620303136,-44.99984886691084,-30.918496295268213,1.8127377854798425
4.240707027525708,-8.384264990407289,-45.272517649817615,-30.628646632737215,1.8278125500933156
4.256412697574807,-8.483938563284266,-45.594569614955354,-30.320488474394637,1.8172741497969656
4.24088551299089,-8.567707989318249,-45.99828921986626,-29.963643912479625,1.8158059903641872
4.237160434277081,-8.652632313606011,-46.445634502307136,-29.65020185713415,1.86986918771682
4.259545851330907,-8.825338773488204,-47.344191431601914,-29.235933138509537,1.8135062544417118
4.258668726566611,-8.833984717593404,-47.381030671702334,-28.836090574431793,1.7994027447527174
4.258323991953166,-8.837382815925935,-47.39550952546702,-28.42576825040537,1.8026494810676361
4.249446026464655,-8.924894190026968,-47.76838407598448,-28.017062091540325,1.8259456116834836
4.242021595177859,-9.022804126897425,-48.219591203331035,-27.569723127012495,1.8224766183438414
4.238809996753775,-9.123969477256066,-48.74629334488079,-27.14887091051206,1.8067682712117508
4.215493076593783,-9.274705796397523,-49.250281443460224,-26.662178576466303,1.8443049393024058
4.222739259527573,-9.279923048109852,-49.29897579277529,-26.139617394015232,1.8007077008326449
4.236336836041864,-9.444485287681527,-50.11211552743633,-25.646743343089796,1.7879342161626186
4.234195687201047,-9.452782239439692,-50.143608258303345,-25.10639921579954,1.8152437665638823
4.209341994113397,-9.550243825176386,-50.52733578077185,-24.589330787746604,1.764972405881313
4.189883448054049,-9.643043114638543,-50.9968972203177,-24.060920962372435,1.7396742817192292
4.169578218407186,-9.763182390049149,-51.53498580595957,-23.56080289398615,1.7312169710399044
4.167628223029397,-9.774719862701065,-51.586660683470974,-22.947699849194052,1.7025346388439322
4.115432563420295,-10.005180898959095,-52.92196851206672,-22.41972923513103,1.6729205876986655
4.110437214908771,-10.020523755101632,-52.97763096690941,-21.872433577220534,1.649476045325791
4.1085960007202305,-10.026178912966435,-52.998147353581714,-21.348536759160126,1.6851951764869757
4.076658925633576,-10.126957227054747,-53.448267210033954,-20.848915946106274,1.6506365240842322
4.055952522408158,-10.195978571139474,-53.86929740895079,-20.30539826076722,1.6462786279947976
4.0540399393825695,-10.202353847891434,-53.90818659713775,-19.732253410503233,1.6910205923812036
4.017547171661698,-10.32430938811686,-54.37655341320316,-19.275383362741877,1.6687106511209446
3.943798443446607,-10.497119525303393,-55.050985722473456,-18.769574705193307,1.7172706404336642
3.930598985328308,-10.510318983421692,-55.212979072107125,-18.300646202709615,1.6618652968898338
3.8965487447187286,-10.555083088855032,-55.451831738483854,-17.85463278012128,1.716468565690328
3.808409715918914,-10.682003290326763,-55.88547576017894,-17.4569059893025,1.7544191391575406
3.8011918654910097,-10.692396994942946,-55.920987584284234,-16.893070536811408,1.8005898666101743
3.811323924731183,-10.76618153561828,-56.31683677755376,-16.516268928327904,1.8350195056989476
3.7163259878488337,-10.849908530836622,-56.69521839055973,-16.067176954134425,1.8472189513050945
3.648591525487571,-10.95315514129436,-57.11265137027495,-15.637187131054603,1.8770365309850963
3.636982206524907,-10.975909406461183,-57.20134656714971,-15.259093912467648,1.9533600889156966
3.567482484590023,-11.045210252114392,-57.56918810923165,-14.822466388333822,1.9909443960522855
3.563168117300792,-11.048890153625795,-57.590506159366676,-14.469771158160526,2.0121527981588962
3.5283621261004403,-11.145181900885355,-57.850401488720486,-13.96786581219061,2.0356771011712715
3.5004873376837264,-11.207399269439524,-58.040655468612755,-13.613811663955104,1.9814948941014046
3.4731445026570826,-11.259806369907258,-58.21610532670039,-13.20743616225235,1.9979851037248357
3.399523871240485,-11.304949618877213,-58.425677986151335,-12.882065050650098,2.075678742439111
3.3179304313611877,-11.361421658203614,-58.709375605610674,-12.480753667800272,2.1405863814931902
3.3144270653893133,-11.365508918504135,-58.729519959948945,-11.963124361539897,2.197641201719054
3.275723938693524,-11.390317091931605,-58.817461563181084,-12.669342292286686,2.616575993114109
3.2090292334105444,-11.436423015830941,-58.97121281594594,-12.499714342714114,2.7344281503836627
3.1267162802386466,-11.499204081809507,-59.1749024966764,-12.166175431427305,2.7498577332805625
3.1180658072882683,-11.50580190016149,-59.19630875177395,-11.76348696054805,2.8166921136640513
3.0280862086935065,-11.583647776000545,-59.44495928375136,-11.564264165958477,2.9591970965537238
2.9982328363030466,-11.602056625748096,-59.50158120239391,-11.281431610830282,2.9458843480260897
2.8818062881006457,-11.694318894931866,-59.70581679192565,-11.06133920091041,3.026640207712837
2.874740917945404,-11.70009060576291,-59.71795728712198,-10.842696995690801,3.091573641608391
2.872267002413041,-11.702111550845684,-59.72220824057196,-10.637199285511528,3.1043492150668626
2.8154788307957803,-11.748501888223165,-59.81978791574528,-10.490638765226265,3.2345580708386072
2.7598796360293476,-11.772737170810784,-59.90040850241882,-10.283845513246462,3.2281613255286348
2.755465850867252,-11.7744794544274,-59.90668072343864,-10.081758382898073,3.366883555000451
2.7140176819142514,-11.794778740187198,-59.96420497433575,-9.865931241075842,3.321112451462068
2.6981020720108697,-11.820243716032609,-59.98012058423913,-9.655890315380404,3.4512060095474353
2.6475645245883217,-11.838558625700124,-60.02402790202826,-9.410888819551118,3.576589085960841
2.580908064048494,-11.860405556908143,-60.08389360712752,-9.275453528424734,3.59801003332998
2.5764477986970657,-11.864096810992084,-60.08881527923945,-9.055944108534064,3.6866732826930035
2.5317057618905503,-11.901124703521614,-60.13818580261215,-8.882485523379998,3.7683413660285834
2.366012111610793,-11.92587760203734,-60.182695573342535,-8.725620116420146,3.8301600608990705
2.29924238476506,-11.978125929192517,-60.17756641403513,-8.561350162941537,3.8865333762730634
2.291491710598219,-11.980527546539989,-60.17942220925817,-8.372135430096307,3.9748909529138725
2.208557825408242,-12.006225370119981,-60.19927961838817,-8.203655670563478,4.039748299972172
2.1806587416171768,-12.01487015664679,-60.20595968070434,-8.053210678010316,4.137863467169718
2.130789927718382,-12.03471337658798,-60.22466279598586,-7.951190425426205,4.277587831399679
2.0948607869267355,-12.058205507105596,-60.25230059659482,-7.923911071279832,4.246556068359099
2.051268137898899,-12.09476041504436,-60.26751320661348,-7.824631209480231,4.373540059834029
1.9970861997315694,-12.140230361167818,-60.2751874529328,-7.589542138060608,4.323156191553602
1.9259478916844222,-12.169415308058955,-60.28795586719767,-7.450035037983525,4.5157231298374825
1.9203115119166947,-12.171727668989305,-60.288967525104695,-7.338572502181194,4.571333018744444
1.8960120727673058,-12.186442269451925,-60.31951552557501,-7.240745858459235,4.626731921531304
1.7953097702040126,-12.195911133853185,-60.32020546958255,-7.124743286244978,4.685271691667109
1.7922167352344454,-12.1952081713601,-60.31964309958808,-7.0241893968414075,4.800505483581104
1.767611190042057,-12.202817640678237,-60.305208846292054,-6.921953043579322,4.785705110458313
1.737458956585188,-12.241881455787121,-60.27746007530327,-6.797892926630212,4.87848421708115
1.7320495627736228,-12.249351571050711,-60.27256586185471,-6.72285995983988,4.902692921595586
1.707259273029747,-12.273286749555178,-60.25314870305086,-6.6147061529169235,4.956931509954811
1.6812076295682787,-12.24962308308085,-60.244276120419926,-6.492424123404263,5.011990937324634
1.674084257430532,-12.251927703478357,-60.234219595048984,-6.48295196291609,5.077478752075125
1.628711542159833,-12.266607111360054,-60.17016399701976,-6.399290146646152,5.0985168043191065
1.604739995368516,-12.273801877315742,-60.121509077552325,-6.2863707287229715,5.192393884052882
1.6112960488433807,-12.270523850578309,-60.100201903759014,-6.236748181739998,5.25801457894901
1.6104991269077258,-12.270922311546137,-60.09636716483477,-6.144632699376984,5.221363971504059
1.5994879442935261,-12.276427902853237,-60.046816843070864,-6.08370884338062,5.369770975885418
1.589385487962296,-12.28606076639049,-60.005937424951966,-6.008759153811724,5.365888749946865
1.5726033374657444,-12.347802549588934,-59.950728707037875,-5.981212659228447,5.367623339894011
1.5727698573230675,-12.349800787876811,-59.94689875031945,-5.892509850505547,5.40799150633266
1.5729234209159815,-12.35164355099178,-59.94336678768242,-5.759016763052301,5.46137417918976
1.5743576369065095,-12.368854142878115,-59.91037981990028,-5.701142325836784,5.529240497175902
1.5441833459450671,-12.362872313231689,-59.875889889402394,-5.638957731737932,5.551139049219981
1.5128440856933594,-12.363134557550604,-59.884373751553625,-5.581578584036478,5.647296672798949
1.4985729633600633,-12.384701643736816,-59.88525390625,-5.536996636716893,5.668322814023803
1.496521139991004,-12.388173960207531,-59.88525390625,-5.5032220997485695,5.7546986052150695
1.485243594118377,-12.40725903783813,-59.88525390625,-5.483454796551555,5.730834691877517
1.463548721095878,-12.418763683767125,-59.879939417448625,-5.40625334486711,5.736639263965219
1.4126495514606716,-12.425843590862762,-59.86083636186597,-5.3177911064927486,5.798456606376719
1.402286175100857,-12.418830162701715,-59.87425373709657,-5.279212861485277,5.7814670740153185
1.3984399381355803,-12.422312080402813,-59.8925537436442,-5.1940117894261135,5.7749505353005555
1.3979729261496265,-12.432119332107844,-59.89722386350373,-5.181723146514855,5.856181829807471
1.3967862677226688,-12.457039159073956,-59.90909044777331,-5.093456773484192,5.824911707322694
1.3784732397019424,-12.482515737504187,-59.91548646286839,-5.09278560471121,5.8912249621085815
1.356657831437681,-12.50090978597594,-59.919280785037536,-5.025772557538701,5.92134859622533
1.3517888293340088,-12.452163680955652,-59.91460164728763,-4.962634003097207,5.954679874919577
1.3601437924570876,-12.479388302478544,-59.9072265625,-4.945200265755673,5.9541257572451265
1.3551493321668355,-12.476891072333418,-59.9072265625,-4.940519052303756,5.930248106451395
1.3283613224390465,-12.541267583810953,-59.8678132133287,-4.879522443740711,5.979579945416491
1.3298441124795306,-12.539784793770469,-59.86700441876116,-4.828204471288117,5.974880190887813
1.3427085820937954,-12.526920324156205,-59.8599874353352,-4.8156137426009025,6.013227676275255
1.3452761454353166,-12.524352760814683,-59.858586946239825,-4.784431640763401,6.02930871194038
1.3483341222593705,-12.52129478399063,-59.85691895888125,-4.73488298955651,6.057598818164357
1.350639517087799,-12.51561241954051,-59.89001697911491,-4.7385019080858655,6.041004308910352
1.3476997444260594,-12.51332592969249,-59.893610034590374,-4.712807925065491,6.086090249051113
1.331560800142079,-12.503811843252969,-59.91620810440347,-4.686509247491401,6.0161557473622835
1.3381525395376632,-12.529080177602708,-59.927194336729436,-4.709644878125687,6.024646699172398
1.3234871874896228,-12.534348641827721,-59.89856757213215,-4.659685448104156,6.070599341511597
1.3204961121695888,-12.534578724544646,-59.903399309187584,-4.657149337226954,6.062846842292375
1.2905713304785755,-12.541869510227771,-59.950037931412695,-4.655263590828227,6.037203575388481
1.2761674110407177,-12.564275607131105,-59.966042286343644,-4.622338926997912,6.01547105764926
1.2746525619698743,-12.566632039019085,-59.96772545197792,-4.5997008693612,6.0436469283818255
1.2866995891731419,-12.576156029585688,-59.988107682090984,-4.581706042932666,6.019586195815733
1.2982341156661221,-12.581754424917756,-60.00006536891449,-4.568609892370461,5.9967395307559865
1.2960982454968886,-12.586026165256223,-59.99368543763589,-4.522172071408065,5.979002816517748
1.2952101286034263,-12.587802399043147,-59.996793846763005,-4.499627566139608,6.007461514094586
1.2844780581934812,-12.608960391926392,-60.025324729066774,-4.4150999748944315,5.979324213316085
1.274996302568979,-12.62656936665761,-60.01855204647784,-4.414735620898071,6.006312501007419
1.2638650252499173,-12.61830351956223,-60.00898221274992,-4.378171102977163,5.974775572986366
1.2555880694905803,-12.60776550575628,-60.00279403474529,-4.367781873464935,5.964717785473015
1.2494293539206653,-12.611871316136224,-59.99971467696033,-4.314048941472194,5.969199030019134
1.2491807321848556,-12.612037063960097,-59.99959036609243,-4.31766076685642,6.053491522429472
1.247741559641457,-12.615402186785364,-60.01068045445729,-4.312332015887961,5.951195790045063
1.2598248695558674,-12.620332445399189,-60.04683599666417,-4.297978018030307,5.9821382195536
1.272371853929799,-12.606143977640798,-60.138612485953196,-4.246748844149735,5.9506280347310065
1.2512204832577225,-12.646484814734555,-60.19408805913128,-4.255106737574309,5.95518876955068
1.2493391118792325,-12.658787298955982,-60.233905897291194,-4.225183424365454,5.936089687298971
1.1705627763661564,-12.650619555174234,-60.31888581127904,-4.285961749197,5.93666172326046
1.1700697257375263,-12.64987997923129,-60.31876254862188,-4.231470620463426,5.939282705405925
1.16846682781151,-12.647475632342266,-60.318361824140375,-4.238495440318417,5.898349765314362
1.1674958725539533,-12.64601919945593,-60.31811908532599,-4.150051890878856,5.878407378537258
1.165587476591374,-12.643156605512061,-60.317641986335346,-4.171644768555382,5.822421562317921
1.164801173628069,-12.641977151067103,-60.317445410594516,-4.012069446155252,5.772315123904217
1.151751872954992,-12.656533622177509,-60.36217899153253,-3.975017717599144,5.773414216825543
1.1502994271827807,-12.659882656548342,-60.3706377609139,-3.676831667746498,5.706554348522236
1.151337268513496,-12.662996180540487,-60.37582696756748,-3.664472445000385,5.643543769747903
1.15157501003515,-12.66370940510545,-60.37701567517575,-3.587119046756669,5.60086393335378
1.1536580915617405,-12.677848102503038,-60.3987017296913,-3.533190698200073,5.584685577608612
1.1535840883983146,-12.67814411515674,-60.39907174550843,-3.477798422618605,5.6173095998615965
1.1457537529141202,-12.68233017497519,-60.40604873127481,-3.4579494294481066,5.5935370066028405
1.1126321438626126,-12.677896783502252,-60.40820101351351,-3.392141500572677,5.596484087582744
1.1260236990317245,-12.672610367908232,-60.38049463707912,-3.399594409398631,5.570488779551895
1.074924657575905,-12.669416677817244,-60.37889779203362,-3.324678376130379,5.543540030128963
1.0849763264094923,-12.67048951236276,-60.37841796875,-3.2752253704429393,5.516610494322644
1.0868305425334885,-12.67063784965268,-60.37841796875,-3.2322081402575833,5.535858752352755
1.1186258429476763,-12.6722312533007,-60.377467748364886,-3.207773352091081,5.641514820210285
1.0770252103259916,-12.709900095154001,-60.36465560147201,-3.1831338733209975,5.650320999248223
1.0760544749802563,-12.710061884378291,-60.3655454422056,-3.1425866435184417,5.636304728506747
1.075422057355651,-12.710167287315725,-60.366125158361484,-3.079806210890652,5.648792809373771
1.0746775527048964,-12.710291371424184,-60.366807620958014,-3.0779436618277884,5.5912568101761595
1.061114954437809,-12.71030989368822,-60.37602659725082,-2.9819128700597304,5.678156513144255
1.041600251188922,-12.698067710276016,-60.362675132879524,-2.9632559971398535,5.629764498582173
1.0057678814209563,-12.706072986215808,-60.391004645770515,-2.867891119407048,5.66033842488309
1.0092120362642687,-12.705384155247145,-60.391417944351716,-2.725232121340028,5.550319996869151
1.0216346558327052,-12.702899631333459,-60.39290865869992,-2.664078913975075,5.508190827858968
0.9917225682289366,-12.718788434536757,-60.38768250098775,-2.6420847008145074,5.6508582462362975
0.9512833289055447,-12.739344323359445,-60.38137844015667,-2.6510746579462108,5.710263599820393
0.9183693890595556,-12.746741903487163,-60.39586800426694,-2.552506301581957,5.661494764858886
0.8759129586531289,-12.769603058321392,-60.39750094389796,-1.5690999859108672,5.441358515413911
0.8383993990869653,-12.77352814139427,-60.38266924718775,-1.3726274947064354,5.274852151574423
0.815562100327983,-12.74466616077809,-60.39254087047191,-1.3022489121236305,5.309152430237751
0.8161418537910436,-12.741622455097021,-60.39558457615298,-1.2449049979075681,5.340091539759526
0.8090098305315346,-12.718111895433076,-60.40617779928154,-1.3054989065425957,5.426997753771817
0.7877055477612238,-12.715068426465889,-60.38487351651123,-1.1006132637096329,5.282555179510442
0.7605012747156586,-12.750443108033807,-60.39042065285676,-1.0619301908576801,5.32184963074273
0.7506990428436062,-12.77974778936073,-60.39937669561073,-0.9871861651746485,5.373097571839633
0.7589819451740243,-12.783512744965465,-60.40588556673619,-0.8827758481495067,5.372427550539314
0.7571583567160065,-12.782683841120912,-60.40555400519836,-0.8726993488007224,5.329281284784175
0.7421875,-12.77587890625,-60.40283203125,-0.8315808911010976,5.372997834991979
0.7354334929125691,-12.78118562610441,-60.39897259862861,-0.7496844021742959,5.366835628408387
0.7086065347456976,-12.80226395037838,-60.383642908247545,-0.8023181235786438,5.3301798728985865
0.6827821793925333,-12.81714902248998,-60.386904443122496,-0.6798725568773705,5.330212139788477
0.6758143101732229,-12.821130662043872,-60.38789985301097,-0.6935833433967105,5.356656715339743
0.6575781526143708,-12.819433179534437,-60.39398448545748,-0.6134332721072155,5.338972144383992
0.6591159772015754,-12.796365810726368,-60.4001357838063,-0.6080911358357071,5.421932309498227
0.6776043300651724,-12.788968647237844,-60.402388529539394,-0.5622769518535193,5.37474819650741
0.6535911902491023,-12.827989999438959,-60.39938688706239,-0.5565919340329657,5.358592738407126
0.6472675396883459,-12.798354525408772,-60.396223320103886,-0.5079087734901861,5.371999624008535
0.6582747765157045,-12.794430701619463,-60.391480215220135,-0.4984399873424934,5.333395728468293
0.6710471989186202,-12.817653287806582,-60.38567456867335,-0.4819484799676985,5.38877233481269
0.668937324555696,-12.826100979400813,-60.3759685745557,-0.48356076875364806,5.367108316707627
0.6679889377137864,-12.825965495566255,-60.37502018771379,-0.4702397562237479,5.3484402632921855
0.6646689381233674,-12.818607863890703,-60.36743077097186,-0.44970291745448776,5.308298641189936
0.6910750433918699,-12.81352323493916,-60.369439966726354,-0.4286556663890764,5.338914760038851
0.6945076844818056,-12.81723802521361,-60.363479956677224,-0.4719951930751165,5.3325559972226575
0.694427975801494,-12.817078607852988,-60.363161121955976,-0.45523154718844694,5.3322290784241675
0.7116871864679805,-12.807443665194917,-60.338892742603115,-0.45434430492053934,5.348971525819987
0.744721982523375,-12.796882633294375,-60.3096862886565,-0.46561694391954234,5.348108128838129
0.7406321145303039,-12.804732770859848,-60.32870382296969,-0.47601870309294725,5.435696219711648
0.7567791606104651,-12.796659247819768,-60.31255677688954,-0.5416476031451367,5.396921770983834
0.76316327435372,-12.810912624133039,-60.31414771831652,-0.5007085836216874,5.417740350529453
0.7630417684688945,-12.8130997300599,-60.31524127127995,-0.5136737686665924,5.419622737717011
0.7593757265189088,-12.836579344859844,-60.3271484375,-0.5474891698972613,5.461378811756196
0.7434770396003222,-12.817194656504833,-60.323692837550965,-0.5361033077733453,5.454168768089359
0.740483252854354,-12.77228785531531,-60.31471147731306,-0.5456529147123632,5.465802760052026
0.7410664222144898,-12.798199665755714,-60.3125,-0.5286449511659441,5.477242341499921
0.7589116830328396,-12.828893002790299,-60.307622113282086,-0.5281206070062865,5.490897330979076
0.7598121579201546,-12.828855483003327,-60.307359474773286,-0.5082656439298034,5.49056891281517
0.7987036179974243,-12.827235005500107,-60.29601613225075,-0.529457063935169,5.4652082309885595
0.7934281802540286,-12.80814586014436,-60.29441051295322,-0.5355671662431121,5.510483062353983
0.7725505504420322,-12.837374541881156,-60.277708409103624,-0.5151413324220613,5.513700961907657
0.7831494693753581,-12.850238112169139,-60.25870889113948,-0.5198943557384439,5.520544822589031
0.8093952526685869,-12.8515625,-60.23501993792123,-0.5003066980082167,5.605936111655075
0.8232180299051169,-12.8515625,-60.2012309268986,-0.5110897715715765,5.569011500708085
0.8236267234623856,-12.8515625,-60.20023189820306,-0.5269396473509573,5.610306141469875
0.8207686358392406,-12.849600190596925,-60.183561604589244,-0.6580184304285268,5.763069715334955
0.77392578125,-12.881365280684363,-60.139577939762546,-0.5437759689501434,5.677795625524194
0.77392578125,-12.881419807893321,-60.139359830926715,-0.5872338692570906,5.7714477797946975
0.77392578125,-12.882807538282409,-60.133808909370366,-0.5220572045302561,5.728726460750361
0.7720652046381409,-12.891673376003366,-60.12067247782885,-0.6088428100249956,5.851191371526897
0.7719800736071551,-12.892056465642801,-60.120161691642934,-0.5825678431816641,5.840707633407532
0.7692395287146124,-12.904388917659244,-60.10371842228768,-0.385350443747285,5.783560929162098
0.7255423390883237,-12.84605138827404,-60.03401042924313,-0.45618952010946145,5.95410131821084
0.6969964886509981,-12.904822256821475,-60.01721875251529,-0.42004841786459224,5.953131369970548
0.6869719257028735,-12.921987122050718,-60.00938583725539,-0.24633080589829603,5.868435499395313
0.6598626603655767,-12.915209805716394,-59.95855596474796,-0.3203626736551968,6.00061281998124
0.6588885975301378,-12.914966290007534,-59.95672959693151,-0.2748137603921492,6.071687541330983
0.6377422732147026,-12.935941234820595,-59.91951186160784,-0.09465338140911683,5.98210423922541
0.6198867297590168,-12.968656371099184,-59.886795081505745,-0.06853942334468854,6.012560533329499
0.6169677725665335,-12.936547841981868,-59.84447020221474,-0.04386490728107617,6.05127784767303
0.595218027464396,-12.911761512311257,-59.78788167708691,0.002868588390455784,6.100741437025295
0.5938339495217055,-12.911366061470487,-59.78570669746268,0.1011970045126418,6.168170028732854
0.5768712415510729,-12.926540350520172,-59.745753631742595,0.13184303262886488,6.145308885493719
0.5710533550745708,-12.95246156149646,-59.71909685679474,0.19550180556022667,6.139061762956121
0.5626045756952736,-12.98118741138607,-59.714027589167166,0.2515355816325382,6.1903082051237295
0.55908203125,-12.967869513633927,-59.71033315319587,0.255924477434462,6.304016535647793
0.5125130041194609,-12.963212893895106,-59.70339843531993,0.2820709312843519,6.323390858055034
0.5104613762754865,-12.96361429934284,-59.70313083168811,0.3277770365028516,6.296791242309804
0.47257762581194634,-12.987131482490835,-59.67639544584861,0.37279253057099027,6.368405624769356
0.47335993544827915,-12.987466758049262,-59.67583665325123,0.4448223183912461,6.338743460650849
0.4727972659530308,-13.01724189346515,-59.645930860359094,0.34196036682415354,6.50301590943624
0.43150743133721026,-13.017792234569084,-59.610766712199045,0.5160820191571958,6.420136308665984
0.38860532091320743,-13.011711282452517,-59.5794642031239,0.5973766138937009,6.469071922807461
0.39584683005093163,-12.997978591606522,-59.604628754286956,0.6078810993335253,6.473397762412463
0.3958764228539619,-12.998185741227733,-59.604214455044534,0.597281859464232,6.5948889450069395
0.39752122283860564,-13.009699341120239,-59.58118725525952,0.630167325028836,6.544252711227461
0.4071020553790019,-12.989813220927495,-59.554601430084745,0.6298576208297391,6.635084761122938
0.4574673678273713,-13.02613047621095,-59.53736094496095,0.6244745474773481,6.600146145416993
0.47868049302970217,-12.998288249382892,-59.50951871813289,0.6156728824385596,6.647832363588368
0.5012927875670647,-12.979233840315036,-59.48477699024797,0.5746518068203414,6.697410700209125
0.501862364518432,-12.979550271954684,-59.484523844936255,0.5463508293162249,6.719776960886948
0.5315310701691762,-12.996032886205098,-59.47133775353592,0.5125783768088468,6.699506310315272
0.5946985114599254,-13.0460451018582,-59.4677734375,0.3135805775989837,6.802665036114519
0.6213497205226701,-13.015193911413173,-59.43458372564713,0.2736323326164296,6.839304986390064
0.63720703125,-12.99560546875,-59.4140625,0.20421529087066403,6.89426942447631
0.63720703125,-12.99560546875,-59.4140625,0.20348084316619008,6.953981610490363
0.63720703125,-12.99861516006226,-59.421586728280644,0.11586993319664884,6.9259618077654626
0.63720703125,-13.002867528357216,-59.43221764901804,0.10238292598302223,6.9436378583822975
0.6616971720663635,-13.00537109375,-59.46051768923473,0.07782885075324941,6.990447737420388
0.68603515625,-13.00537109375,-59.482421875,0.031392957028913315,6.934676718779235
0.68603515625,-13.00537109375,-59.482421875,-0.041703224415883255,6.983871920449212
0.68603515625,-13.00537109375,-59.482421875,-0.04808349645023213,6.979977486975201
